customer_id,first_name,last_name,email,phone,registration_date
1,Захар,Матвеев,kozlovkir@example.org,+7 819 600 13 38,2024-10-07
2,Трифон,Дьячков,evstafi_2010@example.net,+7 (794) 026-5423,2026-03-10
3,Мирон,Терентьева,varfolome_16@example.org,8 940 781 6184,2025-09-04
4,Вера,Панов,florentin_31@example.org,+71316475255,2023-03-14
5,Данила,Тарасова,klavdija19@example.net,+7 (276) 483-5030,2025-07-31
6,Ферапонт,Носова,ebeljakov@example.org,8 376 724 2388,2023-05-30
7,Митофан,Быков,lzikova@example.com,+7 (871) 012-26-91,2023-11-25
8,Автоном,Блинова,stojan1984@example.net,+7 845 146 27 04,2026-03-31
9,Ярослав,Кириллов,praskovjasisoeva@example.org,8 (932) 528-8095,2024-04-24
10,Изяслав,Андреев,gushchinmitofan@example.com,+7 (911) 718-2278,2023-01-08
11,Тимур,Лукина,ernst_1993@example.org,+7 (465) 787-1331,2023-09-17
12,Аскольд,Быкова,ivan_2003@example.org,+7 310 518 3473,2024-07-07
13,Евграф,Пономарев,ilja2014@example.com,+7 656 670 10 65,2025-07-24
14,Терентий,Самсонов,krilovevdokim@example.org,+7 (624) 731-78-10,2024-12-19
15,Гурий,Авдеев,agafon_2024@example.org,8 (736) 026-06-47,2023-07-02
16,Евграф,Капустин,vera_2010@example.org,+7 (098) 050-0978,2026-01-14
17,Болеслав,Владимирова,gleb_1973@example.net,+7 (191) 361-93-99,2022-07-09
18,Станимир,Евдокимов,gavrilovfortunat@example.net,+73534624751,2022-05-25
19,Сильвестр,Лобанов,bogdanovtimofe@example.org,+7 (513) 542-78-49,2026-04-18
20,Ладимир,Белозерова,avksenti_2007example.net,ERROR-PHONE,2025-01-05
21,Октябрина,Титова,ivannaandreeva@example.org,+7 (449) 353-48-74,2025-12-24
22,Аникей,Иванов,tarasovanatalja@example.com,8 242 786 8011,2026-02-20
23,Фортунат,Гусева,sofijapetrova@example.com,+7 (620) 450-53-31,2023-10-10
24,Герман,Уварова,orest_2024@example.net,+7 (226) 025-6342,2025-07-05
25,Ефрем,Власов,shcherbakovandre@example.com,8 (543) 303-65-41,2026-03-24
26,Терентий,Нестеров,mili86@example.net,+7 142 940 1965,2025-04-10
27,Никандр,Бирюкова,polikarp_98@example.org,83406088356,2022-08-22
28,Ладимир,Петрова,jaropolk_51@example.net,+76564823662,2024-10-27
29,Конон,Гаврилов,onufri80@example.com,8 995 777 38 72,2024-12-29
30,Полина,Воронов,sofon95@example.org,+73320037917,2024-01-07
31,Илья,Анисимов,nestorgorshkov@example.com,+7 163 287 0831,2024-03-08
32,Чеслав,Калашников,galina1999@example.net,8 (986) 872-77-43,2025-09-20
33,Изяслав,Хохлов,tamara87@example.net,8 (143) 455-81-22,2023-04-14
34,Орест,Нестеров,ekaterinagolubeva@example.com,8 (760) 366-9096,2024-04-07
35,Ольга,Горшкова,lavrenti_66@example.net,8 (937) 346-7065,2025-01-13
36,Владимир,Федотова,kvoronova@example.com,8 (069) 901-6272,2022-07-24
37,Макар,Муравьев,nlapin@example.com,8 464 170 80 53,2024-12-16
38,Евстигней,Филатова,simonovaalevtina@example.org,+7 923 271 9374,2025-06-05
39,Майя,Данилов,eleonorakosheleva@example.net,+7 (419) 049-66-31,2024-09-23
40,Елизавета,Цветкова,varfolomeignatov@example.com,+7 905 865 18 50,2025-10-04
41,Александра,Константинова,vatslav1994@example.com,8 (262) 849-87-76,2025-08-30
42,Радим,Мартынов,ljubomir31@example.com,8 (996) 507-52-73,2023-10-12
43,Кирилл,Кузьмина,matve49@example.net,+7 831 367 8377,2024-02-25
44,Онуфрий,Исакова,tarasovakira@example.org,+7 (495) 788-5685,2023-10-07
45,Виссарион,Абрамова,kasjan1987@example.org,+7 (518) 233-7498,2024-09-29
46,Зосима,Молчанов,shchukinevlampi@example.com,+7 (408) 240-08-42,2024-11-28
47,Кондратий,Субботин,varfolome2019@example.net,8 (752) 047-11-67,2022-08-28
48,Лазарь,Романов,alekseevaviktorija@example.net,+7 (186) 999-3867,2025-12-29
49,Якуб,Ковалев,hariton64@example.net,81334123281,2022-12-26
50,Рюрик,Логинов,smjasnikov@example.net,+7 344 713 4936,2022-10-26
51,Вячеслав,Баранов,gennadiburov@example.com,+7 249 947 1746,2026-02-17
52,Эммануил,Федоров,timur_1997@example.org,8 594 013 99 04,2024-08-30
53,Пров,Гордеева,olimpiadamiheeva@example.net,+72967175655,2025-01-15
54,Серафим,Игнатьев,loratihonova@example.net,8 807 154 51 68,2025-08-29
55,Остромир,Киселев,prohorovasofija@example.com,+7 (859) 770-3482,2026-01-26
56,Агафья,Журавлева,ija1997@example.org,+7 (248) 086-1317,2026-02-23
57,Кузьма,Волкова,polinateterina@example.net,+76773782639,2024-05-23
58,Матвей,Рожкова,angelinaegorova@example.com,8 (404) 499-7278,2024-04-18
59,Любим,Фадеева,ustin_86@example.com,+7 (396) 360-5766,2026-04-25
60,Владлен,Новикова,polinasilina@example.org,85171870262,2022-08-29
61,Болеслав,Артемьева,martjan96@example.net,8 865 780 9134,2026-05-08
62,Ксения,Комиссарова,kudrjashovvalerjan@example.net,+7 724 005 04 55,2024-01-31
63,Елена,Кошелева,tarastihonov@example.net,+7 (221) 969-37-92,2023-04-16
64,Константин,Мельникова,rodion40@example.com,8 (217) 594-6474,2023-02-27
65,Изот,Фадеев,eartemeva@example.org,85944064090,2026-01-01
66,Эрнст,Исаева,konon2013@example.org,8 339 421 0470,2024-09-04
67,Макар,Михеева,annaburova@example.com,8 232 858 84 24,2026-01-06
68,Викентий,Колобов,lavr2012@example.com,+7 236 851 60 48,2022-11-08
69,Алина,Лихачева,evgenija_49@example.com,8 137 098 5931,2024-11-25
70,Виктор,Матвеев,kira1987@example.com,+7 047 113 8267,2023-11-05
71,Герман,Евсеева,pankrat_2003@example.net,8 179 640 53 77,2026-02-28
72,Мирон,Ильин,valerjan_58@example.net,8 431 713 90 05,2023-05-02
73,Таисия,Титова,tatjanaershova@example.org,+7 (933) 529-0422,2024-07-09
74,Влас,Новиков,valerijanesterova@example.org,8 395 024 0268,2022-10-25
75,Соломон,Никитина,muhinprohor@example.com,+7 783 908 47 00,2026-05-09
76,Селиверст,Третьякова,rkrasilnikov@example.org,8 (115) 921-24-99,2024-07-21
77,Радован,Морозова,naum_98@example.com,86118367365,2025-09-01
78,Лонгин,Красильников,unikonov@example.org,8 452 711 1161,2025-05-03
79,Феликс,Куликова,vladislav_80@example.net,8 165 604 9451,2024-09-02
80,Захар,Терентьева,germanprohorov@example.com,+7 585 149 36 89,2024-10-24
81,Ираида,Лукин,aleksandr_2004@example.net,+7 244 550 2296,2022-08-21
82,Назар,Дьячков,tarasovasvetlana@example.org,8 (525) 459-91-02,2022-12-27
83,Пров,Коновалова,muravevaanzhelika@example.com,8 797 643 81 56,2022-10-21
84,Ефим,Вишняков,stepan2007@example.org,80034324451,2022-05-23
85,Твердислав,Горбунова,ishestakov@example.com,+7 (885) 160-6071,2025-10-22
86,Алла,Щукин,zromanova@example.net,+71605297516,2025-09-26
87,Станислав,Яковлев,polikarpsafonov@example.com,8 453 521 81 88,2023-02-19
88,Галактион,Копылов,mili_23@example.org,+7 (292) 127-7997,2025-01-31
89,Артем,Субботин,agata_52@example.com,8 (449) 058-14-77,2022-07-05
90,Чеслав,Петрова,konon_11@example.net,8 798 079 35 97,2024-05-13
91,Любовь,Романов,savelevavalentina@example.com,8 (203) 778-8925,2023-11-07
92,Эммануил,Орлов,nikanor65@example.net,8 151 864 4925,2022-09-08
93,Ия,Шестакова,ljubovnikiforova@example.net,8 291 486 52 81,2024-12-10
94,Митофан,Орехов,xvolkova@example.org,+7 (357) 332-21-41,2024-05-22
95,Вера,Муравьев,nonna_2019@example.org,82962229270,2024-01-02
96,Прасковья,Галкина,proklkostin@example.com,8 (383) 473-59-77,2025-06-09
97,Гостомысл,Прохорова,hnovikova@example.com,+7 (924) 075-8181,2023-07-02
98,Гедеон,Зимина,iraidasaveleva@example.net,8 137 506 06 85,2023-04-21
99,Лучезар,Доронина,davidovzahar@example.org,+7 522 047 27 79,2022-05-19
100,Геннадий,Ковалева,sokolovisa@example.org,88614341036,2024-11-30
101,Эдуард,Белова,arseni1976example.com,ERROR-PHONE,2022-06-05
102,Кузьма,Гордеев,firs_1983@example.org,+7 953 962 1851,2026-03-04
103,Фадей,Волков,silvestr_2014@example.net,8 706 540 51 53,2025-04-16
104,Регина,Харитонов,mamontovfoma@example.net,+7 (058) 527-72-21,2025-03-23
105,Евстигней,Евсеева,anatoli1986@example.org,+7 548 687 4034,2023-10-15
106,Владилен,Ефремова,knjazevalora@example.com,8 667 652 7758,2023-06-05
107,Петр,Данилова,artemevparamon@example.org,+7 (845) 115-44-79,2025-03-25
108,Андроник,Архипова,ninelshestakova@example.com,8 964 016 5820,2022-12-06
109,Элеонора,Веселова,anani1977@example.org,8 569 092 7557,2025-05-30
110,Лонгин,Маркова,svetlanagromova@example.com,+73102786814,2025-06-17
111,Ираида,Гордеева,ermil2026@example.com,8 (312) 172-71-55,2025-03-13
112,Глеб,Третьякова,tit_1986@example.com,+7 (583) 132-37-05,2024-07-29
113,Боян,Титов,ruslan_82@example.net,+76786691251,2024-02-28
114,Алла,Лазарева,mechislav_1977@example.net,+7 (268) 018-24-22,2023-08-26
115,Кондратий,Терентьева,milanblohin@example.net,+7 438 424 98 18,2024-12-03
116,Маргарита,Шарапова,glafiraprohorova@example.net,85900109439,2024-01-10
117,Анастасия,Колобова,chernovasofija@example.com,+77364710276,2024-04-18
118,Лонгин,Дементьева,matvekoshelev@example.org,8 562 588 1537,2022-11-07
119,Корнил,Фомичева,iosif1977@example.org,8 963 259 53 27,2026-05-06
120,Азарий,Королев,sigizmund2019@example.com,8 873 395 00 47,2024-09-30
121,Петр,Федотов,konon2000@example.org,+75650609835,2024-07-28
122,Таисия,Ильина,blinovsilanti@example.com,+79912165585,2025-05-19
123,Сидор,Федоров,erastpanfilov@example.com,+7 025 787 2982,2023-09-03
124,Ладимир,Никитина,gremislav_69@example.net,8 888 794 7055,2025-01-20
125,Зинаида,Боброва,tponomarevaexample.net,ERROR-PHONE,2022-06-19
126,Флорентин,Панов,kapiton2024@example.net,+7 972 896 2309,2026-02-25
127,Лонгин,Дьячков,ponomarevadamexample.com,ERROR-PHONE,2022-12-19
128,Савва,Комиссарова,ostapovchinnikov@example.net,+7 283 857 8652,2024-03-13
129,Фаина,Мишина,mefodi_2000@example.net,+79733484344,2025-03-06
130,Марина,Хохлов,lukjan1997@example.net,+71986652404,2026-03-07
131,Исай,Михеева,konovalovprov@example.net,8 (338) 484-21-99,2023-04-26
132,Алина,Абрамов,agafonovasvetlana@example.org,+7 165 712 0826,2024-12-20
133,Любим,Дроздов,samson2006@example.com,+7 193 802 6206,2025-07-06
134,Авксентий,Кириллов,kirashashkova@example.org,89154788728,2024-03-25
135,Наина,Фомичев,veniaminsuhanov@example.org,+72054932966,2024-06-02
136,Вышеслав,Пестов,vlasovvalentin@example.org,8 304 637 4549,2025-04-02
137,Измаил,Ильин,osipovamaja@example.net,+7 742 684 14 59,2023-03-30
138,Ольга,Фролова,olgastepanova@example.com,8 687 833 9187,2024-06-21
139,Трофим,Никонова,bazhen_91@example.org,8 (398) 225-8713,2025-03-24
140,Аполлон,Буров,budimir2020@example.com,+7 (867) 908-74-06,2023-05-18
141,Афанасий,Тарасов,kononovaekaterina@example.net,8 518 017 04 62,2025-06-08
142,Наркис,Ситников,ydementev@example.com,+7 825 128 68 23,2025-09-12
143,Маргарита,Макарова,petuhovaoktjabrina@example.net,8 863 375 24 31,2022-06-28
144,Иларион,Тихонов,xmaksimova@example.org,+7 190 790 30 67,2023-04-19
145,Корнил,Абрамов,apollonkudrjavtsev@example.net,85995342836,2023-07-25
146,Демид,Егорова,naumovafevronija@example.net,8 870 568 56 62,2023-07-24
147,Зиновий,Моисеев,sinklitikijamuhina@example.org,+7 (708) 668-82-63,2023-05-19
148,Вадим,Белова,anzhelika_17@example.com,+7 (046) 990-1398,2023-03-25
149,Еремей,Самсонова,marianantonov@example.org,+7 (173) 936-3854,2023-11-19
150,Мирослав,Васильева,anna_1990@example.com,8 (717) 535-56-09,2025-10-25
151,Фотий,Королева,akulinaosipova@example.net,8 423 536 93 78,2024-12-23
152,Давыд,Емельянова,isa_77@example.com,8 228 728 0801,2026-02-20
153,Всеслав,Рогова,fadeevaagata@example.com,+7 (120) 387-5099,2026-01-04
154,Остап,Козлов,agge1970@example.net,+7 848 408 6211,2024-06-16
155,Ипполит,Лапина,evdokimorehov@example.net,8 461 567 9334,2025-02-04
156,Онуфрий,Мишин,lapinamos@example.org,8 870 021 76 59,2026-04-08
157,Иван,Родионов,samsonovstojan@example.org,87401489025,2022-06-03
158,Никон,Бобылева,frolbaranov@example.net,+7 429 396 85 62,2025-07-09
159,Валерьян,Уваров,ovchinnikovmilan@example.org,+7 (159) 996-5047,2024-04-27
160,Екатерина,Григорьева,fade_66@example.org,8 194 311 42 62,2025-04-26
161,Леон,Белозеров,miroslav_11@example.org,8 412 126 7888,2023-12-29
162,Вадим,Рябова,beljaevaljudmila@example.net,85604661839,2024-06-11
163,Ладислав,Беляков,ishirjaev@example.com,8 (212) 646-47-15,2023-05-14
164,Яков,Карпов,jaroslavgorshkov@example.net,8 (124) 065-96-57,2023-09-13
165,Ираида,Власов,klavdijamarkova@example.net,8 (526) 547-93-56,2023-06-25
166,Евстигней,Никитина,hartemev@example.net,8 (280) 737-4167,2022-12-01
167,Панфил,Елисеева,ilarion42@example.net,8 179 796 88 68,2022-07-04
168,Борислав,Рябов,klavdija_89@example.net,+7 (529) 096-5610,2022-10-03
169,Федосий,Герасимова,sokratdementev@example.net,83756798250,2024-04-16
170,Вячеслав,Игнатов,pavel11@example.net,+75738757177,2023-08-20
171,Анжелика,Рябов,anike10@example.com,+7 (382) 825-86-73,2025-07-20
172,Пимен,Вишняков,evgenijakabanova@example.net,+7 937 966 0334,2025-05-15
173,Дорофей,Гурьев,ignatevvarfolome@example.net,8 371 478 5969,2023-12-06
174,Ян,Коновалов,shestakovmilovan@example.com,+79912513412,2023-11-08
175,Эдуард,Егоров,raisakolesnikova@example.com,86627828274,2022-12-02
176,Авксентий,Лыткин,radim_90@example.com,+7 (368) 876-76-77,2023-01-11
177,Амос,Хохлов,evseevaelena@example.com,+7 (842) 797-8819,2022-10-25
178,Синклитикия,Суворова,mihe_2000@example.org,8 (836) 134-07-45,2025-10-22
179,Епифан,Юдина,bikovviktorin@example.org,85962923309,2023-10-06
180,Ксения,Логинов,eduard82@example.com,+79481260422,2023-05-11
181,Флорентин,Дмитриева,iosif_67@example.org,+76671168457,2026-02-28
182,Ратмир,Анисимова,foma_01@example.net,8 186 363 7454,2023-09-17
183,Мефодий,Корнилова,tatjanakrasilnikova@example.com,+7 017 012 7706,2023-03-03
184,Вадим,Миронова,klavdijajakovleva@example.com,8 415 206 4361,2025-03-05
185,Влас,Никитина,sobolevaolga@example.org,+7 (870) 051-6271,2023-04-11
186,Лонгин,Зиновьев,gurevvarfolome@example.org,+72622189092,2024-02-13
187,Яков,Афанасьева,georgirusakov@example.com,8 (311) 219-65-65,2025-07-10
188,Ипат,Титова,kirilljudin@example.org,89940438983,2025-05-08
189,Никандр,Цветков,anzhela03@example.com,+7 (791) 805-5269,2024-01-16
190,Ульяна,Куликов,elena_1979@example.com,+7 910 430 0684,2024-11-15
191,Олег,Сергеев,tamara_1993@example.net,8 (892) 414-1832,2024-07-03
192,Екатерина,Никифорова,olazareva@example.net,+7 463 031 61 79,2024-10-17
193,Лидия,Егоров,galina21@example.org,+7 275 884 2524,2025-04-16
194,Пахом,Некрасов,mamontovamvrosi@example.com,8 (149) 177-8507,2025-10-18
195,Фаина,Ершов,margaritajakovleva@example.com,81380003075,2023-11-22
196,Фадей,Евдокимова,darjateterina@example.org,8 353 654 19 51,2024-05-14
197,Аникита,Тетерина,borisovaelena@example.net,8 174 451 87 05,2023-03-01
198,Модест,Ершова,nonna93@example.com,8 (383) 206-03-85,2024-11-26
199,Светлана,Ширяева,seliverstovalora@example.org,8 413 836 70 24,2022-09-24
200,Мокей,Фомичев,spiridontihonov@example.net,+7 918 261 99 06,2025-01-03
201,Лука,Шашкова,zhannakalinina@example.com,8 557 431 32 91,2022-12-25
202,Орест,Журавлев,nonnaabramova@example.com,8 (537) 474-1124,2025-08-31
203,Будимир,Третьякова,rjabovalidija@example.org,+7 (568) 044-2067,2024-08-01
204,Вышеслав,Николаев,ipat_1975@example.org,+7 032 365 1994,2026-01-11
205,Анжела,Белозеров,lebedevartemi@example.org,+7 (151) 070-29-66,2024-05-05
206,Мина,Котов,bkolesnikova@example.org,+7 (447) 209-99-34,2024-05-09
207,Нестор,Егоров,samuil_1973@example.com,8 383 806 57 87,2023-09-26
208,Александр,Кабанов,ljubim_1991@example.org,83040785932,2022-10-05
209,Аполлон,Жданова,karllukin@example.net,+7 (965) 223-9559,2022-06-22
210,Евгений,Игнатова,ferapont_92@example.net,8 (842) 701-03-93,2022-06-10
211,Егор,Калашникова,avgust1988@example.net,+7 (525) 002-92-18,2025-10-20
212,Варлаам,Муравьев,davidovnikola@example.net,+75226752895,2023-04-03
213,Зинаида,Сафонов,marinatimofeeva@example.net,+7 (209) 690-29-59,2023-03-30
214,Максимильян,Копылова,kolobovserge@example.org,+7 355 215 70 43,2023-05-11
215,Маргарита,Смирнов,shestakovisa@example.org,+7 676 267 6586,2022-10-07
216,Зиновий,Большаков,florentin2006@example.net,8 (104) 054-11-52,2025-11-29
217,Мартьян,Соболева,anzhelahohlova@example.org,87062962015,2023-03-08
218,Марина,Уварова,osipignatov@example.net,8 (444) 310-6987,2022-12-22
219,Вера,Егорова,avde_61@example.com,87310324171,2023-08-05
220,Капитон,Королев,ffokin@example.net,8 (625) 652-7047,2024-03-21
221,Георгий,Лобанова,karpvorontsov@example.org,+7 158 693 80 68,2024-01-13
222,Филипп,Устинова,zhanna_2018@example.com,+7 (741) 608-9899,2022-12-13
223,Еремей,Кабанова,dementi2023@example.org,+7 (206) 163-2945,2026-01-01
224,Никон,Гусева,beljaevnikanor@example.net,8 487 099 8616,2022-12-16
225,Эмилия,Медведев,strelkovvatslav@example.net,+78564679970,2023-01-18
226,Екатерина,Тихонова,ndmitriev@example.net,8 065 307 45 05,2025-08-18
227,Елизавета,Лазарев,leonti47@example.net,+7 (247) 546-9137,2023-03-16
228,Мстислав,Харитонова,fselezneva@example.net,+7 821 486 2890,2023-01-20
229,Ратибор,Комаров,arefikrilov@example.org,8 345 786 1035,2024-04-25
230,Фрол,Гусева,demjan2024@example.com,8 524 140 6029,2025-06-24
231,Евпраксия,Тихонов,efremjudin@example.org,+76800722903,2023-05-15
232,Милен,Русаков,lukija46@example.com,+73748969108,2026-05-11
233,Лаврентий,Карпова,feliks_99@example.com,+7 715 454 44 32,2024-06-05
234,Олимпий,Коновалова,arefikonstantinov@example.net,8 207 446 6609,2025-03-11
235,Ефрем,Афанасьева,mefodivladimirov@example.net,8 (758) 428-2417,2022-11-14
236,Марк,Миронова,marfa82@example.net,+7 353 465 54 94,2024-03-19
237,Фортунат,Герасимова,voronovapollinari@example.net,81738168460,2025-11-04
238,Осип,Сорокина,veramedvedeva@example.com,8 (252) 175-25-00,2024-03-02
239,Селиван,Кириллова,davidignatev@example.org,+7 296 666 76 00,2024-06-29
240,Адам,Мельникова,agafon_58@example.org,+7 335 421 6894,2023-01-11
241,Милица,Голубева,petuhovakira@example.com,88562575326,2022-06-08
242,Азарий,Медведева,vlassobolev@example.net,8 (215) 064-8909,2026-05-04
243,Зоя,Жуков,lapinadrian@example.org,8 761 847 23 04,2024-01-16
244,Януарий,Фролова,nesterovspiridon@example.com,+7 (618) 914-11-73,2024-10-17
245,Осип,Капустин,stanimir35@example.net,+7 (087) 375-30-01,2025-12-26
246,Афиноген,Воронова,gennadi2023@example.net,+7 437 447 01 20,2025-10-08
247,Виктор,Пономарев,evpraksija_56@example.net,+7 022 557 9415,2025-08-14
248,Ратибор,Некрасов,valerijavlasova@example.com,8 762 120 21 69,2024-04-16
249,Юлий,Павлов,dmitri2004@example.com,+7 (771) 670-14-50,2025-03-06
250,Феофан,Третьяков,tamara_2011@example.net,8 889 163 7562,2025-09-18
251,Глеб,Морозова,juli_1973@example.net,8 (721) 753-54-08,2023-04-02
252,Родион,Белозеров,pkonstantinov@example.org,87177517016,2024-01-04
253,Эрнест,Селиверстова,uljan_1970@example.org,84883755037,2023-09-09
254,Радислав,Данилов,ljudmila2007@example.net,+7 305 548 85 10,2025-12-12
255,Марина,Зыков,visheslav2016@example.net,+7 493 316 37 35,2022-10-16
256,Харитон,Крылов,otarasov@example.net,8 (798) 270-80-86,2025-09-18
257,Иванна,Королева,simon2014@example.org,+7 (216) 995-86-69,2026-01-09
258,Куприян,Лихачев,kirafanasev@example.com,+7 (269) 848-58-33,2023-03-14
259,Анна,Турова,zhanna52@example.net,+7 (885) 158-79-96,2025-01-21
260,Агап,Виноградова,konon_2019@example.com,+7 062 003 42 44,2022-12-11
261,Прасковья,Киселева,pahomovakira@example.org,+7 571 983 8638,2025-06-30
262,Панкратий,Колобова,ivanna06@example.com,8 800 439 7359,2024-07-18
263,Демьян,Колесникова,evlampianisimov@example.com,+7 228 160 64 84,2022-11-18
264,Герман,Федоров,averki57@example.net,+7 (590) 947-98-51,2025-06-30
265,Артем,Кириллова,stepan_32@example.net,8 (268) 861-5335,2023-09-07
266,Феликс,Агафонова,erofe98@example.com,+7 157 399 3056,2026-01-09
267,Мария,Воронцов,blinovisa@example.net,+7 858 877 0435,2024-05-31
268,Аверьян,Егорова,sergeevtimofe@example.net,+7 336 138 61 20,2024-03-12
269,Денис,Костина,andre_11@example.org,+78193466766,2023-08-17
270,Аверьян,Тимофеева,hfominaexample.net,ERROR-PHONE,2025-03-29
271,Кира,Молчанова,simonovfoti@example.org,+7 581 449 14 76,2023-12-10
272,Ефим,Дорофеев,muhinagalina@example.net,8 842 450 88 21,2022-07-12
273,Лев,Гаврилов,jkomarova@example.org,8 368 222 3943,2022-10-26
274,Анжела,Ильина,jakushevataisija@example.com,+7 414 139 75 52,2025-01-16
275,Архип,Бирюкова,varlaambobrov@example.net,+7 (577) 594-9299,2023-10-26
276,Иосиф,Кириллова,pahom_20@example.com,+7 (645) 257-7754,2024-04-22
277,Климент,Гришина,zaharovernst@example.org,+7 (834) 110-80-99,2023-12-24
278,Тихон,Корнилова,anatolizhdanov@example.com,8 (725) 639-4278,2024-05-26
279,Вероника,Архипов,gartemev@example.org,82827229927,2026-02-12
280,Арсений,Лобанов,poljakovapelageja@example.org,8 303 856 7700,2026-04-13
281,Каллистрат,Королева,varfolome_84@example.net,8 (926) 659-1846,2026-04-02
282,Мечислав,Туров,sofronmaslov@example.com,8 (908) 272-31-84,2023-03-17
283,Майя,Прохорова,galinadenisova@example.net,+7 365 177 73 92,2024-12-12
284,Владимир,Романова,psolovev@example.org,82280920242,2024-06-04
285,Адам,Гуляева,kpoljakova@example.net,+71379772369,2022-12-06
286,Капитон,Миронов,julijaprohorova@example.net,8 799 136 6210,2023-03-03
287,Эрнст,Григорьев,elizaveta_1993@example.org,+7 (799) 088-11-72,2025-12-19
288,Анна,Самойлов,avgust_2020@example.net,8 (650) 863-7659,2025-07-30
289,Самсон,Наумова,rodionovvsevolod@example.com,+7 (149) 864-3009,2024-06-13
290,Зинаида,Евдокимова,averjan_1991@example.org,8 651 269 4486,2024-08-13
291,Устин,Капустина,ekaterina63example.com,ERROR-PHONE,2024-08-03
292,Святополк,Селезнев,margaritashilova@example.net,+79562137213,2024-05-23
293,Никита,Селиверстова,uljan_90@example.org,+7 127 961 1435,2022-09-05
294,Юрий,Миронова,vladimirovamarija@example.com,8 (490) 277-0384,2023-02-20
295,Давыд,Давыдова,sofron_2009@example.net,+7 530 214 6566,2024-09-14
296,Будимир,Ильина,agafon_2011@example.org,+78955439376,2024-08-28
297,Федот,Куликов,demid68@example.org,8 (451) 848-9476,2024-08-11
298,Екатерина,Русаков,martjansilinexample.com,ERROR-PHONE,2025-12-11
299,Артем,Фадеев,trofimovavalerija@example.com,+7 (356) 588-0434,2022-09-24
300,Лонгин,Рогов,afinogen_82@example.com,+7 (942) 373-3343,2023-04-11
301,Элеонора,Соболев,janefimov@example.org,+7 179 080 75 95,2024-04-30
302,Никон,Зуев,seliverst28@example.com,82086780856,2025-10-20
303,Ия,Семенова,oksanaturova@example.org,8 (500) 369-15-59,2025-10-22
304,Карп,Фокин,taisijabelousova@example.org,85527636556,2023-06-24
305,Жанна,Рыбаков,uljanatitova@example.net,+7 438 663 22 70,2023-01-25
306,Софрон,Тарасова,vsevolod2026@example.net,8 744 890 6120,2023-03-22
307,Марк,Галкин,saveli17@example.net,8 588 450 6159,2023-02-26
308,Мина,Кулагин,demid_2025@example.com,8 (771) 694-7225,2024-01-18
309,Гостомысл,Зимин,emolchanova@example.org,+7 (554) 496-4759,2024-06-11
310,Владлен,Архипова,ostromir1979@example.org,+7 (413) 261-1178,2022-07-29
311,Василий,Назаров,wbogdanova@example.org,82164334722,2024-06-19
312,Мир,Кононова,alevtinamorozova@example.net,8 778 487 2829,2024-10-01
313,Творимир,Орехов,obogdanova@example.net,8 783 174 5642,2023-07-29
314,Конон,Субботин,galkinavera@example.com,8 (077) 406-4930,2024-07-20
315,Поликарп,Вишняков,ostapbobilev@example.net,+7 (266) 341-6389,2025-08-03
316,Евгений,Артемьева,kondrati84@example.com,+7 224 179 74 97,2023-02-10
317,Азарий,Давыдов,alekseevaalla@example.net,+7 442 703 12 07,2023-03-25
318,Мокей,Гущин,yefremov@example.com,+7 512 046 1872,2023-02-16
319,Ипат,Мамонтов,naum01@example.net,8 (303) 718-37-64,2026-02-07
320,Спиридон,Николаев,alinakononova@example.net,+77435031365,2022-06-03
321,Авксентий,Силина,foti16@example.org,+7 979 251 3271,2025-02-07
322,Анжела,Тимофеев,svetlana_00@example.com,8 (127) 358-5730,2025-02-11
323,Святослав,Кудряшова,marija_24@example.org,8 (848) 739-28-55,2025-04-16
324,Тарас,Никифоров,emmanuil82@example.org,8 (448) 570-86-20,2024-11-02
325,Марина,Гусев,fekla_93@example.com,8 (638) 782-9456,2024-12-03
326,Артем,Беляев,belovstanimir@example.net,+7 (203) 173-10-96,2024-12-28
327,Антип,Гурьев,jaropolk_2009@example.com,+7 (910) 371-7058,2025-05-02
328,Арефий,Агафонова,xharitonova@example.net,84801413811,2025-04-05
329,Варвара,Чернов,nikandr_1980@example.net,82886195761,2023-01-10
330,Мартын,Ширяева,taisijavlasova@example.net,+7 (897) 558-55-66,2025-08-31
331,Ермил,Ситников,juvenali_39@example.net,8 (457) 760-0490,2024-06-06
332,Лука,Соловьев,averjan43@example.org,+78889921075,2022-12-26
333,Исай,Юдина,mihe93@example.org,+71969315727,2025-08-30
334,Наина,Кабанова,kirillovladimir@example.org,86105566139,2026-01-27
335,Андроник,Кабанов,tkiselev@example.net,8 (925) 832-0679,2024-08-29
336,Никодим,Анисимов,poljakovpimen@example.com,+7 (517) 908-64-16,2024-05-14
337,Евстафий,Туров,veratrofimova@example.net,8 938 983 31 46,2023-08-27
338,Михей,Игнатов,makarovostromir@example.com,+7 (559) 042-5979,2022-12-11
339,Елизавета,Дементьев,strelkovaelizaveta@example.org,+7 (110) 392-40-51,2023-07-31
340,Тимофей,Родионов,azari1988@example.net,+7 (884) 879-2069,2025-12-25
341,Кондратий,Власов,anike_1984@example.org,84070164510,2023-07-13
342,Лора,Лазарев,ysuvorov@example.net,8 798 123 8780,2022-07-09
343,Олимпиада,Веселов,lev_1988@example.com,+7 555 438 4046,2025-12-02
344,Зиновий,Антонов,fokinatamara@example.com,8 621 689 3639,2022-12-21
345,Влас,Тихонов,ernest57@example.net,+7 (983) 248-26-29,2026-01-10
346,Викторин,Фомин,artem_88@example.net,8 205 664 7423,2022-10-14
347,Яков,Лукин,alevtinafadeeva@example.net,89939330517,2022-11-23
348,Никанор,Иванова,lukija2006@example.org,8 (223) 306-04-63,2025-04-30
349,Порфирий,Симонова,elizargolubev@example.org,87573660965,2023-12-08
350,Андрей,Голубева,stanislav_2006@example.net,+7 770 388 60 86,2024-06-04
351,Никон,Вишнякова,ponomarevakira@example.com,+74726490827,2025-09-05
352,Дмитрий,Савина,budimir2010@example.org,88266570279,2025-12-11
353,Любомир,Исакова,radovantarasov@example.com,+7 (111) 751-86-89,2026-02-27
354,Татьяна,Александров,yilina@example.org,8 922 220 6447,2023-07-07
355,Егор,Иванов,varvaramjasnikova@example.org,84077780973,2023-03-24
356,Эмиль,Цветкова,radovan1993@example.org,+7 384 983 0220,2024-12-21
357,Флорентин,Филатова,kulikovaaleksandra@example.net,84510162249,2025-01-01
358,Фока,Молчанов,demjan_2024@example.net,+7 145 561 6814,2024-03-29
359,Степан,Шарапов,shubinkir@example.com,8 (339) 019-8179,2026-02-04
360,Степан,Захарова,parfen95@example.com,85299787729,2023-04-17
361,Рубен,Егорова,evlampi01@example.org,+7 396 605 58 30,2024-12-02
362,Сильвестр,Ильина,irakli14@example.com,8 015 569 9023,2023-09-06
363,Анжела,Дорофеев,evgenija_77@example.org,8 (278) 576-08-49,2025-04-05
364,Флорентин,Карпова,fedor_80@example.org,8 512 405 6829,2024-10-12
365,Лариса,Гришина,feklaandreeva@example.com,8 046 173 5743,2024-06-17
366,Элеонора,Маслов,valerijadavidova@example.org,+7 780 782 35 78,2023-08-08
367,Влас,Тихонов,gavrila_18@example.net,+7 768 104 0915,2024-03-24
368,Олимпиада,Ефремов,orlovaregina@example.net,+7 943 533 4485,2025-06-14
369,Кир,Данилов,dorofeevgennadiexample.org,ERROR-PHONE,2022-06-03
370,Милий,Ильина,sofon_1975@example.net,8 424 932 1495,2024-07-09
371,Евдокия,Комаров,titovaalevtina@example.com,+7 601 662 99 79,2023-10-13
372,Ферапонт,Белоусов,evstafi_81@example.com,+7 717 477 33 29,2023-05-24
373,Радован,Туров,nikifor_25@example.com,+7 171 577 2459,2024-08-28
374,Вацлав,Кулагин,varfolome_1992@example.net,8 (148) 769-6393,2024-07-20
375,Ираида,Ершова,nestor1973@example.org,8 695 832 19 71,2024-09-23
376,Демьян,Горбачев,ljubosmisl2001@example.com,8 191 965 70 13,2025-08-17
377,Геннадий,Лихачев,simonovaveronika@example.net,8 (469) 973-3549,2025-07-15
378,Авксентий,Крылова,platon51@example.net,8 (624) 058-0085,2022-10-19
379,Харлампий,Устинов,amvrosi36@example.net,8 666 683 2723,2024-07-31
380,Владлен,Федотов,pankrati_24@example.net,+7 102 762 1267,2025-12-07
381,Симон,Якушев,ldorofeeva@example.com,8 (765) 326-9097,2025-09-30
382,Трифон,Борисова,sidorfedotov@example.com,8 009 751 9712,2025-04-12
383,Софрон,Яковлев,polina_2013@example.com,8 (913) 718-9490,2025-12-22
384,Соломон,Щукина,eleonora_1970@example.com,8 (956) 544-20-94,2025-04-08
385,Филипп,Орлов,arkadi79@example.org,+79047128144,2022-11-21
386,Вениамин,Жукова,kir40@example.net,+7 (927) 524-37-28,2025-10-22
387,Серафим,Лобанова,borislav_29@example.org,8 637 239 50 41,2022-07-27
388,Ольга,Русакова,nifont1996@example.com,8 (366) 742-8604,2026-01-25
389,Елена,Колобова,naum2008@example.net,+7 185 694 5441,2023-05-20
390,Пелагея,Трофимов,xstrelkov@example.net,83852580010,2024-01-02
391,Ефим,Мухина,vasili_2008@example.com,+74300910939,2024-11-29
392,Назар,Ширяева,beljaevernest@example.org,82124471746,2025-02-16
393,Фёкла,Ильин,isa_21@example.com,8 650 442 71 73,2024-10-19
394,Тимур,Шилова,pelagejakiseleva@example.org,8 391 741 01 19,2025-04-08
395,Валентина,Антонова,adam2020example.org,ERROR-PHONE,2022-05-13
396,Георгий,Родионова,haritonovamarija@example.com,8 690 877 6618,2023-04-06
397,Виталий,Яковлева,steterina@example.com,8 (554) 601-5851,2025-09-21
398,Андрон,Кондратьева,anzhelika32@example.net,8 346 157 17 32,2022-07-03
399,Селиван,Гуляев,molchanovafevronija@example.org,+7 847 870 05 05,2025-07-05
400,Валентина,Ефимова,maslovavarvara@example.org,8 (782) 931-0270,2024-03-30
401,Дементий,Дмитриева,nikolaevavasilisa@example.org,+7 417 929 1117,2024-09-27
402,Парфен,Муравьев,arsenibragin@example.org,8 519 825 30 92,2023-09-14
403,Давыд,Аксенова,egorovvjacheslav@example.com,8 827 390 2196,2025-06-21
404,Аверьян,Попов,bobilevapelageja@example.org,+7 (194) 672-32-48,2024-02-29
405,Андрей,Рябова,demidkostin@example.net,+7 (791) 456-08-33,2022-10-30
406,Сильвестр,Быков,valentin_2004@example.net,8 (340) 312-77-22,2025-01-15
407,Епифан,Беспалов,zatsevamaja@example.com,+75970108220,2024-04-19
408,Прокл,Никитина,bogdanovizmail@example.net,85635315313,2025-04-23
409,Афанасий,Фокин,nazarrozhkov@example.org,87062397265,2022-11-27
410,Егор,Агафонов,mironturov@example.com,+7 (090) 421-77-62,2025-05-26
411,Алина,Гущина,lavreliseev@example.org,82983168739,2024-04-02
412,Нина,Комиссарова,klavdi1970@example.com,+7 (356) 939-2906,2026-04-13
413,Парамон,Михайлова,voronovapraskovja@example.org,8 717 731 80 63,2022-11-21
414,Глафира,Костин,izjaslav10@example.com,+7 (799) 077-26-25,2024-11-12
415,Зоя,Харитонов,samolovaanzhela@example.com,8 (046) 498-9319,2025-11-18
416,Венедикт,Комиссаров,kopilovamaja@example.org,8 790 552 8183,2022-11-30
417,Самсон,Чернова,izjaslav_81@example.net,83355486401,2023-11-07
418,Рюрик,Зуева,svjatoslav1998@example.org,8 (847) 951-3711,2023-12-03
419,Велимир,Суханов,ijakondrateva@example.org,+71272380468,2026-02-01
420,Анжела,Волков,milan1993@example.net,+73103856955,2024-04-21
421,Ферапонт,Белоусов,trofim_1995@example.com,+72437540254,2024-03-08
422,Лукия,Белова,julijastrelkova@example.org,+72222310592,2024-02-15
423,Ананий,Казакова,dobroslav_38@example.net,8 525 782 8410,2023-12-24
424,Лучезар,Никифоров,tatjana1978@example.com,+7 885 474 9297,2023-09-18
425,Вышеслав,Щербакова,gurevsamuil@example.org,8 (140) 693-7515,2022-07-31
426,Юлия,Самсонова,fortunatnazarov@example.org,+73018718637,2023-08-19
427,Никон,Анисимов,apollon_2021@example.com,8 565 045 54 78,2022-09-16
428,Константин,Большаков,oksana2025example.com,ERROR-PHONE,2025-08-01
429,Фрол,Полякова,atrofimova@example.org,+7 234 785 19 61,2022-05-21
430,Лора,Яковлева,pavel28@example.com,+7 (326) 487-04-94,2024-05-02
431,Герасим,Назаров,zahar1971@example.org,+77146273014,2024-05-01
432,Светозар,Степанова,moiseevmitofan@example.net,8 471 589 04 29,2022-08-05
433,Аполлинарий,Некрасов,roman_25@example.org,8 650 448 1832,2025-06-02
434,Елизавета,Ефремова,sofijamarkova@example.com,+74518952028,2023-06-27
435,Варфоломей,Кудряшов,ostap1989@example.org,+7 (833) 898-88-16,2024-03-14
436,Самуил,Игнатов,andreevvlas@example.org,+75279852401,2023-04-01
437,Епифан,Осипов,elizavetatimofeeva@example.org,+7 611 076 03 10,2025-07-13
438,Ипполит,Беляев,hristofor_1973@example.org,+7 401 193 93 25,2022-06-23
439,Милен,Крюков,irinablohina@example.net,+7 (893) 891-19-08,2023-03-25
440,Аверкий,Лыткина,kondratromanov@example.net,+7 387 592 71 25,2026-04-14
441,Орест,Цветков,gkotov@example.org,8 171 827 5480,2022-09-09
442,Эмиль,Горшкова,viktor1991@example.com,+77386463175,2023-01-28
443,Станимир,Александрова,evgenija1975@example.com,+7 126 691 21 53,2023-09-18
444,Марфа,Лебедева,onikolaev@example.com,+79946579678,2023-06-23
445,Сергей,Суворов,velimir1976@example.com,+7 (010) 170-26-95,2022-12-21
446,Полина,Голубева,mishinbazhen@example.net,8 (734) 778-48-58,2024-07-18
447,Радим,Евдокимов,gorbunovavarvara@example.com,8 770 028 42 76,2022-11-24
448,Филарет,Давыдова,wturov@example.org,8 (889) 778-28-06,2023-05-31
449,Тамара,Ермаков,rsidorova@example.com,8 009 025 5905,2023-11-19
450,Милий,Макаров,wpahomov@example.com,+7 (334) 911-4152,2022-06-09
451,Софон,Шарапова,andre_76@example.net,8 407 905 69 65,2024-08-25
452,Мартын,Соколова,varlaam2008@example.org,8 (529) 456-3718,2023-03-20
453,Зиновий,Дорофеева,anisim49@example.com,+7 919 541 98 76,2023-03-14
454,Ладимир,Князев,kulaginladislav@example.net,8 (536) 649-8782,2025-11-18
455,Вера,Блохина,dorofe_2002@example.org,8 (489) 690-83-57,2022-12-13
456,Остап,Кабанов,klavdijasazonova@example.com,+7 364 424 93 63,2022-10-24
457,Ростислав,Лыткин,aleksenikolaev@example.com,8 (660) 324-2044,2024-12-29
458,Святослав,Сафонова,alinasilina@example.net,+7 015 941 6516,2026-02-17
459,Нина,Козлова,zhannamakarova@example.net,+7 898 471 39 15,2023-09-05
460,Измаил,Рожкова,vkalashnikova@example.net,8 321 234 76 49,2022-08-01
461,Лукьян,Андреева,mstislav_2009@example.org,8 734 257 54 09,2022-07-01
462,Устин,Комиссаров,pahomovazhanna@example.com,+75183760644,2022-09-20
463,Порфирий,Дмитриева,lavrentinikitin@example.org,8 604 177 6561,2025-08-28
464,Эраст,Трофимова,silvestr15@example.com,8 (570) 027-2063,2024-11-14
465,Ипат,Павлова,firs_11@example.org,+7 (965) 772-42-95,2025-07-23
466,Добромысл,Устинов,borislavaksenov@example.com,8 930 089 31 73,2023-05-29
467,Пахом,Цветкова,allavlasova@example.net,+72152910867,2025-09-01
468,Евграф,Фомичева,viktorin1982@example.org,+74762639343,2024-01-13
469,Корнил,Турова,jkosheleva@example.org,+73973597107,2022-11-22
470,Нестор,Быкова,ivanna_63@example.net,8 941 180 05 37,2025-12-28
471,Якуб,Фадеев,ivanovazoja@example.net,+76528092428,2024-05-01
472,Лора,Михайлова,ruslan_21@example.com,8 241 502 74 56,2023-06-29
473,Поликарп,Корнилова,juli48@example.com,+7 (572) 870-32-03,2023-02-03
474,Поликарп,Жуков,kazimir1979@example.com,8 (075) 877-71-21,2023-10-04
475,Пелагея,Волкова,kondratikorolev@example.org,+79939089261,2023-05-06
476,Александр,Ермаков,evpraksija1975@example.com,+7 659 152 01 77,2024-03-05
477,Валерия,Федотова,cheslav05@example.org,8 (592) 304-50-18,2026-03-02
478,Денис,Архипов,zgerasimov@example.com,8 103 266 42 14,2024-04-28
479,Елизавета,Данилова,zgorshkova@example.com,+7 (515) 837-76-74,2024-08-11
480,Модест,Максимова,wkorolev@example.com,+7 (661) 085-73-27,2024-06-20
481,Богдан,Дьячкова,boris_1986@example.com,8 (422) 438-64-90,2024-07-25
482,Парамон,Шарапов,kopilovavalentinaexample.net,ERROR-PHONE,2022-09-27
483,Татьяна,Новикова,mina49@example.org,+7 172 260 1645,2024-09-15
484,Капитон,Федосеев,regina2007@example.net,+7 (321) 941-68-00,2023-12-09
485,Иванна,Корнилов,romanovaolga@example.com,87499564122,2022-06-01
486,Евгений,Гришина,avdeevagge@example.net,+7 372 368 3147,2022-12-14
487,Герасим,Овчинникова,hsolovev@example.org,8 (770) 793-34-96,2022-07-25
488,Серафим,Чернова,orlovanina@example.com,89840767899,2026-02-06
489,Адам,Сазонов,ignati2010@example.net,85814671795,2024-02-26
490,Марфа,Блинов,kvolkov@example.com,8 (573) 839-59-72,2025-11-22
491,Валентина,Горшкова,afokina@example.net,8 729 341 7223,2022-12-26
492,Лазарь,Воронов,varlaam2014@example.com,+7 (800) 545-2280,2025-08-02
493,Виссарион,Куликова,petr_19@example.org,+7 (745) 508-4289,2025-01-14
494,Раиса,Поляков,gushchinaninel@example.com,+7 991 808 12 13,2026-01-01
495,София,Петрова,kirarogova@example.com,8 (125) 521-37-60,2023-05-05
496,Борислав,Лукин,matve1986@example.org,8 653 286 3266,2026-01-12
497,Амвросий,Доронин,sofron2014@example.com,+7 (081) 155-62-60,2023-12-07
498,Арефий,Дмитриева,nesterovaviktorija@example.net,8 (466) 845-5048,2024-10-19
499,Елисей,Лаврентьева,militsatretjakova@example.net,8 (997) 563-4108,2023-09-12
500,Ермил,Герасимов,reginapotapova@example.com,8 (848) 520-0894,2023-04-29
501,Наина,Ковалев,marfa68@example.org,8 485 101 7490,2024-03-04
502,Агата,Казакова,fomavorontsov@example.net,8 (935) 449-2683,2022-10-12
503,Радован,Лазарев,fortunat_1980@example.com,+7 (661) 106-27-37,2022-09-03
504,Элеонора,Вишняков,olimpi_2003@example.net,+79767762282,2024-04-19
505,Стоян,Фролов,vladislav2024@example.net,+7 (770) 285-1961,2022-11-04
506,Мокей,Костин,andron82@example.org,8 447 022 9604,2025-11-30
507,Селиван,Иванов,dobromislzikov@example.net,+7 851 067 94 97,2025-12-17
508,Влас,Хохлова,useliverstov@example.net,+7 (877) 725-19-96,2023-11-28
509,Дарья,Брагина,ilarionov@example.org,8 (412) 094-81-81,2023-02-17
510,Станимир,Мельников,florentin_2012@example.net,8 (801) 820-43-39,2024-02-20
511,Аникита,Иванова,ernst_1988@example.net,+7 562 608 5641,2022-10-26
512,Гаврила,Громов,potapovdavid@example.com,+71246209520,2025-03-19
513,Остромир,Корнилова,nikita15@example.org,8 461 033 9937,2024-05-24
514,Аркадий,Калашников,nikandr_2023@example.com,8 (861) 706-30-48,2026-03-19
515,Владлен,Кошелев,krilovfedor@example.net,86718325823,2024-07-05
516,Андроник,Смирнов,jblohina@example.com,8 (942) 007-49-46,2026-05-10
517,Кондрат,Тарасов,fotiodintsov@example.net,+7 (891) 416-12-84,2025-11-15
518,Елена,Фомичева,julianseleznev@example.com,8 474 355 3795,2022-06-04
519,Аверкий,Шарапова,agatakoshelevaexample.com,ERROR-PHONE,2022-05-25
520,Ксения,Смирнова,nadezhdanaumova@example.net,8 811 807 15 69,2023-10-16
521,Моисей,Самсонова,agafjailina@example.com,+7 (703) 045-3194,2025-08-05
522,Анатолий,Шилов,igorgorshkov@example.com,8 (930) 361-49-87,2023-01-16
523,Эраст,Степанова,feofanmuravev@example.net,+7 (192) 124-93-84,2023-02-16
524,Ипполит,Блинова,litkinasinklitikija@example.net,8 (706) 056-6418,2024-03-23
525,Клавдий,Самойлова,sofron_03@example.org,8 875 063 51 90,2026-04-27
526,Ипат,Карпов,panfilkondratev@example.org,+7 (541) 107-60-95,2025-09-20
527,Матвей,Пахомова,velimirmuhin@example.org,+7 583 199 7179,2022-11-10
528,Лонгин,Брагина,fomichevaaleksandra@example.com,+7 207 049 61 10,2024-08-06
529,Прасковья,Бирюков,naum61@example.net,+7 (990) 767-6991,2023-09-20
530,Фрол,Блинов,panovaregina@example.com,+7 109 193 92 84,2023-10-13
531,Илья,Егоров,marfa2004@example.org,+7 024 968 5498,2025-06-17
532,Мефодий,Логинов,olimpiadanikiforova@example.net,8 089 203 8806,2023-09-26
533,Матвей,Мельников,egorustinov@example.org,8 (795) 995-94-65,2023-01-04
534,Алла,Третьяков,andronik1997@example.org,+7 (793) 375-6362,2025-08-30
535,Мирон,Семенов,denisovaagafja@example.org,8 (124) 739-5003,2023-02-25
536,Маргарита,Шестаков,elenadoronina@example.com,8 832 302 4102,2023-11-16
537,Ратибор,Архипов,shirjaevepifan@example.com,8 528 961 1223,2023-02-16
538,Эммануил,Гордеев,xtihonova@example.com,+7 (099) 384-2530,2024-11-16
539,Епифан,Архипова,vladlen89@example.com,+7 791 286 85 78,2024-03-20
540,Святополк,Панова,lukija_58@example.net,8 (749) 690-33-37,2025-10-24
541,Наркис,Сергеева,tkudrjashov@example.com,+7 (548) 121-47-85,2023-04-13
542,Мартын,Красильников,abramovaraisa@example.net,8 (766) 575-46-02,2024-02-16
543,Куприян,Рогова,anzhela15@example.org,8 (881) 431-1150,2024-07-17
544,Олимпиада,Лапина,evse_54@example.com,+73928404456,2026-02-21
545,Никон,Панов,voronovaraisa@example.org,+7 (373) 898-7751,2023-08-12
546,Панкратий,Гаврилов,pahommamontov@example.net,8 (780) 529-24-07,2025-08-07
547,Жанна,Лобанова,martjan_36@example.com,8 845 909 02 25,2024-08-19
548,Арсений,Тарасова,nfadeev@example.com,8 371 597 41 21,2025-01-22
549,Эраст,Смирнова,aleksandrasharapova@example.net,+7 231 643 3481,2024-03-06
550,Остап,Шаров,spartak_02@example.com,+7 (128) 671-63-23,2023-08-07
551,Фрол,Маслов,gorde2004@example.com,8 (743) 027-1693,2024-06-18
552,Нинель,Королев,rodion1996@example.org,+77546926329,2025-04-17
553,Ия,Сорокина,nestor2021@example.org,+7 603 248 41 37,2024-01-02
554,Раиса,Никитин,vitali_2026@example.org,8 (567) 243-8070,2022-08-26
555,Евлампий,Евсеев,naum1989@example.com,+7 041 257 7711,2024-07-21
556,Клавдий,Крюкова,porfirikudrjavtsev@example.com,+7 (209) 124-18-62,2022-09-02
557,Потап,Терентьев,larionovairaida@example.org,+7 (308) 370-81-64,2024-02-19
558,Ипат,Дементьев,vasilevamarina@example.org,+7 (310) 600-5313,2026-03-12
559,Гурий,Беляев,lavrentevguri@example.net,8 815 583 93 86,2026-02-11
560,Мир,Юдин,zhukovermil@example.org,+7 (065) 063-73-14,2024-12-16
561,Ладислав,Наумова,anike_13@example.com,87189241956,2025-01-26
562,Синклитикия,Вишнякова,lorazaharova@example.net,8 715 099 7683,2024-05-16
563,Светлана,Зыкова,zhukovaakulina@example.net,+7 436 391 02 57,2023-07-19
564,Андрей,Мухин,marinaershova@example.net,87524508640,2023-04-11
565,Аполлинарий,Дьячкова,mefodi_33@example.net,+7 (396) 852-7017,2022-08-22
566,Елизар,Максимов,antoninkalashnikov@example.org,+7 298 338 16 74,2023-01-06
567,Эрнст,Чернов,innokentirodionov@example.org,+74973471566,2023-01-12
568,Пимен,Некрасова,panfil1998@example.net,+7 (706) 614-98-28,2025-04-07
569,Кондратий,Ситников,natan74@example.com,8 (971) 527-3230,2022-05-30
570,Онуфрий,Уварова,nadezhda_2010@example.com,8 656 749 16 01,2023-11-25
571,Ираклий,Воронцова,evdokijafadeeva@example.com,8 875 066 3370,2026-01-17
572,Эрнест,Сысоев,akulina_02@example.com,+7 (439) 920-11-66,2025-03-08
573,Григорий,Федосеева,miheevevgeni@example.com,8 448 869 46 11,2024-11-26
574,Никон,Гаврилова,gavrila_43@example.net,+70270116864,2025-04-16
575,Ксения,Федотов,darjadavidova@example.org,+7 (728) 179-3230,2025-05-11
576,Потап,Егорова,isidormjasnikov@example.com,81214161415,2022-06-24
577,Синклитикия,Медведев,samsonmartinov@example.net,+7 040 901 3806,2024-10-08
578,Пахом,Муравьев,svjatoslav75@example.net,8 553 566 9055,2025-08-01
579,Вышеслав,Зайцев,panovamilitsa@example.net,81843579786,2024-12-31
580,Алевтина,Молчанов,kabanovalidija@example.org,+7 573 976 9156,2026-02-12
581,Наталья,Мамонтов,vasilisa2018@example.org,+79328980271,2023-07-26
582,Виктор,Силин,ruslan_1979@example.com,8 (333) 211-6025,2025-12-20
583,Владилен,Казакова,efim47@example.net,+7 (871) 539-91-56,2025-12-31
584,Поликарп,Кабанова,psuhanova@example.net,+7 (341) 411-1593,2025-05-03
585,Лонгин,Тетерина,drozdovmodest@example.org,8 904 098 36 65,2025-06-11
586,Харлампий,Зуев,reginanesterova@example.net,+7 608 752 43 77,2022-12-13
587,Леонид,Новикова,galaktion09@example.com,+7 497 374 60 52,2025-09-02
588,Антонин,Беспалова,zinovifilatov@example.net,+7 (764) 208-65-67,2026-04-27
589,Милица,Воронцов,esharov@example.net,+73861259047,2024-12-23
590,Кузьма,Зыкова,ninelignatova@example.com,+7 (333) 059-12-66,2025-01-28
591,Савватий,Ефимов,anastasijabelova@example.com,+7 185 962 6301,2023-04-28
592,Валентина,Копылова,ladislav2008@example.org,8 176 475 01 11,2022-11-06
593,Филипп,Кондратьев,zinovi_1971@example.net,+71926764921,2023-08-30
594,Адриан,Устинов,dobroslav_1992@example.net,8 (887) 189-8131,2023-01-30
595,Лонгин,Николаев,agatanaumova@example.com,+7 293 218 4011,2024-05-20
596,Август,Чернов,tihon_26@example.net,+70848729758,2026-01-01
597,Зинаида,Лазарев,ernst_88@example.org,+7 303 243 2983,2024-09-22
598,Ульян,Панфилов,vladimir96@example.org,+76267146283,2022-08-23
599,Варвара,Филиппова,alevtina35example.net,ERROR-PHONE,2025-08-22
600,Лука,Моисеева,nainabirjukova@example.org,8 609 314 18 18,2023-12-27
601,Элеонора,Некрасов,alla_15@example.com,+7 (340) 163-61-12,2024-06-19
602,Милен,Родионова,hariton71@example.net,84849102562,2023-09-28
603,Самсон,Никитина,ustin_2003@example.com,+7 (408) 222-69-40,2026-01-12
604,Лариса,Фомичев,lidija_39@example.com,+7 (757) 844-68-34,2024-11-25
605,Ульяна,Исаев,blohinlev@example.com,+7 113 129 01 48,2026-01-29
606,Симон,Белозерова,silinanatalja@example.net,+7 (778) 816-09-30,2025-03-20
607,Вера,Стрелкова,pelageja_1989@example.net,8 (909) 728-3215,2025-09-19
608,Серафим,Мишин,milovan_2023@example.com,+7 (515) 381-44-74,2023-06-02
609,Ерофей,Беспалова,zinovevatatjana@example.com,+78079705097,2023-09-04
610,Дорофей,Брагин,vatslav_05@example.net,8 016 731 8826,2022-11-08
611,Ипатий,Савельев,averjan1978@example.net,8 (654) 562-84-17,2024-12-25
612,Платон,Кузнецов,gostomisl1977@example.net,8 313 402 6650,2023-01-01
613,Карл,Фролов,samuilkondratev@example.net,8 787 256 86 21,2026-03-11
614,Сидор,Козлов,gusevaviktorija@example.com,+7 (056) 906-7447,2022-09-09
615,Надежда,Соловьева,ngorshkov@example.org,+7 (341) 436-37-18,2024-10-20
616,Геннадий,Рыбаков,harlampievdokimov@example.net,+7 260 432 60 93,2022-09-21
617,Лев,Родионова,shcherbakovanadezhda@example.net,+7 (356) 708-6041,2023-06-09
618,Анисим,Громов,mili63@example.com,+7 005 347 4916,2023-02-06
619,Валерий,Денисова,mihail1988@example.org,+7 825 559 8953,2024-12-17
620,Вацлав,Осипов,fotiblinov@example.org,81093371189,2023-09-24
621,Герасим,Беляев,sinklitikija1981@example.net,+7 (368) 485-57-16,2022-08-18
622,Гурий,Полякова,gbogdanova@example.org,+72409036788,2026-03-31
623,Нестор,Куликова,ninelsitnikova@example.net,8 694 320 29 39,2025-02-22
624,Станислав,Михеев,ratibor_1998@example.net,+73448123083,2023-07-12
625,Касьян,Мамонтова,irinagushchina@example.org,+7 338 105 9551,2026-02-22
626,Юлий,Сафонов,kapiton_2010@example.com,8 005 342 4089,2022-10-14
627,Ярослав,Калинина,pfomicheva@example.com,88373543962,2024-02-22
628,Вадим,Попова,jzinovev@example.com,+7 (722) 397-24-04,2023-01-05
629,Евгений,Кудрявцев,marfazimina@example.net,+7 (163) 761-82-09,2022-10-04
630,София,Зимина,hvolkov@example.org,+7 231 429 0018,2025-04-21
631,Самуил,Потапова,lidija_13@example.org,87245723084,2024-11-13
632,Тихон,Капустин,lebedevanike@example.org,+7 862 030 36 62,2023-10-10
633,Давыд,Поляков,zinovi61@example.com,+7 (145) 195-1510,2024-10-11
634,Эмиль,Денисов,nataljalobanova@example.com,8 249 451 47 54,2025-08-08
635,Элеонора,Миронова,ustinovavde@example.org,+7 (526) 771-19-64,2022-12-09
636,Лучезар,Попова,vladimir_26@example.com,8 769 523 66 87,2024-07-07
637,Нестор,Сергеев,tverdislav2000@example.org,86893135030,2023-10-23
638,Милен,Молчанов,vsevolod2021example.org,ERROR-PHONE,2025-10-03
639,Устин,Меркушева,kiraribakova@example.org,8 333 021 26 06,2023-11-06
640,Самсон,Игнатова,nesterovfoma@example.org,82025213109,2025-09-07
641,Рюрик,Панфилова,wpetuhov@example.org,+7 (847) 657-04-12,2022-08-07
642,Гостомысл,Лебедев,eliseevadarja@example.net,8 678 498 43 62,2023-06-13
643,Октябрина,Родионов,galkinnarkis@example.org,8 903 628 91 77,2023-08-12
644,Аполлинарий,Евдокимова,ylarionova@example.org,8 634 111 5950,2023-04-26
645,Еремей,Рябова,sofijakiseleva@example.org,+7 438 303 4199,2022-07-16
646,Леонид,Соколов,anikita1972@example.org,8 468 356 5215,2023-12-28
647,Аким,Лазарева,varlaam_1998@example.org,8 790 422 71 13,2025-11-24
648,Софрон,Трофимова,galinasilina@example.net,88572545960,2025-12-03
649,Эрнст,Алексеев,narhipov@example.net,+7 (971) 024-81-71,2024-03-06
650,Климент,Борисова,kirasorokina@example.org,8 511 274 7472,2026-02-13
651,Олег,Зыков,andron1990@example.com,82758955168,2024-02-28
652,Иннокентий,Родионова,orehovaanastasija@example.net,8 (021) 462-9613,2023-11-30
653,Руслан,Тимофеева,glafira1975@example.com,8 (711) 216-6365,2022-08-14
654,Оксана,Селиверстов,ernest_73@example.net,+7 470 827 23 59,2022-06-26
655,Петр,Блохин,zilin@example.com,+7 (030) 644-2121,2023-06-16
656,Станислав,Котов,petuhovradislav@example.com,+72016542356,2024-04-14
657,Поликарп,Рогов,zinaida_2014@example.net,86089319925,2025-01-06
658,Сигизмунд,Ситникова,agafon_27@example.org,8 164 807 2791,2022-07-04
659,Феврония,Миронов,pantelemonignatov@example.net,86353390550,2023-07-27
660,Ратибор,Шарапов,sila17@example.net,8 558 685 12 76,2023-11-08
661,Наум,Ермаков,cheslav_1979@example.com,8 491 111 09 61,2024-05-06
662,Фома,Калашникова,varlaam_2005@example.net,+7 463 378 6137,2026-02-28
663,Мстислав,Сафонова,rostislav_66@example.org,+7 (844) 446-3060,2022-06-03
664,Оксана,Цветкова,margaritaodintsova@example.net,8 529 638 6396,2025-09-03
665,Милица,Коновалов,osidorov@example.com,8 582 631 28 19,2025-06-30
666,Вадим,Герасимов,fade25@example.org,+7 609 209 8196,2022-06-17
667,Элеонора,Терентьев,oksanakalashnikova@example.net,+7 (334) 383-64-04,2022-09-10
668,Варфоломей,Поляков,akulinakabanova@example.net,8 (911) 244-21-17,2025-09-26
669,Азарий,Шарапов,nikiforkomarov@example.com,+7 713 665 72 24,2022-05-26
670,Амос,Фролов,tatjanaevdokimova@example.net,8 579 980 2841,2023-02-17
671,Соломон,Некрасова,beljakovaakulina@example.net,+7 (351) 305-23-12,2023-06-06
672,Лидия,Гусева,evstigne2023@example.com,+77768634234,2026-03-17
673,Григорий,Костина,loginovfrol@example.com,+7 (767) 694-5919,2023-11-22
674,Акулина,Нестерова,ferapontkazakov@example.com,+7 720 849 64 98,2023-10-08
675,Пахом,Елисеева,andreevaevgenija@example.com,+7 (531) 355-25-10,2023-08-20
676,Рубен,Яковлева,terentevalora@example.org,8 381 649 3831,2024-08-08
677,Регина,Беспалов,drozdovpantelemon@example.net,8 533 077 0461,2022-11-09
678,Нестор,Мухин,feklabolshakova@example.net,80409074260,2025-12-10
679,Архип,Субботин,andron_1989@example.org,+7 644 556 18 57,2024-10-22
680,Семен,Молчанова,skirillov@example.com,+7 591 030 02 15,2025-10-21
681,Евграф,Воронова,ksavelev@example.org,8 800 401 0414,2023-09-05
682,Всеслав,Пономарева,spotapov@example.org,8 (125) 296-71-88,2023-04-28
683,Любим,Ермакова,vera1997@example.com,8 (314) 415-83-31,2022-08-29
684,Ермолай,Колобов,aristarh1981@example.net,8 371 539 88 54,2025-03-12
685,Ефим,Гордеева,praskovjakiselevaexample.org,ERROR-PHONE,2023-10-25
686,Евгений,Кудрявцев,jakub1998@example.com,+76249127113,2022-06-05
687,Вера,Михайлова,dorofe1985@example.com,8 (541) 815-63-26,2024-05-14
688,Моисей,Лазарев,marian_1972@example.com,+7 663 436 2948,2024-10-15
689,Анжела,Чернов,pimen_1976@example.org,+7 310 094 31 81,2023-06-18
690,Ефим,Емельянова,zsharov@example.org,+77323549401,2023-02-06
691,Изяслав,Александров,nonna1987@example.net,8 122 572 0765,2022-06-11
692,Милован,Силина,bazhen20@example.net,8 (907) 371-00-94,2025-09-13
693,Феврония,Пономарев,sila_1979@example.org,+7 457 758 47 45,2024-03-12
694,Эдуард,Меркушев,ladislav_58@example.net,+7 480 263 25 70,2023-05-04
695,Бронислав,Колесников,nmolchanov@example.net,8 148 782 45 56,2024-09-18
696,Спиридон,Котова,leonid30@example.net,8 916 795 4107,2026-01-25
697,Станимир,Пестова,oktjabrinafedoseeva@example.org,+79824741407,2022-07-10
698,Лев,Кузнецов,hristofor10@example.com,8 500 425 48 82,2026-03-05
699,Болеслав,Савин,gavrila36@example.net,+7 (075) 366-6144,2024-09-30
700,Любомир,Евдокимова,tatjanakudrjashova@example.net,82342683441,2023-07-20
701,Валерий,Егоров,trifon1980@example.com,8 (758) 575-6766,2024-03-15
702,Бронислав,Лукина,aleksandr_2023@example.com,+7 (943) 985-29-89,2025-11-14
703,Олимпий,Громова,simonovamarfa@example.org,+7 787 010 4159,2022-10-01
704,Виталий,Селезнева,feofan75@example.org,88038287232,2023-07-25
705,Зинаида,Власов,margarita07@example.net,+7 102 918 13 31,2024-04-03
706,Ладимир,Корнилов,prokl_1992@example.org,8 (238) 497-91-62,2024-11-26
707,Варвара,Трофимов,veronikazikova@example.net,+7 (883) 774-41-97,2023-10-30
708,Панкратий,Кулагина,nikifor61@example.com,8 204 719 60 94,2022-06-30
709,Вышеслав,Колобов,andronik2021@example.com,8 (402) 588-35-86,2024-05-30
710,Маргарита,Алексеева,viktorijakazakova@example.net,8 724 461 7679,2024-12-29
711,Владислав,Гаврилова,fekla_2007@example.com,8 995 996 1002,2023-04-15
712,Синклитикия,Суворов,chernovsaveli@example.com,+7 (126) 610-9410,2025-09-30
713,Акулина,Крюкова,zuevmstislav@example.net,+7 251 762 9833,2023-05-15
714,Оксана,Марков,evfrosinija1986@example.org,8 831 901 30 20,2023-10-19
715,Матвей,Фомин,ijakovleva@example.org,8 (733) 978-5598,2025-10-09
716,Назар,Мамонтова,bikovparfen@example.net,+7 912 841 17 30,2024-10-06
717,Никита,Горбунова,azari_34@example.com,8 124 189 3898,2023-08-11
718,Савва,Самсонова,nekrasovavalerija@example.net,+70056435023,2024-07-19
719,Афанасий,Калашникова,regina_03@example.com,89051699187,2026-02-22
720,Сергей,Петрова,marija01@example.org,+7 (567) 430-0038,2024-10-16
721,Адам,Гусева,rkolesnikova@example.net,8 (066) 266-82-17,2022-10-31
722,Арефий,Мухин,milovan_35@example.com,+7 (190) 368-9003,2025-08-11
723,Дмитрий,Воронцов,pavlovvladlen@example.com,+7 559 342 9671,2024-12-26
724,Серафим,Кудряшова,maksimovtihon@example.org,8 374 584 3845,2025-02-24
725,Лариса,Стрелкова,vasili_1973@example.com,87413283483,2022-11-07
726,Потап,Маркова,aleksandrafrolova@example.net,8 (107) 044-96-41,2022-08-07
727,Нестор,Белозеров,bpopova@example.com,+7 336 268 0408,2025-05-30
728,Каллистрат,Носкова,burovaeleonora@example.com,83059660186,2026-03-03
729,Маргарита,Яковлева,tvorimir76@example.net,8 (426) 732-0441,2026-05-10
730,Андрей,Сидорова,lavr_1989@example.com,+75449014954,2025-10-01
731,Рубен,Богданов,roman1970@example.org,8 783 609 1498,2023-08-13
732,Тамара,Кириллова,bikovdmitri@example.com,+74723229031,2024-12-23
733,Фока,Калашников,praskovjasamolova@example.com,+7 830 440 5809,2023-04-19
734,Вениамин,Соловьева,vorobevsilvestr@example.com,+7 335 956 16 42,2022-06-17
735,Куприян,Федотова,mark_65@example.com,+7 250 429 0193,2025-08-04
736,Фома,Третьякова,ljudmila_2014@example.net,8 369 026 1139,2024-05-16
737,Виталий,Терентьева,natalja_1993@example.net,8 (097) 887-5439,2023-07-14
738,Игнатий,Сысоев,maksimnikolaev@example.com,8 137 651 5881,2026-01-07
739,Иван,Сорокина,ernest1982@example.com,+7 (836) 929-44-55,2022-10-31
740,Фирс,Попова,godintsov@example.org,+7 (270) 216-4871,2022-11-12
741,Зоя,Миронов,shchukinanina@example.org,+7 288 665 26 83,2025-03-17
742,Ювеналий,Сидорова,shirjaevmartin@example.net,+7 015 767 64 72,2025-04-17
743,Христофор,Никитина,boris_1978@example.org,8 765 728 9413,2023-07-20
744,Фока,Волкова,anisim_98@example.net,8 456 522 03 68,2023-06-22
745,Викторин,Игнатьев,valerjan_54@example.org,+77732449134,2022-12-04
746,Раиса,Ширяев,ustindjachkov@example.net,+7 908 830 7053,2023-06-27
747,Владлен,Зимина,cmartinova@example.net,8 (411) 767-41-24,2025-04-14
748,Олимпиада,Костина,merkushevmina@example.org,+7 (152) 854-7815,2025-12-05
749,Спиридон,Калашников,gorbunovaantonina@example.net,+7 (800) 329-6334,2024-03-28
750,Влас,Афанасьев,dorofe2011@example.com,+7 830 617 89 32,2022-07-07
751,Алина,Игнатов,juri69@example.org,8 (824) 347-76-95,2024-07-13
752,Панкрат,Силина,valeri31@example.com,8 (536) 127-51-56,2025-03-06
753,Измаил,Павлов,selivan2003@example.net,+74836085456,2023-12-04
754,Карп,Лыткин,paramon1992@example.org,+7 (504) 763-9283,2025-06-23
755,Максим,Осипов,blohinjuri@example.net,88006155810,2024-06-07
756,Николай,Кононова,terenti_32@example.net,+7 (425) 563-8300,2025-09-28
757,Андроник,Веселов,varfolome_1998@example.com,+74033041662,2025-08-19
758,Марина,Горбунова,borislav11@example.net,8 008 921 96 39,2025-10-18
759,Кир,Фомичев,paramon_80@example.com,+7 (149) 764-6136,2024-08-08
760,Сильвестр,Емельянов,kondrati2021@example.net,8 076 581 73 90,2023-12-13
761,Феоктист,Рябов,prokofifomin@example.com,+75211823793,2022-09-11
762,Мария,Филатова,esidorova@example.net,83074645205,2025-02-11
763,Зоя,Гаврилов,akomissarova@example.com,8 (787) 535-7788,2025-10-17
764,Кира,Степанов,rusakovvasili@example.com,8 202 812 37 10,2025-11-25
765,Севастьян,Матвеев,danila2005@example.net,8 (660) 416-4485,2024-10-26
766,Станимир,Карпова,feoktist_22@example.com,+7 (958) 947-7352,2023-01-06
767,Геннадий,Субботин,avtonom1987@example.org,+7 043 318 75 10,2024-11-10
768,Федот,Вишнякова,angelinashestakova@example.net,+7 (503) 446-9459,2025-06-05
769,Христофор,Тимофеев,feliks83@example.org,+7 342 491 28 96,2023-09-06
770,Давыд,Иванов,ninel97@example.org,+7 (319) 222-7051,2025-12-10
771,Парамон,Казакова,kudrjavtsevaraisa@example.com,8 (548) 138-66-67,2023-10-12
772,Ермил,Колобова,lukjan_1999@example.net,+7 (426) 877-41-86,2024-12-19
773,Рубен,Воронцова,alevtinaknjazeva@example.com,8 639 836 5203,2024-02-16
774,Максим,Пономарев,evlampi_1970@example.com,8 480 940 4760,2026-05-05
775,Майя,Шашкова,kir09@example.org,8 (977) 278-10-50,2024-10-23
776,Борис,Дьячков,darjabespalova@example.org,+7 070 518 43 90,2023-09-10
777,Михей,Павлова,lora_29@example.net,+7 660 138 2412,2024-02-18
778,Дементий,Анисимова,juvenali38@example.com,+7 448 515 7919,2026-01-30
779,Надежда,Захаров,andreevbudimir@example.org,+7 (590) 203-57-13,2023-08-04
780,Натан,Кудряшова,vlasnikiforov@example.org,+72429563343,2023-01-25
781,Селиван,Рогов,isidor74@example.org,85587209628,2024-08-19
782,Константин,Аксенов,pshubin@example.net,8 884 183 4374,2022-06-26
783,Вышеслав,Колобов,miheevdorofe@example.com,85596905150,2022-12-29
784,Дорофей,Якушева,mark1988@example.org,8 427 820 7979,2024-08-30
785,Илья,Селезнев,zmartinova@example.com,8 957 640 3816,2024-01-24
786,Гремислав,Васильева,florentin69@example.org,+7 (498) 392-25-01,2023-08-06
787,Григорий,Русаков,ljubovribakova@example.com,+7 232 441 2336,2022-09-20
788,Фёкла,Дементьев,gerasimzimin@example.net,+7 725 178 6376,2025-09-07
789,Лукьян,Хохлова,valerikolesnikov@example.org,+7 (654) 696-81-57,2025-01-14
790,Татьяна,Воронов,poljakovaeleonora@example.org,8 558 099 6132,2024-05-11
791,Вадим,Ларионов,sobolevaklavdija@example.com,8 262 446 70 46,2023-01-29
792,Рубен,Калашникова,hkolesnikova@example.org,+7 516 025 29 86,2025-02-07
793,Ульяна,Киселев,martinovamilitsa@example.com,+76419785758,2026-03-31
794,Твердислав,Потапова,ustinovdenis@example.com,8 120 594 38 97,2024-02-06
795,Родион,Гурьев,kondrat1972@example.com,+7 954 654 0842,2023-07-14
796,Лаврентий,Анисимова,cmorozov@example.com,+7 915 086 3218,2022-09-27
797,Мечислав,Меркушева,polinagorbunova@example.com,8 (938) 970-15-50,2022-12-12
798,Богдан,Муравьев,shcherbakovsolomon@example.net,+76602416139,2023-05-28
799,Ираида,Ефремова,jakov88@example.org,+7 597 364 2480,2024-10-11
800,Орест,Аксенов,ijadorofeeva@example.org,+7 624 479 5133,2022-06-07
801,Милица,Третьякова,efrem_19@example.com,87969586780,2023-09-25
802,Октябрина,Лебедева,milan_72@example.com,+7 (826) 460-9178,2026-04-20
803,Лазарь,Логинов,nikitintaras@example.com,8 770 299 2959,2024-02-01
804,Октябрина,Иванова,sitnikovaija@example.net,+7 (682) 691-1633,2026-04-30
805,Осип,Крюков,denis26@example.net,+7 (694) 551-5888,2023-12-05
806,Конон,Муравьева,wpopova@example.com,8 (226) 408-57-21,2023-11-23
807,Евгений,Анисимова,alitkina@example.com,+7 932 998 1996,2026-02-21
808,Ярослав,Фокин,julian_32@example.net,+7 509 688 32 75,2025-04-02
809,Евстигней,Юдин,demidvoronov@example.net,+7 (410) 397-73-97,2026-04-26
810,Венедикт,Евдокимова,oktjabrinaovchinnikova@example.net,85237100687,2025-10-22
811,Людмила,Комарова,sharovpankrati@example.com,+7 980 770 46 05,2023-12-16
812,Владилен,Никитин,agafja_2006@example.com,+7 (491) 256-52-37,2023-03-14
813,Лора,Иванова,suhanovafanasi@example.com,+7 (454) 757-4949,2022-07-03
814,Александр,Зуев,veronikagalkina@example.com,8 954 429 4774,2022-12-23
815,Нестор,Копылов,veronikakosheleva@example.com,+7 (039) 429-0458,2025-05-05
816,Мечислав,Никифорова,onufri_1996@example.org,+7 (985) 856-72-87,2023-01-23
817,Мефодий,Савельев,qnovikov@example.org,+73324913577,2024-08-20
818,Оксана,Маслов,odintsovasvetlana@example.org,8 061 581 4888,2025-11-06
819,Иосиф,Емельянов,tretjakovatatjana@example.net,+72337209484,2022-09-22
820,Станимир,Кошелев,arsenilihachev@example.org,+7 333 997 7180,2023-08-20
821,Пров,Сергеев,lazarevsamson@example.org,8 (318) 939-74-90,2024-09-07
822,Евлампий,Медведева,molchanovprov@example.net,87046947258,2024-04-17
823,Ипат,Федосеев,anzhela44@example.net,+78847127058,2024-03-29
824,Евгения,Кошелев,darjagolubeva@example.com,+7 758 231 33 48,2023-08-01
825,Юлиан,Гаврилов,savva_1975@example.com,82523622925,2026-03-09
826,Эмилия,Мухина,valentina2003@example.com,+73474524555,2024-02-28
827,Аверкий,Хохлова,zalekseeva@example.com,8 065 274 03 34,2023-07-16
828,Любосмысл,Кудрявцева,akim_56@example.com,8 (339) 874-1132,2023-08-30
829,Эмилия,Александрова,marina2003@example.org,8 734 996 01 05,2023-06-19
830,Всеволод,Шарова,porfiri_41@example.com,+7 562 294 93 81,2024-02-11
831,Тарас,Прохорова,filipp_84@example.net,+70215573257,2023-04-09
832,Эрнест,Михеева,marian_34@example.com,+7 216 667 0808,2023-11-08
833,Тимофей,Иванова,ggolubev@example.com,+79511918182,2025-07-21
834,Анна,Щербаков,drozdovruslan@example.net,+7 647 725 12 95,2024-03-05
835,Фирс,Сафонов,bbragina@example.com,+7 960 035 6243,2024-09-11
836,Мина,Корнилова,tverdislav_73@example.net,82323421089,2026-02-19
837,Милен,Тетерина,guljaevavasilisa@example.net,+7 553 334 26 43,2026-02-07
838,Потап,Крылов,minakozlov@example.org,8 073 607 76 33,2025-06-11
839,Фока,Воронова,tarasovdemid@example.net,8 (123) 179-5563,2023-03-15
840,Самсон,Панфилов,lavrentevsilvestr@example.com,8 (170) 066-6155,2026-02-21
841,Клавдия,Романов,kudrjashovladimir@example.org,8 704 502 32 90,2022-11-14
842,София,Воробьев,verashubina@example.com,+7 934 596 2622,2026-02-07
843,Гремислав,Семенов,evgenijagromova@example.org,8 (346) 549-50-05,2022-06-22
844,Орест,Тарасов,anani2011@example.org,8 (698) 221-0531,2024-01-15
845,Павел,Зиновьева,makarovsaveli@example.com,8 (729) 047-7425,2024-12-25
846,Пелагея,Зимина,juri_17@example.com,83238223116,2023-06-28
847,Доброслав,Трофимова,krilovzinovi@example.com,+75798894256,2023-11-10
848,Ольга,Щукина,fainazinoveva@example.org,8 032 020 32 65,2022-05-29
849,Агата,Фадеева,svjatopolk2018@example.org,86737948714,2024-12-24
850,Ираклий,Федосеев,martin_1989@example.org,8 (871) 584-15-60,2026-03-21
851,Венедикт,Журавлев,antoninadanilova@example.com,8 (425) 476-8182,2023-12-13
852,Ефрем,Игнатьева,evlampi_1977@example.net,+7 358 929 8808,2023-10-23
853,Гордей,Медведев,tarassergeev@example.com,+7 (932) 896-34-06,2023-07-19
854,Любим,Дорофеев,pantelemon_2020@example.com,+70148439910,2025-05-19
855,Таисия,Меркушева,veronikatrofimova@example.org,+7 (626) 693-3513,2026-03-19
856,Нонна,Григорьева,visheslav61@example.net,+7 (372) 450-18-48,2022-10-08
857,Владилен,Киселева,ignati2007@example.com,87215406417,2024-01-24
858,Зиновий,Виноградова,pelagejamishina@example.com,+7 199 537 66 01,2025-10-27
859,Симон,Прохоров,marija44@example.net,8 451 017 39 73,2024-09-21
860,Феофан,Ситников,vasili78@example.net,88609191911,2026-03-24
861,Лора,Никонова,miroslavsavin@example.net,86605779806,2025-08-12
862,Ферапонт,Денисов,bdenisova@example.org,+7 514 607 4555,2026-04-03
863,Любосмысл,Фомичев,kirilltretjakov@example.org,+72388565271,2023-09-11
864,Лукьян,Федосеева,nonna_2015@example.org,+71165972634,2025-10-13
865,Митофан,Лукина,mili1988@example.com,+7 (250) 139-48-84,2025-05-21
866,Афиноген,Афанасьев,denis_1992@example.net,+7 196 425 85 62,2026-01-16
867,Филарет,Меркушева,sazonovkuprijan@example.net,+7 537 038 24 07,2023-04-04
868,Потап,Филиппова,innokentishashkov@example.org,+7 (204) 309-7768,2024-07-25
869,Фома,Лаврентьев,ostromirgerasimov@example.net,86454655358,2023-10-15
870,Иосиф,Горбачева,lidijasamolova@example.net,8 (921) 878-5193,2025-03-29
871,Аполлинарий,Русаков,zahar_1996@example.net,87796120878,2024-12-17
872,Мина,Титов,samson_21@example.net,+79409762637,2023-08-07
873,Орест,Дмитриев,maksimiljan39@example.net,8 (950) 905-9119,2022-08-12
874,Евлампий,Чернов,ktrofimova@example.net,82207151169,2025-03-01
875,Ирина,Блохин,akalashnikova@example.com,+7 (521) 452-64-71,2023-02-05
876,Анжелика,Калинина,ovlasov@example.com,+7 571 840 90 80,2025-02-02
877,Агап,Кузнецов,romanovavgust@example.net,8 640 995 1239,2024-05-08
878,Елена,Якушева,erofe_2024@example.org,+7 (959) 272-82-70,2024-11-05
879,Кузьма,Рябов,vissarion_2015@example.com,8 298 217 3929,2026-01-15
880,Прохор,Сысоева,vasilisa2000@example.com,+7 815 352 37 36,2022-07-11
881,Лидия,Лукина,fomichevaolga@example.net,81815899886,2025-05-21
882,Прохор,Хохлова,kondratmarkov@example.org,+7 (466) 661-7071,2023-08-24
883,Ульяна,Игнатьев,julian1991example.com,ERROR-PHONE,2025-06-11
884,Бронислав,Горбачев,lobanovaalina@example.org,89825080046,2023-02-11
885,Платон,Овчинникова,antonin_2016@example.net,8 (828) 503-1723,2025-03-17
886,Елисей,Сергеева,kulakovelizar@example.com,80063140352,2026-04-23
887,Аникей,Никифоров,mokefomichev@example.com,+7 (939) 469-43-46,2025-02-13
888,Клавдий,Рогова,aagafonova@example.com,+7 (749) 060-7231,2024-11-28
889,Добромысл,Белова,jakovlevselivan@example.org,8 246 484 4941,2025-05-27
890,Федор,Терентьева,magafonova@example.org,8 (328) 077-11-30,2025-09-10
891,Артем,Трофимов,anzhelikafadeeva@example.net,8 957 279 08 33,2025-04-05
892,Матвей,Кононова,ermakovaagafja@example.org,+72573066248,2022-08-12
893,Марина,Шашков,evdokijamironova@example.net,+7 713 984 8228,2026-03-20
894,Спартак,Тарасова,makarovaangelina@example.com,+7 925 502 1306,2022-05-16
895,Виссарион,Зиновьева,avdeevamarija@example.net,+7 (098) 107-9649,2023-11-28
896,Мечислав,Анисимова,seliverstkostin@example.com,8 (727) 853-24-26,2026-05-10
897,Пимен,Калашникова,margaritagrishina@example.org,+72076836253,2026-02-16
898,Наталья,Лихачев,avishnjakova@example.com,8 (675) 556-28-33,2023-03-24
899,Василиса,Капустина,filaretgrigorev@example.net,85786543627,2022-10-17
900,Остромир,Орлов,ladimir2020@example.net,+7 (358) 268-6270,2025-02-18
901,Ким,Копылова,qjakovleva@example.org,82693265732,2025-05-30
902,Тарас,Горшкова,luka2004@example.net,+7 111 000 5155,2023-03-04
903,Митофан,Дорофеева,ekaterinatimofeeva@example.org,8 977 524 4182,2025-12-18
904,Твердислав,Сазонова,galinaaksenova@example.org,86288743127,2022-09-30
905,Натан,Пестов,kuzminamarina@example.com,+7 (095) 799-27-07,2026-02-22
906,Демьян,Дорофеев,martjan_15@example.org,84621354159,2026-04-17
907,Панкратий,Ширяев,agge2005@example.net,8 438 480 7520,2024-12-15
908,Андрон,Некрасов,kallistrat76@example.com,8 (158) 029-09-04,2023-11-19
909,Евгения,Потапов,natan1991@example.net,8 558 665 25 48,2023-02-17
910,Борислав,Калашникова,karl17@example.net,8 810 213 1251,2022-12-23
911,Авксентий,Воронова,bojanknjazev@example.org,+7 591 297 5191,2022-08-02
912,Болеслав,Давыдов,evpraksijarusakova@example.net,+7 106 330 16 58,2023-02-17
913,Дорофей,Субботин,serafimeliseev@example.net,+79072801234,2022-12-08
914,Владилен,Котова,firs_2024@example.net,+7 325 326 94 96,2024-05-21
915,Нина,Трофимов,erofe64@example.com,8 (044) 210-1750,2024-11-02
916,Прокофий,Козлов,rjakovlev@example.net,+7 595 919 45 75,2025-04-30
917,Лонгин,Андреева,moise1998@example.com,+7 (392) 056-7756,2024-03-19
918,Полина,Мамонтов,radislav1978@example.net,8 025 626 50 62,2022-12-18
919,Никифор,Фокин,ekaterinabelova@example.org,+7 (453) 076-24-84,2023-04-09
920,Платон,Русакова,ernst2010@example.com,+7 (705) 115-79-42,2023-04-20
921,Леон,Дмитриева,ermola1993@example.org,+7 (549) 691-92-84,2023-09-22
922,Савватий,Гусев,zinaida_25@example.net,+7 756 335 3574,2024-07-30
923,Юлия,Дмитриева,ija_32@example.com,83993379705,2024-05-27
924,Любим,Сорокин,blinovgedeon@example.net,8 (779) 417-6342,2023-10-25
925,Алевтина,Иванов,muhinazinaida@example.org,8 597 824 5759,2025-11-22
926,Эрнест,Журавлев,evgenikondratev@example.net,+70388436604,2023-05-28
927,Антонина,Никифорова,kirakozlova@example.org,8 157 276 82 97,2025-05-24
928,Кирилл,Афанасьев,kolobovkir@example.com,87429250105,2024-07-27
929,Александр,Матвеева,vjacheslav_56@example.net,8 562 590 45 99,2022-07-08
930,Влас,Соколова,apollon_2010@example.net,+7 122 182 31 55,2023-09-18
931,Семен,Брагин,wzimin@example.org,8 (086) 628-1372,2022-10-27
932,Елена,Кудрявцева,zosima30@example.net,+7 037 003 3228,2023-08-21
933,Николай,Петров,obeljakova@example.net,8 (470) 681-0390,2023-03-13
934,Фома,Устинова,averjan1989@example.org,8 826 328 0944,2024-08-01
935,Раиса,Журавлева,nikanor_1979@example.org,+75354614707,2024-10-09
936,Вениамин,Михайлов,uljana_1992@example.org,8 133 943 94 57,2022-07-30
937,Ерофей,Соловьева,ferapontbelozerov@example.com,+7 403 253 7657,2026-04-18
938,Эдуард,Дроздов,pelagejaarhipova@example.net,+7 (191) 009-0040,2023-07-29
939,Валерий,Киселев,ktrofimova@example.org,8 336 514 6040,2025-12-14
940,Виссарион,Самойлова,vjacheslav47@example.org,+7 720 113 7984,2023-06-10
941,Ермолай,Титов,arseni2011@example.org,8 600 767 62 09,2025-12-13
942,Кондрат,Суворова,kondratevkliment@example.net,8 (340) 433-70-09,2025-09-13
943,Игнатий,Панова,sbaranova@example.com,+7 451 957 7825,2024-12-29
944,Любим,Горшкова,marfa_88@example.org,8 629 657 5427,2025-01-23
945,Эраст,Селезнев,bmolchanov@example.org,+7 (557) 782-05-82,2024-10-02
946,Филипп,Матвеев,akulina_2016@example.org,+7 (616) 188-0819,2022-05-17
947,Зосима,Карпова,viktorija_2023@example.net,8 715 586 8639,2023-10-07
948,Зиновий,Антонова,wvlasova@example.org,8 (230) 817-21-43,2025-05-20
949,Аким,Морозов,epifan81@example.org,+7 413 211 4716,2026-02-20
950,Ладимир,Зимин,slebedev@example.net,8 534 699 79 90,2025-01-28
951,Амвросий,Панфилов,chernovalarisa@example.com,8 (681) 699-57-06,2022-07-07
952,Ипполит,Макарова,svetlana2021@example.com,+7 131 765 39 70,2023-08-26
953,Ермолай,Максимова,fekla_2009@example.com,8 102 908 71 82,2024-03-18
954,Мария,Белов,iisaeva@example.net,+79187274204,2024-10-06
955,Бажен,Афанасьев,rpoljakov@example.org,8 (730) 626-04-23,2023-09-20
956,Виктор,Медведев,ivan2010@example.net,+7 (229) 907-75-60,2025-03-11
957,Савватий,Виноградов,aleksandra_81example.com,ERROR-PHONE,2023-06-23
958,Боян,Назаров,klavdija_1993@example.org,8 768 321 0219,2023-02-08
959,Мстислав,Кудрявцева,prokofiprohorov@example.net,+77129618033,2022-12-13
960,Аристарх,Соловьева,marfakuznetsova@example.com,+7 184 980 4253,2025-10-20
961,Самсон,Кондратьев,evgeninesterov@example.com,+7 (126) 881-2282,2025-10-21
962,Феофан,Суханов,arhipovsolomon@example.org,+7 (653) 460-6056,2022-06-21
963,Пелагея,Дьячкова,nikifor_79@example.org,+7 (798) 623-98-47,2025-06-14
964,Артемий,Куликова,btsvetkova@example.com,+7 205 464 75 48,2024-10-12
965,Регина,Комиссарова,rjurik87@example.com,88999275175,2024-06-28
966,Константин,Соболева,maksimovkarp@example.com,8 (355) 393-5435,2024-06-06
967,Парамон,Денисова,qnaumov@example.net,+7 (924) 358-8537,2024-09-07
968,Кузьма,Петухова,varvaravladimirova@example.net,+7 (395) 275-3674,2026-02-02
969,Эрнст,Баранов,timofe1989@example.com,+71686013477,2026-02-05
970,Ферапонт,Одинцов,fortunat_2016@example.net,+7 (406) 791-7665,2022-11-02
971,Андроник,Терентьева,varvaradenisova@example.org,+7 418 842 16 30,2025-12-04
972,Ярополк,Суворова,kuznetsovavalerija@example.com,+74633399948,2023-10-10
973,Фотий,Калашников,georgilebedev@example.net,+7 (263) 890-2199,2026-04-10
974,Орест,Зуев,svjatoslav11@example.org,+7 (792) 234-1034,2024-02-06
975,Варлаам,Терентьева,nrozhkov@example.org,+7 677 269 60 84,2023-03-07
976,Мефодий,Носков,polikarp2014@example.net,+7 789 679 3521,2024-10-05
977,Емельян,Кудряшов,yshirjaev@example.com,8 564 343 6970,2025-02-07
978,Азарий,Гуляев,artemisavelev@example.net,85560767616,2023-05-19
979,Самуил,Веселов,karpgromov@example.com,+7 (398) 983-06-50,2025-05-27
980,Яков,Аксенова,rogovgorde@example.org,8 (041) 847-2426,2023-06-22
981,Гурий,Голубева,elizavetaisakova@example.com,+7 319 092 48 76,2025-12-09
982,Эраст,Третьякова,aggekonstantinov@example.org,+7 114 281 78 52,2022-12-21
983,Любосмысл,Гурьева,zinaidaustinova@example.org,+7 (480) 880-62-20,2024-03-27
984,Модест,Романова,zhannasamolova@example.net,+77372132901,2026-04-16
985,Стоян,Ефремова,agatadmitrieva@example.com,8 (688) 687-85-99,2025-03-26
986,Орест,Миронов,qnazarova@example.net,8 (720) 319-5419,2025-12-22
987,Аким,Евдокимов,tsitnikov@example.com,8 (303) 627-92-46,2023-05-04
988,Ипполит,Туров,mjasnikovaelizaveta@example.com,8 775 372 60 32,2025-12-12
989,Милий,Тетерин,anisimovmstislav@example.org,8 619 458 87 07,2022-08-18
990,Автоном,Медведев,evlampi_48@example.org,+7 (840) 083-85-07,2023-12-22
991,Модест,Орлов,milan2005@example.com,8 (917) 768-0898,2022-08-18
992,Любовь,Бобылев,marinasuhanova@example.net,+72231964630,2022-07-15
993,Панкрат,Сорокина,pestovavera@example.org,+7 (626) 894-3012,2025-10-17
994,Руслан,Красильникова,militsa71@example.org,+7 (711) 759-57-49,2024-08-05
995,Галина,Колесникова,akulina_58@example.org,88493306745,2026-02-13
996,Ладимир,Исаева,sigizmund60@example.net,+71283337218,2024-05-20
997,Ферапонт,Нестеров,zpanfilova@example.com,+71329715066,2025-08-14
998,Мариан,Мясникова,nainamuhina@example.org,8 143 776 9366,2025-10-04
999,Гордей,Полякова,ilja92@example.com,8 961 111 0286,2024-04-30
1000,Авдей,Фокин,kolobovgeorgi@example.org,+7 (024) 559-10-24,2023-09-06
1001,Юрий,Смирнов,loginovaanzhelika@example.org,+7 (267) 149-4981,2025-09-08
1002,Казимир,Веселов,vseslav17@example.net,8 (179) 340-6527,2025-08-07
1003,Лариса,Лапина,simon_44@example.net,8 634 533 72 20,2022-09-05
1004,Владлен,Петухов,kulikovvelimir@example.com,+7 455 937 66 18,2025-04-11
1005,Ананий,Артемьев,lora37@example.net,+7 (635) 100-46-27,2024-03-19
1006,Радим,Федотов,tkapustina@example.com,8 659 202 4617,2025-11-11
1007,Соломон,Жукова,gedeon_02@example.org,8 (432) 600-55-95,2023-09-16
1008,Еремей,Анисимов,trofimovsidor@example.org,8 848 689 9936,2025-06-09
1009,Корнил,Комарова,panovafevronija@example.net,8 (045) 069-17-67,2026-01-06
1010,Захар,Мясников,lukashchukin@example.net,+74039464083,2022-07-10
1011,Анисим,Субботина,izjaslav1992@example.com,+7 488 608 49 07,2026-04-25
1012,Константин,Логинова,tvorimirnesterov@example.net,+7 368 528 30 61,2023-09-04
1013,Владислав,Доронина,samuillebedev@example.org,+72446263251,2025-06-02
1014,Архип,Степанов,leonid88@example.net,+7 (103) 142-17-51,2024-05-12
1015,Глафира,Максимова,ruben_1998@example.com,+71515263840,2026-01-01
1016,Мефодий,Марков,golubevgremislav@example.org,8 (837) 505-6618,2025-06-18
1017,Якуб,Петухова,krodionov@example.org,8 (913) 787-65-53,2025-12-16
1018,Филимон,Рогов,savelevaevdokija@example.org,+7 556 057 1219,2024-06-10
1019,Серафим,Титова,kapustinvsemil@example.com,8 (519) 053-4864,2022-07-07
1020,Всеслав,Аксенова,pavlovladimir@example.net,+76245618517,2023-08-05
1021,Макар,Фомин,orest00@example.com,+7 289 915 11 45,2023-08-20
1022,Фортунат,Ефремова,korolevflorentin@example.org,+7 304 488 18 98,2023-07-20
1023,Прасковья,Доронина,varvara_1986@example.com,+7 461 540 2119,2022-05-17
1024,Онуфрий,Киселева,andronik1996@example.com,+7 429 831 52 29,2025-02-28
1025,Ерофей,Трофимова,evdokimovagge@example.com,+7 (283) 608-49-37,2024-07-19
1026,Галина,Носов,gorbunovaekaterina@example.net,+7 (845) 269-6944,2023-05-10
1027,Анжелика,Жукова,krjukovpantelemonexample.com,ERROR-PHONE,2024-05-08
1028,Ольга,Селезнев,maslovharlampi@example.org,+7 (929) 132-03-30,2025-04-14
1029,Вениамин,Захарова,nfedotov@example.com,+7 310 615 3722,2025-04-04
1030,Остап,Симонов,bespalovmodest@example.com,8 (473) 236-5337,2024-04-25
1031,Пимен,Гущин,polikarp04@example.org,+7 (007) 843-61-42,2023-06-30
1032,Савватий,Кириллова,nataljakomissarova@example.org,8 (197) 543-7347,2026-03-19
1033,Всеволод,Морозов,gostomisl73@example.com,+7 (763) 882-1458,2023-05-19
1034,Ольга,Константинов,dorofeevsofron@example.com,+7 191 344 3899,2025-07-22
1035,Авдей,Петухов,dobromisl_2005example.net,ERROR-PHONE,2026-03-12
1036,Матвей,Смирнов,tatjana_86@example.net,8 (321) 464-49-36,2025-01-14
1037,Евсей,Брагина,valeri_67@example.net,+7 (505) 573-8573,2024-01-31
1038,Феофан,Авдеева,agge_2008@example.org,+7 (360) 376-81-18,2024-02-15
1039,Ерофей,Гришин,elenazinoveva@example.org,+7 040 961 49 73,2022-09-25
1040,Ипатий,Кошелева,julikovalev@example.org,88307482073,2025-07-17
1041,Иван,Уварова,varlaam_18@example.net,84065578201,2026-04-13
1042,Дементий,Агафонова,haritonovairina@example.org,+7 (302) 333-24-70,2025-01-02
1043,Викторин,Мухина,jankuzmin@example.org,+7 (546) 212-7602,2023-11-10
1044,Велимир,Романов,demid_2008@example.com,+7 (312) 616-32-48,2025-03-19
1045,Максим,Евсеева,harlampi_2020@example.net,8 (298) 937-62-97,2023-06-23
1046,Онуфрий,Капустин,ernst30@example.org,8 871 912 03 81,2024-08-07
1047,Лукия,Чернова,podintsova@example.net,+7 (082) 832-30-89,2024-07-14
1048,Борис,Ларионов,zhuravlevtimofe@example.net,8 (814) 458-2206,2024-04-27
1049,Ия,Анисимова,visheslavbragin@example.org,+7 829 716 81 57,2023-01-07
1050,Эмилия,Зайцев,martin00@example.org,+7 015 291 1371,2024-02-12
1051,Пелагея,Кондратьева,anzhelika_1990@example.net,80255618444,2022-12-30
1052,Тимур,Пестов,gedeon_2003@example.net,+77812248905,2023-11-17
1053,Александр,Беляев,seleznevanina@example.com,80043655158,2023-06-17
1054,Виталий,Воронов,militsamelnikova@example.net,8 248 355 05 42,2025-07-02
1055,Любовь,Федоров,ctrofimova@example.net,8 (063) 369-98-79,2023-10-12
1056,Степан,Фомин,mamontovajulija@example.net,+7 (104) 016-48-18,2026-01-08
1057,Демьян,Ковалева,osipovaivanna@example.net,8 (738) 363-81-64,2023-04-30
1058,Евфросиния,Капустин,baranovnifont@example.net,+7 (894) 642-03-62,2023-11-01
1059,Элеонора,Овчинников,petr_1982@example.com,+7 706 462 55 40,2023-02-08
1060,Елена,Давыдов,modestaleksandrov@example.net,+73017646448,2024-08-30
1061,Фаина,Савельев,silanti_2021@example.org,+7 538 882 45 27,2024-10-19
1062,Корнил,Афанасьева,muravevalukija@example.org,+7 433 335 3849,2023-08-15
1063,Варфоломей,Королев,afanasevefrem@example.org,+7 978 718 09 33,2024-09-24
1064,Онуфрий,Никифорова,semenrjabov@example.org,8 306 011 9875,2026-04-29
1065,Элеонора,Гусева,suvorovsidor@example.com,8 (002) 300-9156,2022-10-22
1066,Иннокентий,Власова,feklanazarova@example.org,8 577 449 16 09,2025-01-29
1067,Всеволод,Евсеева,nzinovev@example.com,+7 149 118 9418,2023-07-12
1068,Мефодий,Филатова,nikonlobanov@example.com,+7 926 322 3998,2022-12-14
1069,Мартын,Дьячков,radislavegorov@example.com,+7 140 428 86 05,2024-11-18
1070,Платон,Пестова,izot_76@example.com,+7 811 260 0308,2025-11-24
1071,София,Зайцев,nikita_69@example.org,8 271 531 23 45,2023-10-13
1072,Поликарп,Сергеева,jvolkova@example.org,+7 776 829 38 44,2025-05-11
1073,Фадей,Кузнецов,andreevazhanna@example.com,8 (735) 437-8826,2022-07-18
1074,Владилен,Киселев,mstislavgorbachev@example.net,+7 570 908 59 91,2025-07-28
1075,Радислав,Панфилов,filipp20@example.net,82699969964,2025-09-06
1076,Галактион,Белова,bronislav2020@example.com,8 969 325 9140,2025-06-13
1077,Евграф,Рябов,filaret93@example.org,+7 (342) 669-80-69,2025-02-27
1078,Викторин,Фомичев,savvati_1978@example.net,8 072 348 38 93,2023-08-30
1079,Варвара,Зыкова,anna_38@example.org,8 (040) 561-2996,2023-09-22
1080,Тихон,Мельникова,gedeon_1992@example.com,+7 (641) 869-65-61,2026-01-20
1081,Парфен,Лазарев,agafonshilov@example.com,+7 (385) 951-43-46,2024-07-11
1082,Симон,Некрасов,frolevseev@example.com,+7 027 300 8696,2025-12-27
1083,София,Носов,dgusev@example.org,8 (311) 395-0016,2024-06-21
1084,Нинель,Носков,boleslav49@example.org,+7 762 839 7620,2025-04-12
1085,Серафим,Бобылев,klimentdorofeev@example.org,8 (946) 207-26-62,2024-09-29
1086,Селиверст,Мухина,adam_81@example.net,8 (602) 991-40-68,2025-01-21
1087,Радован,Суворов,artem33@example.org,+7 255 235 61 78,2026-01-25
1088,Евфросиния,Ершов,avtonom1981@example.org,+7 920 613 63 85,2022-11-21
1089,Назар,Николаев,trifon2002@example.com,+7 (371) 844-4902,2025-10-26
1090,Сократ,Беляев,anisim_26@example.com,+7 644 037 34 16,2024-03-29
1091,Оксана,Елисеева,gushchinvjacheslav@example.com,8 (822) 102-17-98,2025-09-01
1092,Спартак,Доронина,isaevevlampi@example.com,8 298 579 73 63,2025-11-09
1093,Демьян,Макарова,ilja_2019@example.net,8 605 397 0798,2025-03-27
1094,Радован,Пестов,rkonstantinov@example.org,+7 673 682 0506,2024-07-09
1095,Захар,Боброва,prohorovdanila@example.org,8 521 650 5871,2025-02-08
1096,Афанасий,Виноградова,jsorokina@example.net,+7 (192) 596-79-08,2024-09-20
1097,Тит,Игнатьев,izmail69@example.net,8 (022) 050-9386,2026-04-05
1098,Эрнст,Муравьев,silvestr42@example.com,88811457887,2026-03-18
1099,Мир,Беспалова,shubinaninel@example.org,+7 (386) 767-38-20,2026-02-04
1100,Юрий,Гусев,kir1991@example.org,8 (798) 768-29-96,2024-05-19
1101,Флорентин,Карпов,vasilisafilippova@example.net,8 (085) 806-23-50,2025-02-21
1102,Наум,Архипова,nesterovamaja@example.com,85790012482,2025-06-22
1103,Станислав,Устинов,mstislav_44@example.org,8 (963) 259-42-32,2025-02-03
1104,Филипп,Рожкова,nikifor33@example.net,+7 562 415 28 57,2023-01-26
1105,Олимпий,Фомичева,nikita_29@example.org,83358951381,2024-08-07
1106,Анжела,Смирнова,xgrishin@example.org,8 (468) 509-5744,2023-04-04
1107,Виссарион,Гуляева,levisaev@example.net,8 (911) 797-2038,2025-09-10
1108,Боян,Филатова,foma_34@example.org,8 364 154 7155,2023-03-03
1109,Ермил,Прохорова,dementigromov@example.net,8 781 367 50 09,2023-06-04
1110,Анатолий,Игнатьева,valentinabobrova@example.org,8 276 981 9878,2022-08-07
1111,Мирослав,Осипов,olgaivanova@example.com,+7 (888) 562-2586,2024-01-09
1112,Раиса,Мясников,faina_98@example.com,8 (744) 227-5854,2024-07-10
1113,Лукьян,Моисеева,natalja_96@example.com,84282491165,2022-06-18
1114,Герман,Исаева,bobilevaalina@example.org,+75393132155,2022-08-21
1115,Ананий,Виноградова,markovalukija@example.com,+7 (682) 144-4889,2023-11-22
1116,Ефрем,Сазонов,gavrila1998@example.net,8 (746) 202-58-25,2023-07-06
1117,Лидия,Макарова,nazaroverofe@example.org,+7 231 239 20 49,2022-09-24
1118,Спиридон,Емельянов,aovchinnikova@example.org,8 472 387 50 82,2025-06-05
1119,Виктория,Сысоев,tsemenova@example.org,+7 (257) 754-58-47,2022-11-26
1120,Любосмысл,Бобров,uljanafokina@example.org,81876831608,2025-11-01
1121,Арсений,Фомичев,vissarion2006@example.org,+7 (373) 992-0522,2022-12-24
1122,Варлаам,Емельянова,ostapbobilev@example.org,8 591 438 82 32,2023-08-29
1123,Елизар,Кабанов,klavdija_39@example.net,8 (446) 177-7326,2023-07-09
1124,Ипполит,Борисова,drozdovalora@example.com,8 (912) 799-70-29,2023-01-21
1125,Иосиф,Ефимова,sorokinapollon@example.com,87871375298,2026-02-21
1126,Евдокия,Лобанова,ilja_1977@example.org,+7 256 083 20 04,2025-05-27
1127,Рубен,Семенова,ernst2015@example.net,8 (897) 535-8523,2024-11-28
1128,Егор,Морозов,duvarova@example.org,+74361995171,2023-09-30
1129,Филимон,Бирюкова,evfrosinijauvarova@example.net,+7 029 295 01 43,2024-04-09
1130,Аверкий,Борисова,evdokim_1973@example.org,8 713 971 91 26,2022-07-21
1131,Глеб,Фролов,viktorijaandreeva@example.org,8 (672) 019-11-16,2023-12-21
1132,Ян,Абрамова,evgenijavolkova@example.org,+7 725 873 3930,2023-07-14
1133,Емельян,Белова,petrshcherbakov@example.com,+7 274 812 4211,2023-07-01
1134,Вышеслав,Беспалова,elena_1992example.net,ERROR-PHONE,2023-09-16
1135,Геннадий,Рябова,ignatevalidija@example.org,+76209355610,2025-07-31
1136,Владимир,Савина,filaretkirillov@example.com,87013712436,2026-02-06
1137,Леон,Хохлова,makar_2000@example.com,+7 (304) 120-27-06,2022-11-07
1138,Серафим,Наумов,olgazhukova@example.net,+7 299 071 6690,2024-01-04
1139,Тарас,Маркова,vasilisasamolova@example.com,+7 554 203 40 30,2022-11-10
1140,Радислав,Зиновьев,onufri_79@example.net,8 491 579 55 46,2025-09-25
1141,Всеслав,Игнатова,ipatiarhipov@example.org,+77601080181,2022-07-07
1142,Иван,Медведев,konstantinovanadezhda@example.net,8 (641) 726-80-80,2024-06-05
1143,Амвросий,Мишина,prohor_12@example.net,+7 507 138 06 71,2023-05-07
1144,Анисим,Кулагина,lukija1982@example.org,+75847436213,2022-06-17
1145,Стоян,Мельникова,wgromov@example.net,8 766 947 0318,2022-05-19
1146,Глеб,Агафонова,evstignekoshelev@example.com,8 (466) 621-59-18,2023-04-28
1147,Арефий,Лукин,olimpiadasokolova@example.org,8 661 459 01 10,2024-02-23
1148,Андрей,Волков,galina1996@example.com,+79388194905,2023-05-11
1149,Ираклий,Николаева,filippovdementi@example.org,88094976987,2024-11-30
1150,Порфирий,Карпова,lazarevrostislav@example.net,+7 669 841 66 12,2023-03-23
1151,Карл,Чернов,antip77@example.net,+7 (256) 238-9949,2024-08-19
1152,Артем,Третьякова,kostinprokofi@example.org,+72620370878,2025-09-26
1153,Гордей,Коновалова,beljaevostap@example.org,+7 418 135 9989,2024-05-18
1154,Прокл,Блохина,gedeon2020@example.org,+7 889 480 1864,2023-07-30
1155,Радислав,Фомичева,galinamishina@example.org,8 883 978 5708,2023-01-19
1156,Панкрат,Блохин,osipovasofija@example.org,8 712 369 1496,2022-09-22
1157,Сигизмунд,Давыдова,kolobovgleb@example.net,84296882769,2026-02-18
1158,Аникей,Медведева,viktorija2005@example.com,8 314 196 1560,2024-05-03
1159,Кондратий,Давыдова,anastasija_1983@example.com,8 (835) 651-7962,2023-07-13
1160,Клавдия,Антонова,doroninaeleonora@example.com,+79668349604,2024-03-03
1161,Герасим,Куликова,georgi17@example.org,8 162 259 3648,2024-07-18
1162,Карл,Тарасова,ovchinnikovauljana@example.org,8 883 906 24 67,2022-12-19
1163,Парамон,Соловьев,prokl_2003@example.org,81141319359,2024-12-02
1164,Велимир,Абрамов,evfrosinijakulakova@example.com,+7 (760) 523-0458,2024-05-27
1165,Азарий,Одинцова,xharitonov@example.net,+7 (544) 724-19-16,2023-08-19
1166,Корнил,Хохлов,uvarovaevdokija@example.net,+7 966 177 1824,2024-09-26
1167,Надежда,Иванов,agafja_1972@example.net,8 782 141 74 68,2025-10-01
1168,Януарий,Фомин,ustinovzinovi@example.com,8 648 698 93 96,2025-02-22
1169,Наум,Яковлева,potap_1987example.net,ERROR-PHONE,2023-08-11
1170,Казимир,Исаев,bolshakovmatve@example.net,+7 119 292 0753,2025-02-23
1171,Милий,Данилов,sbragina@example.org,+7 716 039 88 63,2024-01-17
1172,Анжелика,Максимов,ostapturov@example.net,+7 894 559 06 70,2022-07-22
1173,Ипатий,Ефимов,vsemil48@example.net,+7 466 489 6676,2022-07-24
1174,Леонтий,Евдокимов,knazarov@example.org,8 577 580 97 45,2026-03-21
1175,Алексей,Якушев,silvestrkonstantinovexample.net,ERROR-PHONE,2022-11-19
1176,Алевтина,Фомин,isidor_66@example.org,8 540 165 99 53,2026-01-22
1177,Дорофей,Фролов,shubinanatalja@example.org,+7 (242) 767-74-62,2025-05-31
1178,Богдан,Казаков,kolesnikovalekse@example.org,+71158488600,2025-05-27
1179,Софрон,Вишняков,agafon_1976@example.net,8 (782) 312-99-57,2026-01-30
1180,Всемил,Рыбакова,teterinairaida@example.com,8 426 121 20 38,2023-05-14
1181,Ирина,Медведева,mefodi1982@example.com,8 807 852 54 82,2023-08-07
1182,Полина,Абрамов,agafonovfedosi@example.net,8 (545) 400-6445,2023-07-02
1183,Бажен,Цветков,martjan2011@example.org,+7 (327) 489-79-17,2024-02-11
1184,Виктория,Сафонов,nzhdanova@example.org,+7 (720) 388-62-17,2023-10-10
1185,Артем,Фролова,lapinasofija@example.org,8 304 530 69 35,2025-03-27
1186,Максимильян,Молчанова,galaktion_1985example.org,ERROR-PHONE,2023-04-12
1187,Архип,Панова,agap01@example.net,8 778 481 65 24,2023-05-18
1188,Твердислав,Гаврилов,kazimir_46@example.org,8 (517) 993-7810,2024-12-04
1189,Терентий,Сысоев,ilarion_91@example.org,8 (848) 699-9698,2024-06-01
1190,Лука,Силин,feklasemenova@example.com,82714724630,2025-08-07
1191,Ипполит,Шестаков,olga_2024@example.net,+72383972833,2024-08-18
1192,Василиса,Ильина,alekseevveniamin@example.net,8 (062) 932-88-09,2024-08-02
1193,Аникей,Лапина,gurikulikov@example.org,+7 023 200 18 67,2024-02-05
1194,Акулина,Рябова,solovevamvrosi@example.net,8 (761) 081-4356,2025-07-19
1195,Лучезар,Маркова,arkadi38@example.com,+7 (198) 074-6823,2023-08-15
1196,Евпраксия,Елисеева,lsimonova@example.com,+7 003 076 20 54,2026-02-18
1197,Адриан,Никонова,eshashkov@example.com,+7 666 641 1065,2023-07-22
1198,Зиновий,Воронцов,rogovbudimir@example.net,+7 785 169 9497,2022-07-12
1199,Петр,Дьячков,fominatamara@example.org,8 (348) 268-9996,2022-12-30
1200,Пимен,Кудрявцева,agafon1999@example.net,8 (891) 787-9150,2023-11-05
1201,Бажен,Сорокина,xdenisov@example.com,8 (609) 320-12-65,2024-03-06
1202,Натан,Новиков,florentin_2001@example.org,+71809521755,2024-05-26
1203,Корнил,Кудряшова,ribakovsevastjan@example.com,+7 274 692 11 88,2022-12-09
1204,Всеслав,Уваров,koshelevhristofor@example.com,+72229758917,2022-07-29
1205,Василий,Агафонова,marina54@example.org,8 (545) 705-6820,2025-09-27
1206,Сергей,Зимина,vasilisasazonova@example.com,+7 900 163 5640,2024-03-13
1207,Демьян,Новикова,vsemilmatveev@example.com,+7 (895) 400-17-88,2023-02-03
1208,Всемил,Дьячков,maja73@example.org,+7 685 071 05 80,2022-09-22
1209,Велимир,Лапина,avgust_92@example.com,+7 526 105 37 09,2022-11-26
1210,Петр,Никитина,morozovaoktjabrina@example.org,8 007 418 9485,2025-02-26
1211,Станимир,Колобов,vjacheslavlavrentev@example.net,8 989 365 29 44,2026-03-09
1212,Марина,Зайцева,tihonovbronislav@example.net,+7 (734) 813-10-45,2022-07-17
1213,Ефрем,Карпова,fevronija_89@example.com,+7 (174) 357-48-35,2025-11-05
1214,Онуфрий,Дементьева,nainalobanova@example.org,+78606739834,2025-12-03
1215,Демьян,Калашников,sila_1981@example.com,+7 (646) 280-5507,2025-08-16
1216,Прохор,Белоусова,ksenija06@example.com,8 515 623 9209,2022-06-30
1217,Семен,Боброва,tamara_51@example.org,+70913111786,2022-09-27
1218,Ксения,Бурова,baranovalora@example.com,8 (602) 206-95-35,2025-08-18
1219,Борис,Ефимова,ija12@example.org,+7 (275) 950-02-60,2022-09-04
1220,Добромысл,Дьячкова,shirjaevermil@example.net,8 947 950 7407,2022-10-04
1221,Ростислав,Соболева,ksenija1980@example.org,8 (059) 503-1006,2023-07-06
1222,Агап,Исаков,lazarmamontov@example.net,81045203608,2024-10-21
1223,Ярослав,Максимова,arseni18@example.com,+7 359 928 55 35,2025-02-07
1224,Аскольд,Виноградов,gedeon_05@example.com,+7 679 900 6968,2022-08-05
1225,Каллистрат,Беляев,nikanor_2010@example.com,+7 (784) 233-9449,2025-02-26
1226,Селиверст,Фомичев,zinovi_00@example.com,8 255 032 50 17,2023-03-18
1227,Никифор,Фомин,qisaev@example.org,+71784290292,2023-03-27
1228,Архип,Новиков,leonsuhanov@example.org,+7 906 053 0886,2024-05-26
1229,Бронислав,Комиссаров,agafonalekseev@example.org,8 732 904 57 59,2024-08-02
1230,Дорофей,Захаров,radim_1988@example.net,+7 (996) 426-03-36,2025-01-16
1231,Вячеслав,Фомичев,agafjadoronina@example.net,8 582 147 7092,2022-05-13
1232,Гостомысл,Савельев,vikenti1975@example.com,8 (023) 621-9215,2025-12-26
1233,Мария,Кузнецов,vladilen_1999@example.com,8 916 118 6385,2023-09-09
1234,Филарет,Галкина,boleslav_2011@example.com,8 (721) 688-00-53,2024-04-10
1235,Ювеналий,Бурова,artemhohlov@example.com,+7 (897) 284-54-01,2026-05-05
1236,Гремислав,Смирнов,glafiramolchanova@example.com,+7 283 948 2322,2022-08-06
1237,Клавдий,Миронова,matveevklavdi@example.com,+7 (281) 165-9930,2025-01-19
1238,Емельян,Комаров,gusevaaleksandra@example.net,+72322775213,2023-11-07
1239,Сила,Герасимов,andronikmjasnikov@example.org,8 506 463 00 59,2023-04-14
1240,Фотий,Григорьев,ratibor1995@example.com,88321029161,2024-03-28
1241,Гордей,Пономарева,msitnikova@example.org,8 (310) 438-4196,2023-12-05
1242,Викторин,Дьячков,tatjanafedorova@example.org,8 (080) 568-56-67,2026-03-05
1243,Никодим,Доронина,blinovaelizaveta@example.net,+7 (198) 655-04-94,2025-06-22
1244,Никифор,Карпов,ladimir07@example.com,+79339650496,2023-01-11
1245,Никандр,Федотов,vladislavsazonov@example.org,8 114 243 62 58,2025-02-21
1246,Софон,Владимирова,evgenija21@example.net,8 (087) 991-9623,2025-04-04
1247,Елена,Мишин,prohorovemil@example.net,+73385324725,2025-01-10
1248,Казимир,Стрелкова,tverdislav_33@example.org,+7 (031) 158-7605,2026-04-12
1249,Феоктист,Давыдова,moise76@example.net,+77576945353,2024-02-08
1250,Чеслав,Игнатьева,kasjan1992@example.net,8 (616) 342-1254,2023-11-03
1251,Мариан,Уварова,ija_2021@example.net,84815269255,2024-08-30
1252,Вениамин,Артемьева,celiseev@example.org,+7 (074) 235-9142,2023-11-25
1253,Евсей,Горшков,antonin48@example.net,+7 (614) 543-07-96,2023-03-29
1254,Адам,Семенов,zinovi1975@example.net,8 (178) 522-1158,2024-02-23
1255,Митофан,Лапина,kliment_1987@example.org,+72687447017,2023-02-19
1256,Остап,Горбачева,alevtinashubina@example.net,8 237 772 9665,2023-12-27
1257,Клавдий,Сазонова,ruslansmirnov@example.org,+7 052 781 0558,2024-12-28
1258,Святополк,Зиновьева,petrovaalevtina@example.org,+7 (214) 257-31-60,2024-10-10
1259,Татьяна,Самойлова,filippshubin@example.org,+7 (681) 720-3136,2024-11-06
1260,Демьян,Дьячкова,lora_28@example.com,+7 929 735 2595,2025-09-01
1261,Георгий,Антонова,izmailkulikov@example.org,8 (393) 899-20-45,2025-10-09
1262,Зосима,Сазонов,minatsvetkov@example.org,8 185 076 10 87,2022-07-17
1263,Виссарион,Жданова,marijakosheleva@example.com,8 (236) 010-7126,2022-10-04
1264,Евфросиния,Баранова,efrem_2020@example.net,+7 (176) 484-67-35,2024-02-17
1265,Зоя,Тимофеев,vlas23@example.org,+7 (280) 194-42-58,2026-04-27
1266,Мина,Корнилов,evgenijaborisova@example.net,+7 629 535 0637,2025-10-26
1267,Викентий,Беляева,artemkrasilnikov@example.net,+7 467 413 0753,2025-10-14
1268,Геннадий,Козлов,faina18@example.com,+7 362 608 46 39,2025-09-02
1269,Лонгин,Мартынова,varvara1990@example.org,+77055491215,2022-09-15
1270,Мефодий,Прохоров,askold19@example.net,8 409 196 93 95,2024-02-29
1271,Самсон,Евдокимова,miron2015@example.org,+7 204 262 0197,2022-09-29
1272,Егор,Сергеева,alekseevleon@example.org,+7 (696) 789-7609,2026-03-07
1273,Селиверст,Корнилова,ermola1974@example.com,8 (319) 227-60-75,2025-02-21
1274,Тихон,Одинцов,tvorimir_2005@example.net,8 339 431 9165,2023-08-06
1275,Марфа,Кириллова,pestovaraisa@example.net,85231202191,2023-10-08
1276,Наркис,Некрасов,nosovaljubov@example.com,+79747000268,2024-03-20
1277,Олег,Кириллов,leonid86@example.com,87974163656,2025-02-14
1278,Азарий,Авдеев,sidorovalora@example.org,+7 (553) 730-9649,2024-01-25
1279,Венедикт,Устинова,oktjabrinabikova@example.org,85296353059,2024-03-22
1280,Венедикт,Марков,borisovamargarita@example.com,8 (276) 364-3159,2023-07-09
1281,София,Агафонов,jakub_2017@example.net,86546634544,2025-05-04
1282,Юлий,Николаев,lora41@example.com,8 999 393 44 97,2023-07-02
1283,Светлана,Мельникова,osip40@example.net,8 (223) 095-8629,2025-04-02
1284,Анастасия,Воронцова,firsagafonov@example.net,8 (941) 321-0972,2022-08-09
1285,Синклитикия,Беляев,valerijasamolova@example.com,8 (548) 534-65-57,2025-07-24
1286,Автоном,Михайлов,vasilisapetrova@example.org,+74964612939,2022-07-30
1287,Всемил,Савина,baranovaljudmila@example.org,+7 375 658 96 35,2024-09-08
1288,Богдан,Беспалова,avde2001@example.com,89314584345,2023-12-12
1289,Тит,Ильина,borislavbogdanov@example.org,8 034 236 2203,2023-02-20
1290,Емельян,Миронова,kuzma1980@example.com,+7 043 796 86 80,2022-06-28
1291,Наум,Лобанова,lora_29@example.com,80217741743,2026-05-02
1292,Зосима,Белова,emeljan50@example.org,8 022 894 6652,2024-02-26
1293,Всеволод,Голубева,nadezhda_23@example.org,+7 (930) 202-56-91,2023-03-22
1294,Евстафий,Селезнев,danilovaakulina@example.org,8 771 167 50 76,2022-12-05
1295,Ипат,Бирюкова,julian2004@example.com,+7 245 301 2398,2025-06-09
1296,Касьян,Панова,danila1983@example.org,+7 (028) 471-90-17,2025-03-25
1297,Мстислав,Андреев,vasilisakalinina@example.org,8 (648) 717-75-46,2022-10-13
1298,Мирослав,Антонова,ivannavasileva@example.com,8 (387) 272-5812,2022-12-25
1299,Мефодий,Мамонтов,braginafaina@example.net,8 844 823 73 37,2024-08-26
1300,Владислав,Романов,evseevdorofe@example.org,+7 018 780 35 86,2025-08-03
1301,Антип,Дементьева,agafonovaanzhela@example.com,8 (403) 925-19-99,2023-05-14
1302,Таисия,Поляков,denis_95@example.net,8 (122) 276-43-38,2024-03-05
1303,Геннадий,Дмитриев,akulinadenisova@example.com,+7 626 549 63 30,2025-02-16
1304,Куприян,Елисеев,egorturov@example.com,8 (048) 878-99-50,2023-06-11
1305,Мстислав,Максимова,braginaglafira@example.org,8 851 953 77 49,2025-03-02
1306,Варвара,Гаврилов,marfakotova@example.net,+7 (956) 342-77-75,2025-07-16
1307,Аггей,Дьячков,ljudmilaermakova@example.org,+7 658 129 20 59,2025-04-05
1308,Виктор,Баранов,viktorijakapustina@example.com,8 630 295 5963,2024-02-07
1309,Анжела,Зыков,glafira2010@example.org,+7 (942) 066-15-49,2024-06-01
1310,Мария,Соболев,martjan_1975@example.org,+7 (800) 498-3211,2023-01-25
1311,Юлия,Степанов,antoninaseliverstova@example.org,8 481 582 6868,2024-05-10
1312,София,Пономарева,akirillov@example.org,+7 854 880 64 42,2025-09-16
1313,Филарет,Бобылева,volkovamarija@example.org,8 (778) 735-8566,2023-06-27
1314,Викторин,Рябова,tgalkina@example.net,8 234 219 26 22,2022-08-29
1315,Арсений,Тарасов,akulinatimofeeva@example.net,+72948314789,2025-06-13
1316,Прокофий,Тимофеев,tarasovsavva@example.net,8 999 949 81 28,2025-02-25
1317,Арефий,Быков,zinovevuljan@example.org,8 660 200 05 32,2024-07-07
1318,Валерий,Иванов,tihonafanasev@example.org,8 052 438 3805,2024-07-28
1319,Данила,Александрова,nainaodintsova@example.net,89007686276,2026-02-03
1320,Елисей,Устинова,demjansazonov@example.net,8 (963) 376-1851,2025-11-22
1321,Демьян,Евсеев,polina_2016@example.com,8 (136) 841-01-32,2025-01-05
1322,Майя,Журавлева,evpraksijamjasnikova@example.org,+7 (188) 352-79-18,2024-04-07
1323,Никандр,Пономарев,maslovaolga@example.com,+7 659 208 8143,2025-06-10
1324,Осип,Жуков,oktjabrinakosheleva@example.com,8 (815) 969-83-84,2023-10-05
1325,Людмила,Харитонова,denis2011@example.org,+7 (665) 686-29-59,2025-09-04
1326,Леон,Сидорова,lidijatretjakova@example.org,8 (992) 553-9460,2025-06-01
1327,Прокл,Беляков,vsemil99@example.org,8 (296) 694-17-99,2023-12-12
1328,Юлия,Соболева,shilovaagata@example.net,8 (474) 859-94-64,2022-08-29
1329,Ладислав,Цветков,evlampi_2015@example.net,8 734 785 36 98,2025-08-05
1330,Творимир,Павлов,shcherbakovkuzma@example.net,+74509286052,2022-10-31
1331,Ратмир,Федоров,sorokinamilitsa@example.org,8 648 900 82 48,2025-09-10
1332,Федор,Гуляева,spiridon_13@example.org,8 (983) 057-4883,2024-11-01
1333,Вацлав,Титова,kallistrat2016@example.net,8 630 275 0003,2022-07-18
1334,Христофор,Лаврентьева,margarita_66@example.org,85305641849,2023-02-15
1335,Пимен,Самсонов,tit2007@example.com,80870187260,2022-06-26
1336,Виталий,Белов,parfendavidov@example.net,+7 (444) 429-9067,2023-06-16
1337,Григорий,Елисеев,panfil_86@example.com,+7 622 155 9967,2022-11-28
1338,Дмитрий,Крылов,lshilova@example.org,80533470474,2024-04-12
1339,Елизавета,Кириллова,ikoshelev@example.com,8 593 965 2138,2023-04-06
1340,Константин,Харитонов,emeljanovaanzhelika@example.org,8 312 900 3622,2026-02-22
1341,Элеонора,Антонова,gushchinsavva@example.org,+7 (772) 648-83-95,2024-07-31
1342,Фотий,Денисова,fade_52@example.org,+72525161857,2023-11-01
1343,Мартын,Гордеева,tretjakovartem@example.org,+7 805 491 4774,2023-06-09
1344,Мир,Ермакова,mihekabanov@example.org,+7 (478) 417-15-94,2025-03-03
1345,Елизар,Богданов,evstigne1984@example.net,8 378 803 3183,2024-01-17
1346,Ангелина,Голубева,pahomovevstigne@example.org,82608788281,2023-10-09
1347,Евсей,Соколов,olganekrasova@example.com,+78625152174,2023-12-29
1348,Святополк,Юдина,makarartemev@example.org,8 (018) 915-6734,2023-06-23
1349,Самуил,Доронин,fsokolova@example.net,8 296 914 33 62,2024-09-16
1350,Антонин,Николаева,nazar64@example.com,89900108985,2024-04-11
1351,Лидия,Федосеев,lukinaelizaveta@example.net,+7 (118) 968-44-24,2023-12-02
1352,Полина,Мясникова,fekla_1999@example.net,87957285759,2023-10-03
1353,Венедикт,Рогова,vladlen_2023@example.net,80221797891,2025-08-22
1354,Ювеналий,Дьячкова,stojan83@example.net,8 (170) 598-44-51,2025-07-09
1355,Станимир,Шаров,paramonchernov@example.org,8 (112) 303-8856,2025-10-03
1356,Иннокентий,Николаева,nosovboleslav@example.net,8 (814) 590-09-92,2025-09-10
1357,Лука,Анисимов,ruslan2002@example.com,8 (669) 335-1588,2025-05-13
1358,Лучезар,Колесников,pelageja1970@example.net,+7 (601) 193-91-03,2026-03-12
1359,Леон,Федотов,vladlen_2018@example.com,8 513 609 0858,2025-07-20
1360,Макар,Ильин,maja_1976@example.com,+7 (437) 361-58-73,2023-11-16
1361,Ерофей,Маслова,cmatveev@example.org,8 896 933 5390,2025-03-06
1362,Михей,Калинина,tihon_56@example.org,+77315663979,2023-02-07
1363,Иосиф,Устинов,viktor_16@example.com,80283772702,2024-07-15
1364,Осип,Кузнецов,pnaumova@example.com,8 342 816 4416,2022-08-31
1365,Алевтина,Константинова,efremovroman@example.com,+7 (584) 640-5103,2025-01-13
1366,Авксентий,Лобанов,avgust_1977@example.org,+7 (763) 628-14-44,2024-03-04
1367,Лукьян,Костина,raisa_2002@example.net,+7 (096) 906-7649,2024-11-12
1368,Силантий,Белова,ermakovadarja@example.org,+79874551358,2025-05-09
1369,Радован,Лукин,vsemil2017@example.org,+7 (068) 811-6403,2023-07-31
1370,Артемий,Петрова,harlampiovchinnikov@example.net,8 (387) 758-33-36,2023-06-30
1371,Валентин,Абрамов,radim1970@example.com,+7 909 153 8602,2024-07-16
1372,Гурий,Силина,wfedotov@example.com,+7 412 319 0577,2022-11-23
1373,Аполлон,Быкова,svetlana41@example.org,8 (941) 932-45-38,2024-12-06
1374,Яков,Орехов,efremovaolga@example.net,+7 224 870 98 72,2025-05-03
1375,Демьян,Дементьев,firs63@example.org,+7 742 240 43 26,2022-10-04
1376,Лев,Фадеев,januari_1972@example.org,8 (616) 307-0286,2024-02-26
1377,Элеонора,Виноградов,anastasijakolobova@example.org,+7 953 662 1953,2023-12-30
1378,Рубен,Селиверстов,fortunat_1971@example.com,85001732590,2022-06-18
1379,Евграф,Лобанова,ermola2004@example.org,+7 722 113 8690,2025-05-01
1380,Вячеслав,Давыдов,afinogen2006@example.com,+7 045 461 71 92,2024-07-19
1381,Исай,Костин,muhinaverjan@example.com,+7 (602) 344-2252,2022-09-24
1382,Дмитрий,Котов,jnovikov@example.com,84120944772,2023-11-12
1383,Анастасия,Егорова,nikitinaevgenija@example.com,8 513 276 1794,2025-03-29
1384,Мечислав,Ларионова,litkinavera@example.com,8 985 160 2119,2025-01-11
1385,Петр,Орлова,terenti_91@example.org,8 498 647 86 86,2022-11-13
1386,Сидор,Воробьева,natan2026@example.org,+74740837819,2022-10-19
1387,Ферапонт,Осипов,emeljanovakira@example.net,+7 640 069 83 69,2026-03-17
1388,Иван,Наумов,evpraksijaustinova@example.com,8 (486) 470-8213,2024-08-27
1389,Дорофей,Анисимов,ostap_1987@example.com,+7 212 372 0550,2025-11-15
1390,Адам,Ковалева,avdesemenov@example.org,8 (634) 673-9190,2022-05-16
1391,Будимир,Николаев,filimon_2013@example.net,+71600916923,2022-11-30
1392,Фома,Фомина,egor2022example.net,ERROR-PHONE,2024-06-27
1393,Никанор,Соколов,nonna2010@example.org,8 (548) 186-7463,2022-07-10
1394,Софон,Жданов,rusakovafekla@example.net,+7 (361) 137-1181,2023-08-20
1395,Максим,Козлова,anzhela_1990@example.com,+7 (942) 034-01-53,2023-08-28
1396,Амвросий,Рожков,klavditihonov@example.com,8 699 944 9466,2024-02-16
1397,Всеслав,Лукин,belovaanastasija@example.net,+7 281 822 3879,2026-01-18
1398,Ананий,Михайлова,avgust26@example.org,8 817 452 7353,2024-01-03
1399,Аггей,Соколов,elenakonovalova@example.com,+71291828518,2022-10-28
1400,Демьян,Кириллова,emjasnikova@example.net,8 590 461 0079,2023-01-19
1401,Аким,Киселев,belousovanatalja@example.com,+7 283 827 10 12,2023-02-28
1402,Парфен,Кудрявцев,tatjanazinoveva@example.net,8 120 485 0766,2025-05-13
1403,Марфа,Тарасов,isidornikiforov@example.com,+72276346019,2022-09-17
1404,Маргарита,Панфилова,averjangromov@example.com,+7 (472) 435-8617,2026-05-10
1405,Регина,Медведев,david_1979@example.com,+7 (726) 708-66-65,2026-02-01
1406,Кирилл,Степанов,jgushchina@example.org,87687849477,2025-09-05
1407,Емельян,Владимиров,fainasemenova@example.net,+7 061 848 9742,2022-11-11
1408,Леон,Мухина,kim_34@example.org,8 682 121 56 49,2025-04-24
1409,Дементий,Морозов,gremislav_54example.net,ERROR-PHONE,2026-03-29
1410,Дарья,Зуева,kondrat11@example.org,87388182730,2025-10-15
1411,Мартын,Мельникова,tabramov@example.org,84882188496,2024-07-04
1412,Милан,Терентьева,qkornilov@example.org,+7 102 125 43 41,2025-07-26
1413,Викторин,Быкова,zinaidasamolova@example.org,8 049 860 37 21,2025-03-19
1414,Егор,Большаков,nikandr_1972@example.org,+7 319 789 9901,2022-09-19
1415,Савелий,Кулагина,amos03@example.com,+7 317 197 86 01,2025-11-24
1416,Елизавета,Панова,jvishnjakova@example.com,80841947855,2026-01-16
1417,Матвей,Третьяков,vorobevelise@example.com,8 821 072 8878,2025-05-03
1418,Синклитикия,Макаров,vseslav2013@example.net,+7 (716) 160-8819,2024-03-28
1419,Евпраксия,Рябова,vasilisarozhkova@example.org,86477183753,2022-07-09
1420,Добромысл,Орехова,gbaranova@example.org,+78085578002,2024-12-18
1421,Дорофей,Большаков,evlampi23@example.com,+7 690 696 85 74,2023-12-15
1422,Елена,Колесникова,adrian1991@example.com,8 169 139 5215,2022-07-31
1423,Галактион,Носов,djachkovorest@example.com,+7 070 335 08 42,2023-06-28
1424,Ефрем,Борисова,veniaminorehov@example.net,+7 (484) 813-00-41,2025-04-25
1425,Иван,Тарасов,avdeevagafon@example.com,+7 (151) 675-86-46,2025-03-18
1426,Максим,Абрамов,ignatiharitonov@example.net,+78110501476,2023-05-26
1427,Парамон,Зиновьева,pelagejaselezneva@example.net,+7 573 855 12 81,2025-12-25
1428,Игорь,Никитина,maksim2015@example.org,8 978 155 4260,2025-05-29
1429,Адам,Тимофеев,gostomisl1982@example.com,+74654677205,2022-08-14
1430,Аркадий,Ларионова,kozlovrodionexample.org,ERROR-PHONE,2024-05-11
1431,Раиса,Большакова,denisovnestor@example.com,8 (837) 031-75-43,2024-06-24
1432,Ладислав,Новикова,ninelanisimova@example.org,8 726 029 2546,2025-02-06
1433,Федор,Павлова,canisimov@example.org,+70766420763,2022-12-08
1434,Емельян,Архипова,samolovelise@example.com,8 (676) 259-2386,2025-03-31
1435,Ираида,Семенов,ernst1972@example.net,+78869320553,2023-05-26
1436,Савватий,Власов,aleksandr_89@example.org,86159764053,2025-02-01
1437,Савватий,Козлова,ostap_70@example.net,87755426190,2023-04-29
1438,Самсон,Гаврилов,isidor_1978@example.org,8 273 202 22 71,2022-10-14
1439,Антонина,Лаврентьева,shchukinrostislav@example.com,8 (691) 716-20-42,2024-10-29
1440,Устин,Константинов,moke_1976@example.com,88305216903,2024-09-11
1441,Ольга,Шарапов,evgenijanovikova@example.org,88014264710,2024-01-18
1442,Ростислав,Вишнякова,bespalovaanzhela@example.com,+7 316 370 5004,2024-09-10
1443,Добромысл,Селезнев,dobroslavtihonov@example.com,+76931729476,2026-04-11
1444,Амос,Селезнева,averki_2000@example.net,8 540 259 98 51,2025-02-26
1445,Роман,Родионова,ernesttsvetkov@example.org,+7 (728) 129-16-35,2024-12-19
1446,Владлен,Зимина,faina96@example.org,8 676 527 28 45,2026-04-08
1447,Фрол,Дементьев,kapiton2005@example.net,+7 708 864 0675,2025-05-16
1448,Автоном,Казакова,romanovaalina@example.net,+7 929 022 15 43,2024-11-02
1449,Фотий,Савельев,isidor89@example.org,+7 (253) 332-02-35,2022-08-18
1450,Максимильян,Пахомов,margaritalihacheva@example.net,+7 193 545 0369,2024-05-17
1451,Ярополк,Колесников,fedot_1986@example.org,+7 (324) 362-9620,2025-08-10
1452,Оксана,Комарова,konovalovatatjana@example.net,+7 (124) 412-9075,2025-05-13
1453,Юрий,Федотов,nisaev@example.net,+7 123 763 1774,2024-09-17
1454,Добромысл,Соболева,gorde10@example.com,+71937591922,2023-12-10
1455,Светозар,Кононов,filatovivan@example.org,+7 (626) 475-2864,2023-11-22
1456,Парамон,Журавлев,alevtinabelozerova@example.net,8 (300) 992-84-52,2023-06-11
1457,Арсений,Рогов,gurikrjukov@example.org,+7 (550) 514-3219,2024-12-01
1458,Святослав,Гордеева,izot08@example.com,87247925422,2026-03-30
1459,Агата,Орехова,trifon_1983@example.com,8 819 204 8770,2024-02-01
1460,Емельян,Шарова,kfedoseeva@example.org,+7 (299) 865-1590,2023-01-09
1461,Пимен,Хохлов,ljudmila2000@example.com,+7 858 588 3825,2025-02-26
1462,Адам,Овчинникова,vsemil1992@example.org,8 (467) 292-5435,2025-04-22
1463,Давыд,Кузьмина,ustinovfoti@example.com,+7 (225) 018-25-62,2025-05-21
1464,Евгений,Медведева,prokofi28@example.com,+72012234149,2024-08-26
1465,Клавдия,Миронова,ustinovaagafja@example.net,8 627 026 60 45,2025-09-02
1466,Петр,Колесников,silinafaina@example.com,+7 (174) 003-91-01,2024-08-28
1467,Тимофей,Белоусова,moisefadeev@example.org,+7 (224) 711-93-60,2025-02-20
1468,Гаврила,Стрелков,bpestova@example.net,8 (056) 461-60-76,2025-11-03
1469,Степан,Савельева,nvorontsov@example.net,8 009 537 2346,2022-09-20
1470,Евгения,Поляков,jaleksandrova@example.org,+7 (361) 094-4164,2022-11-28
1471,Кирилл,Бирюкова,valerjankolesnikov@example.com,+71372776857,2026-03-01
1472,Эрнест,Логинов,rodionovaevfrosinija@example.com,+7 (904) 617-55-18,2024-07-24
1473,Яков,Степанова,beljaevapolina@example.net,+7 (242) 024-8374,2023-06-05
1474,Карп,Пахомов,bazhen72@example.org,8 538 694 79 02,2023-10-18
1475,Зиновий,Симонов,faina85@example.net,+7 (689) 047-23-86,2025-04-18
1476,Мартьян,Панов,arseni00@example.net,8 (557) 421-6435,2025-06-24
1477,Эмилия,Быков,shchukinaaleksandra@example.net,8 (814) 604-76-14,2023-04-01
1478,Ратмир,Орлов,stanimir_1984@example.org,8 618 756 46 72,2025-01-28
1479,Фадей,Уварова,olukina@example.com,+7 541 858 99 00,2022-12-15
1480,Автоном,Игнатьева,irina1979@example.org,8 (450) 786-0435,2024-01-03
1481,Зосима,Кудряшова,vvinogradov@example.org,+7 (746) 983-3067,2024-12-08
1482,Савва,Родионова,azarizikov@example.com,+7 822 266 79 41,2024-10-25
1483,Петр,Прохоров,radislav_1998@example.net,+7 (859) 067-3963,2023-07-31
1484,Сила,Белякова,raisashubina@example.net,8 (605) 504-92-21,2025-02-19
1485,Таисия,Родионова,belousovatamara@example.com,+7 867 066 32 01,2023-12-20
1486,Агафон,Блохин,uljanateterina@example.net,+7 (992) 891-9827,2022-11-03
1487,Татьяна,Исаков,nainafilatova@example.com,+7 (717) 086-4942,2023-12-25
1488,Ирина,Ершова,gleb03@example.net,8 (313) 549-0145,2025-06-17
1489,Эммануил,Ефимов,bmjasnikov@example.com,+7 958 730 54 98,2023-01-04
1490,Фёкла,Наумов,ignati88@example.net,+7 (021) 781-6780,2023-11-27
1491,Вероника,Зуев,pteterina@example.com,+7 589 016 49 28,2022-09-25
1492,Викентий,Селиверстов,medvedevanonna@example.org,+7 926 407 0308,2024-11-16
1493,Гордей,Брагин,miheevaangelina@example.com,+7 (829) 682-44-85,2025-05-15
1494,Гедеон,Павлова,nesterovaakulina@example.com,8 (959) 274-1168,2022-05-15
1495,Венедикт,Александров,molchanovemil@example.com,8 (662) 080-82-03,2024-11-09
1496,Пантелеймон,Колесников,arefi2005@example.org,+74435962458,2025-01-30
1497,Нина,Михеева,averjan1974@example.org,+72425369091,2026-02-11
1498,Ипат,Соколов,elenaribakova@example.com,+7 (849) 760-39-67,2022-05-13
1499,Таисия,Константинова,ilja65@example.org,+70553648187,2025-07-08
1500,Клавдия,Некрасов,evfrosinija03@example.com,8 (821) 597-7385,2023-06-19
