order_id,customer_id,order_date,status
1,82,2025-07-26 09:24:00,Completed
2,1107,2025-09-17 20:32:00,Processing
3,997,2023-08-11 16:05:00,Completed
4,343,2025-02-07 18:40:00,Completed
5,1404,2024-04-18 21:44:00,Processing
6,1325,2023-03-01 15:45:00,Completed
7,78,2023-08-26 12:35:00,Completed
8,1178,2023-07-13 15:40:00,Processing
9,887,2024-08-18 08:41:00,Cancelled
10,130,2025-02-12 22:32:00,Completed
11,594,2025-08-10 20:59:00,Processing
12,782,2024-01-16 10:34:00,Completed
13,280,2025-09-21 10:19:00,Completed
14,23,2025-03-04 08:00:00,Cancelled
15,1222,2024-02-10 11:47:00,Completed
16,434,2024-11-05 10:11:00,Completed
17,1264,2024-08-22 20:36:00,Completed
18,1125,2024-02-10 18:04:00,Completed
19,202,2023-10-11 13:08:00,Completed
20,205,2024-04-11 15:28:00,Completed
21,1263,2025-08-19 17:23:00,Completed
22,878,2023-08-26 11:45:00,Processing
23,567,2024-09-16 15:28:00,Completed
24,626,2024-03-21 17:05:00,Completed
25,287,2025-08-24 09:57:00,Completed
26,1039,2025-09-25 17:13:00,Completed
27,1130,2024-11-16 18:49:00,Completed
28,750,2024-09-05 15:32:00,Cancelled
29,186,2024-08-22 11:54:00,Cancelled
30,1402,2023-03-15 10:11:00,Cancelled
31,1159,2025-03-24 19:30:00,Completed
32,83,2023-04-03 12:23:00,Completed
33,88,2025-09-13 15:58:00,Processing
34,96,2023-06-04 19:33:00,Completed
35,540,2025-03-13 18:24:00,Completed
36,1204,2025-02-17 12:24:00,Completed
37,1058,2024-09-16 20:30:00,Cancelled
38,14,2025-10-06 11:04:00,Cancelled
39,1318,2024-08-06 13:38:00,Completed
40,1354,2023-06-24 09:30:00,Processing
41,982,2023-07-01 11:02:00,Completed
42,1175,2025-08-19 10:03:00,Completed
43,529,2023-07-20 17:40:00,Completed
44,1474,2025-05-03 11:28:00,Cancelled
45,966,2024-09-20 10:50:00,Cancelled
46,373,2025-05-06 19:43:00,Completed
47,929,2025-04-13 14:08:00,Completed
48,34,2023-11-22 14:52:00,Completed
49,1241,2023-08-26 16:32:00,Completed
50,191,2024-12-18 21:00:00,Processing
51,1070,2024-08-23 16:27:00,Completed
52,988,2024-08-14 10:16:00,Processing
53,477,2023-09-09 11:00:00,Completed
54,1184,2025-08-13 18:13:00,Completed
55,838,2024-09-21 17:16:00,Completed
56,1098,2024-12-09 18:25:00,Completed
57,847,2025-10-06 13:35:00,Cancelled
58,991,2024-12-12 20:45:00,Processing
59,283,2025-08-15 20:44:00,Completed
60,206,2023-06-26 16:39:00,Completed
61,330,2024-01-26 09:52:00,Completed
62,966,2025-02-09 11:23:00,Completed
63,1248,2023-07-20 18:33:00,Completed
64,1458,2025-08-21 15:28:00,Completed
65,414,2025-11-10 11:02:00,Cancelled
66,1046,2025-12-06 18:02:00,Completed
67,490,2025-08-03 12:49:00,Processing
68,724,2025-08-17 08:47:00,Completed
69,185,2025-09-12 21:17:00,Completed
70,1242,2023-07-19 08:16:00,Completed
71,834,2025-08-17 12:21:00,Completed
72,1052,2024-12-09 19:28:00,Processing
73,1154,2024-06-25 15:43:00,Processing
74,1202,2023-05-03 14:40:00,Completed
75,1387,2025-09-14 13:33:00,Cancelled
76,20,2025-04-10 09:25:00,Completed
77,156,2025-10-11 13:13:00,Cancelled
78,552,2023-04-16 19:12:00,Completed
79,496,2024-08-27 11:53:00,Cancelled
80,730,2023-02-03 18:42:00,Processing
81,1258,2023-11-02 21:30:00,Completed
82,1272,2024-12-28 12:31:00,Completed
83,1047,2024-08-02 16:51:00,Processing
84,980,2025-09-13 21:43:00,Completed
85,937,2023-10-11 19:00:00,Completed
86,1381,2023-08-11 13:39:00,Completed
87,384,2025-09-16 17:21:00,Completed
88,377,2024-07-23 20:23:00,Completed
89,821,2024-12-05 17:43:00,Completed
90,205,2025-08-18 14:54:00,Processing
91,402,2023-03-16 20:00:00,Completed
92,864,2024-09-26 15:19:00,Completed
93,1152,2025-08-23 10:03:00,Completed
94,521,2024-02-15 19:21:00,Completed
95,740,2024-05-12 08:26:00,Completed
96,720,2025-04-19 17:41:00,Cancelled
97,358,2024-09-25 19:28:00,Completed
98,781,2025-08-28 10:40:00,Completed
99,864,2025-07-28 22:04:00,Completed
100,332,2024-09-21 12:45:00,Completed
101,1240,2025-09-25 21:23:00,Cancelled
102,1067,2024-03-28 08:08:00,Completed
103,1356,2024-02-07 10:25:00,Completed
104,196,2023-10-18 08:01:00,Processing
105,1074,2023-08-03 18:59:00,Processing
106,634,2023-09-15 18:08:00,Completed
107,1079,2023-09-28 22:20:00,Processing
108,957,2025-11-15 10:44:00,Cancelled
109,363,2025-12-14 16:40:00,Cancelled
110,635,2024-04-26 09:28:00,Completed
111,750,2024-09-01 08:33:00,Completed
112,705,2024-01-23 22:31:00,Processing
113,614,2023-05-20 11:50:00,Completed
114,1123,2024-09-13 11:10:00,Processing
115,775,2023-09-21 11:33:00,Cancelled
116,1422,2025-09-14 11:54:00,Completed
117,374,2023-09-20 15:17:00,Cancelled
118,1008,2023-08-02 16:01:00,Completed
119,210,2024-09-24 08:14:00,Completed
120,309,2023-06-14 12:50:00,Processing
121,761,2024-01-11 09:53:00,Completed
122,115,2024-02-18 15:11:00,Completed
123,513,2024-02-25 19:15:00,Processing
124,908,2023-01-07 15:47:00,Completed
125,1068,2025-10-13 18:19:00,Completed
126,325,2025-11-17 09:16:00,Processing
127,1308,2024-08-28 18:13:00,Completed
128,484,2025-01-06 20:17:00,Cancelled
129,246,2024-01-02 17:50:00,Processing
130,1410,2025-08-08 10:31:00,Completed
131,1405,2025-08-02 13:41:00,Completed
132,1437,2025-03-16 11:20:00,Cancelled
133,1321,2024-10-24 11:01:00,Processing
134,734,2025-08-16 19:28:00,Cancelled
135,604,2025-04-19 10:34:00,Completed
136,663,2025-12-28 16:10:00,Completed
137,1088,2023-05-18 13:29:00,Completed
138,1307,2025-08-01 17:54:00,Completed
139,1271,2023-08-22 16:52:00,Processing
140,389,2025-11-05 17:18:00,Completed
141,840,2025-08-17 18:04:00,Completed
142,266,2023-04-04 15:12:00,Completed
143,66,2025-07-22 15:33:00,Cancelled
144,1437,2025-09-08 17:45:00,Completed
145,27,2023-02-15 20:40:00,Completed
146,740,2025-07-27 13:50:00,Completed
147,1264,2024-02-27 12:04:00,Completed
148,1064,2023-08-18 14:12:00,Completed
149,1078,2025-08-18 19:35:00,Processing
150,217,2025-10-23 18:27:00,Completed
151,342,2023-11-11 18:10:00,Cancelled
152,1229,2024-06-18 13:54:00,Completed
153,845,2025-06-20 11:36:00,Cancelled
154,439,2024-05-12 15:28:00,Processing
155,1,2025-09-20 08:33:00,Completed
156,619,2023-08-07 21:20:00,Completed
157,1413,2024-11-18 17:59:00,Cancelled
158,317,2023-09-05 10:16:00,Completed
159,1193,2023-09-03 17:25:00,Cancelled
160,446,2025-09-26 15:11:00,Processing
161,1413,2025-02-20 18:19:00,Completed
162,1497,2025-08-25 13:22:00,Processing
163,854,2023-04-24 18:54:00,Cancelled
164,24,2025-07-02 12:33:00,Completed
165,654,2025-06-17 19:14:00,Completed
166,104,2025-07-15 20:38:00,Cancelled
167,1034,2023-09-26 14:09:00,Completed
168,689,2023-01-18 14:16:00,Completed
169,817,2025-03-25 10:30:00,Cancelled
170,406,2024-08-18 17:47:00,Cancelled
171,505,2023-09-11 18:59:00,Cancelled
172,184,2023-07-12 13:12:00,Completed
173,706,2025-05-06 13:39:00,Processing
174,1277,2023-04-07 18:23:00,Completed
175,1492,2023-08-08 17:59:00,Completed
176,590,2023-08-10 15:30:00,Completed
177,680,2023-04-07 16:33:00,Completed
178,1124,2024-03-23 19:42:00,Completed
179,772,2025-11-02 12:10:00,Completed
180,582,2023-12-09 08:29:00,Completed
181,137,2024-06-28 09:01:00,Completed
182,1330,2024-09-17 19:06:00,Completed
183,993,2025-03-07 16:29:00,Cancelled
184,1460,2023-09-11 15:25:00,Completed
185,38,2024-06-21 12:15:00,Cancelled
186,565,2023-07-27 08:35:00,Completed
187,462,2023-09-22 10:05:00,Processing
188,1067,2025-04-14 11:36:00,Completed
189,874,2024-06-15 16:08:00,Completed
190,1337,2023-04-28 10:19:00,Cancelled
191,277,2024-03-21 22:36:00,Completed
192,651,2023-02-06 13:53:00,Completed
193,1490,2023-07-14 12:28:00,Completed
194,312,2023-08-01 20:39:00,Cancelled
195,547,2025-04-20 11:14:00,Completed
196,736,2023-10-05 16:54:00,Cancelled
197,961,2025-03-28 14:31:00,Processing
198,282,2023-08-14 20:00:00,Completed
199,846,2023-04-25 11:04:00,Completed
200,900,2025-06-28 15:56:00,Completed
201,876,2024-12-24 21:24:00,Completed
202,808,2025-12-20 16:33:00,Completed
203,1067,2023-01-08 16:34:00,Processing
204,81,2025-08-07 12:28:00,Processing
205,624,2024-07-10 17:58:00,Completed
206,1414,2025-10-27 18:28:00,Completed
207,1480,2025-08-13 14:20:00,Processing
208,52,2023-04-15 09:16:00,Completed
209,1417,2025-03-23 19:07:00,Completed
210,234,2025-06-03 16:45:00,Processing
211,1489,2025-03-13 16:24:00,Completed
212,350,2024-03-06 21:09:00,Completed
213,1459,2023-05-24 20:28:00,Completed
214,1283,2023-08-07 08:39:00,Completed
215,26,2024-10-18 20:00:00,Cancelled
216,1011,2023-09-15 14:28:00,Completed
217,1232,2025-09-20 18:35:00,Completed
218,101,2023-09-02 10:54:00,Completed
219,1367,2025-05-11 22:05:00,Completed
220,224,2024-03-22 12:39:00,Cancelled
221,1173,2025-09-24 17:23:00,Completed
222,191,2024-09-27 09:48:00,Processing
223,1128,2023-08-04 19:55:00,Completed
224,675,2025-04-23 11:39:00,Completed
225,224,2025-11-03 15:46:00,Cancelled
226,1448,2024-06-09 16:36:00,Cancelled
227,725,2023-10-17 19:40:00,Processing
228,1009,2023-04-23 12:12:00,Completed
229,243,2023-02-24 21:13:00,Cancelled
230,850,2024-09-18 20:40:00,Completed
231,24,2025-09-09 20:04:00,Completed
232,615,2025-01-04 18:21:00,Completed
233,812,2025-01-27 10:12:00,Completed
234,693,2025-10-26 08:41:00,Completed
235,987,2023-11-11 15:50:00,Processing
236,115,2025-09-18 16:01:00,Completed
237,1183,2025-09-03 10:17:00,Completed
238,695,2024-03-19 17:24:00,Completed
239,1219,2023-05-23 21:20:00,Completed
240,557,2024-08-12 15:53:00,Completed
241,443,2025-08-12 20:02:00,Completed
242,190,2024-10-17 10:12:00,Completed
243,991,2025-05-25 13:09:00,Completed
244,1058,2025-04-24 08:29:00,Processing
245,1462,2025-09-02 18:54:00,Cancelled
246,179,2024-01-04 16:49:00,Completed
247,47,2025-04-11 11:12:00,Completed
248,567,2025-09-22 09:17:00,Completed
249,323,2024-08-07 16:22:00,Cancelled
250,653,2024-09-19 11:10:00,Completed
251,638,2025-11-15 08:08:00,Completed
252,965,2025-09-02 09:27:00,Processing
253,367,2025-12-21 21:44:00,Processing
254,1263,2024-08-23 20:42:00,Cancelled
255,161,2024-02-27 20:58:00,Processing
256,200,2024-09-16 11:14:00,Completed
257,1264,2024-07-06 19:58:00,Completed
258,666,2024-02-16 09:22:00,Processing
259,945,2023-09-20 17:08:00,Cancelled
260,211,2024-02-11 16:41:00,Completed
261,619,2025-12-14 11:39:00,Completed
262,1123,2023-07-03 13:13:00,Cancelled
263,883,2024-06-18 19:15:00,Completed
264,1358,2025-09-04 17:38:00,Processing
265,667,2025-09-06 12:25:00,Completed
266,1226,2023-12-25 21:24:00,Completed
267,1013,2025-02-07 21:08:00,Cancelled
268,1303,2023-03-15 16:18:00,Processing
269,1261,2025-04-22 22:20:00,Completed
270,1168,2025-09-23 22:22:00,Completed
271,1194,2023-11-13 21:08:00,Completed
272,128,2024-01-01 19:35:00,Completed
273,225,2024-04-14 19:37:00,Processing
274,1281,2024-07-13 14:34:00,Completed
275,1357,2023-04-18 14:53:00,Completed
276,855,2023-08-05 08:04:00,Completed
277,295,2025-07-05 09:08:00,Processing
278,934,2025-07-20 10:29:00,Cancelled
279,869,2025-07-12 11:11:00,Processing
280,1239,2023-04-23 16:17:00,Processing
281,1119,2025-08-19 15:45:00,Completed
282,232,2025-02-05 19:46:00,Cancelled
283,573,2024-11-20 09:15:00,Processing
284,1292,2025-02-22 18:34:00,Cancelled
285,640,2025-09-18 20:00:00,Processing
286,930,2025-12-24 13:26:00,Completed
287,604,2024-09-24 20:36:00,Completed
288,126,2025-03-19 08:42:00,Completed
289,1279,2023-08-05 16:04:00,Completed
290,517,2023-05-28 12:00:00,Completed
291,1237,2023-03-22 15:23:00,Completed
292,536,2025-08-26 16:55:00,Completed
293,703,2023-12-27 10:53:00,Processing
294,846,2024-09-24 18:10:00,Completed
295,1184,2025-01-21 12:48:00,Completed
296,108,2023-10-10 15:47:00,Cancelled
297,479,2024-07-16 12:09:00,Cancelled
298,891,2023-09-13 18:20:00,Cancelled
299,1399,2023-09-28 14:39:00,Completed
300,687,2024-08-09 18:37:00,Processing
301,945,2025-12-25 11:33:00,Completed
302,1388,2025-06-18 08:43:00,Completed
303,140,2023-11-04 18:28:00,Completed
304,450,2025-08-02 08:39:00,Completed
305,117,2025-04-20 18:07:00,Completed
306,177,2025-08-04 19:11:00,Completed
307,604,2024-02-21 15:59:00,Completed
308,875,2025-06-09 10:49:00,Completed
309,568,2023-09-02 12:52:00,Completed
310,365,2024-08-20 14:11:00,Processing
311,223,2023-07-07 17:41:00,Completed
312,905,2025-08-03 09:36:00,Completed
313,914,2023-03-21 18:00:00,Completed
314,1362,2024-09-13 17:00:00,Cancelled
315,1450,2024-07-28 19:49:00,Completed
316,1107,2023-09-04 17:34:00,Completed
317,683,2025-08-21 18:05:00,Completed
318,1095,2024-09-25 20:18:00,Completed
319,362,2025-09-22 11:19:00,Processing
320,219,2025-10-03 22:40:00,Processing
321,389,2023-08-24 17:15:00,Processing
322,797,2023-05-16 16:53:00,Processing
323,34,2023-09-26 19:02:00,Processing
324,243,2023-11-15 18:55:00,Cancelled
325,306,2025-02-02 19:09:00,Processing
326,1340,2023-12-02 11:44:00,Completed
327,30,2023-05-27 20:06:00,Processing
328,1252,2023-02-27 21:06:00,Completed
329,1019,2025-04-03 20:12:00,Processing
330,691,2025-06-04 18:36:00,Cancelled
331,282,2024-04-25 08:37:00,Completed
332,688,2023-08-25 14:10:00,Completed
333,1134,2023-12-02 10:06:00,Cancelled
334,771,2023-09-03 08:00:00,Completed
335,183,2025-05-14 19:51:00,Processing
336,1418,2023-09-17 15:26:00,Completed
337,358,2025-12-06 19:31:00,Cancelled
338,181,2025-05-12 14:00:00,Cancelled
339,483,2023-08-20 13:55:00,Cancelled
340,1040,2023-04-09 08:12:00,Completed
341,306,2025-10-16 10:10:00,Completed
342,111,2025-08-14 12:21:00,Cancelled
343,929,2023-08-18 10:10:00,Completed
344,994,2025-08-24 15:37:00,Cancelled
345,668,2024-09-08 20:07:00,Completed
346,467,2023-09-28 11:24:00,Completed
347,151,2024-01-14 10:13:00,Cancelled
348,932,2023-08-15 19:12:00,Completed
349,553,2023-08-23 17:03:00,Completed
350,280,2023-10-14 10:48:00,Completed
351,451,2024-12-06 17:35:00,Completed
352,178,2024-10-28 11:37:00,Processing
353,948,2024-09-24 21:15:00,Completed
354,671,2024-12-05 22:36:00,Completed
355,856,2023-09-24 20:32:00,Completed
356,872,2025-08-15 15:15:00,Completed
357,1144,2023-07-07 10:22:00,Completed
358,490,2025-01-16 18:19:00,Completed
359,1441,2024-12-01 15:29:00,Completed
360,1441,2024-09-21 15:45:00,Completed
361,1285,2023-09-17 08:18:00,Processing
362,553,2025-11-19 20:13:00,Completed
363,1271,2024-01-17 22:43:00,Completed
364,106,2023-09-20 08:23:00,Completed
365,359,2025-02-18 19:49:00,Completed
366,284,2024-08-21 15:47:00,Cancelled
367,1440,2023-04-11 13:57:00,Completed
368,1032,2025-01-03 13:22:00,Processing
369,996,2025-02-16 19:34:00,Cancelled
370,599,2024-02-07 22:56:00,Processing
371,179,2023-08-10 09:06:00,Completed
372,566,2023-10-05 21:13:00,Cancelled
373,1285,2023-08-16 13:26:00,Processing
374,1321,2023-08-01 21:51:00,Completed
375,1065,2025-09-21 18:50:00,Completed
376,996,2025-11-27 16:28:00,Processing
377,623,2025-09-06 20:16:00,Completed
378,992,2024-01-05 13:18:00,Processing
379,341,2025-11-10 10:11:00,Completed
380,331,2023-09-19 10:28:00,Completed
381,758,2023-08-22 13:22:00,Completed
382,764,2024-03-18 12:07:00,Completed
383,829,2024-10-11 10:00:00,Cancelled
384,1040,2024-05-16 22:18:00,Cancelled
385,1366,2023-10-11 19:07:00,Processing
386,83,2023-02-10 08:25:00,Cancelled
387,452,2024-09-02 17:41:00,Completed
388,1195,2025-09-07 08:05:00,Cancelled
389,913,2025-02-17 14:12:00,Processing
390,651,2025-01-22 13:25:00,Completed
391,1467,2024-09-01 12:22:00,Completed
392,631,2024-02-07 19:56:00,Processing
393,852,2024-09-24 22:26:00,Completed
394,1203,2025-08-10 15:55:00,Cancelled
395,687,2023-12-25 14:05:00,Completed
396,839,2025-07-06 16:29:00,Cancelled
397,281,2023-09-10 16:31:00,Completed
398,619,2025-09-08 08:50:00,Completed
399,316,2024-09-04 18:42:00,Completed
400,855,2023-04-01 09:48:00,Completed
401,1010,2023-06-19 15:36:00,Processing
402,529,2025-02-12 16:46:00,Cancelled
403,36,2024-08-05 13:29:00,Completed
404,732,2023-09-14 18:58:00,Completed
405,100,2024-08-17 11:49:00,Completed
406,194,2025-11-11 21:20:00,Completed
407,556,2025-06-04 16:37:00,Completed
408,295,2023-09-12 20:31:00,Processing
409,697,2023-08-17 11:53:00,Completed
410,1145,2025-11-28 16:45:00,Cancelled
411,1439,2023-02-04 21:08:00,Completed
412,983,2024-09-05 21:28:00,Cancelled
413,1072,2024-09-01 19:52:00,Completed
414,456,2023-03-23 11:19:00,Completed
415,430,2023-07-23 20:50:00,Completed
416,160,2023-07-02 11:06:00,Completed
417,1352,2025-10-04 22:16:00,Completed
418,136,2024-02-26 09:58:00,Cancelled
419,421,2025-03-22 13:01:00,Completed
420,299,2025-12-12 13:10:00,Cancelled
421,1493,2025-08-04 21:37:00,Completed
422,1084,2023-05-06 22:48:00,Cancelled
423,9,2025-08-17 21:45:00,Processing
424,751,2025-10-22 09:11:00,Completed
425,778,2024-08-14 09:48:00,Completed
426,254,2024-08-16 20:23:00,Completed
427,1142,2025-09-16 09:24:00,Completed
428,936,2025-10-08 16:26:00,Completed
429,877,2023-10-22 13:11:00,Completed
430,1381,2024-07-15 16:42:00,Completed
431,245,2023-08-24 22:57:00,Completed
432,133,2024-06-07 17:54:00,Processing
433,252,2023-10-09 20:45:00,Cancelled
434,1216,2024-07-12 15:42:00,Cancelled
435,829,2024-03-25 15:06:00,Completed
436,514,2024-03-01 09:47:00,Completed
437,140,2024-03-13 17:43:00,Completed
438,313,2024-02-25 09:42:00,Cancelled
439,1009,2024-09-16 16:16:00,Cancelled
440,704,2025-01-14 22:58:00,Completed
441,786,2024-09-15 15:02:00,Completed
442,363,2025-05-23 10:31:00,Processing
443,276,2024-10-25 09:36:00,Processing
444,1352,2025-12-16 15:35:00,Completed
445,1038,2023-09-19 14:39:00,Completed
446,583,2024-08-05 21:23:00,Completed
447,1196,2023-06-13 09:27:00,Completed
448,732,2024-08-08 11:41:00,Completed
449,1214,2023-02-28 12:07:00,Completed
450,348,2023-01-15 18:55:00,Processing
451,1164,2025-05-01 19:30:00,Cancelled
452,46,2024-09-11 17:06:00,Processing
453,205,2025-06-16 16:51:00,Completed
454,342,2025-09-07 15:40:00,Completed
455,1098,2023-08-10 17:25:00,Completed
456,1280,2025-12-04 17:21:00,Completed
457,138,2025-10-14 11:22:00,Completed
458,1335,2024-05-14 18:34:00,Completed
459,410,2024-12-17 15:42:00,Cancelled
460,370,2023-11-28 10:36:00,Processing
461,437,2025-10-09 22:40:00,Cancelled
462,1259,2024-01-17 11:23:00,Processing
463,303,2023-09-28 14:26:00,Completed
464,132,2025-09-09 21:18:00,Completed
465,526,2025-07-08 09:09:00,Completed
466,57,2023-05-15 15:35:00,Processing
467,865,2025-04-06 12:08:00,Completed
468,530,2024-03-21 21:02:00,Processing
469,41,2023-02-11 17:19:00,Completed
470,834,2024-02-13 21:46:00,Completed
471,484,2023-11-04 16:42:00,Cancelled
472,1076,2024-02-08 17:07:00,Completed
473,675,2025-04-14 11:09:00,Completed
474,359,2023-10-14 12:55:00,Cancelled
475,115,2024-02-11 16:27:00,Processing
476,1399,2023-03-12 15:45:00,Completed
477,632,2023-12-02 21:47:00,Completed
478,1415,2025-09-10 18:44:00,Completed
479,1404,2023-04-28 15:24:00,Completed
480,805,2024-08-10 11:55:00,Completed
481,899,2025-09-26 08:17:00,Completed
482,1007,2024-06-23 14:56:00,Completed
483,329,2025-08-12 14:38:00,Cancelled
484,670,2024-01-21 18:11:00,Processing
485,1313,2023-08-21 12:20:00,Cancelled
486,169,2023-08-28 17:43:00,Processing
487,655,2024-03-09 10:43:00,Cancelled
488,671,2024-09-12 10:25:00,Processing
489,1169,2023-08-18 18:39:00,Completed
490,183,2024-08-02 14:39:00,Processing
491,1230,2024-09-06 17:07:00,Completed
492,1472,2025-10-27 18:31:00,Completed
493,460,2025-09-10 19:31:00,Processing
494,267,2024-12-07 21:18:00,Completed
495,857,2023-03-01 12:16:00,Completed
496,1266,2024-06-19 18:41:00,Processing
497,176,2023-06-23 14:43:00,Completed
498,1461,2024-12-09 09:06:00,Cancelled
499,121,2023-08-16 22:22:00,Cancelled
500,1374,2025-01-01 12:32:00,Cancelled
501,781,2024-06-05 22:35:00,Completed
502,1189,2023-09-11 22:29:00,Completed
503,184,2024-07-05 12:07:00,Completed
504,91,2023-05-24 13:59:00,Processing
505,580,2024-05-17 13:27:00,Completed
506,647,2025-03-18 21:59:00,Processing
507,109,2023-08-06 08:30:00,Completed
508,335,2025-02-16 08:28:00,Completed
509,1453,2025-10-04 21:46:00,Completed
510,254,2024-09-06 21:10:00,Cancelled
511,559,2025-12-07 17:00:00,Cancelled
512,1169,2023-02-08 20:31:00,Completed
513,674,2023-08-13 13:37:00,Completed
514,663,2023-09-27 19:42:00,Processing
515,930,2025-12-22 08:21:00,Completed
516,1344,2025-06-24 19:58:00,Cancelled
517,265,2023-05-11 20:03:00,Completed
518,1121,2025-09-09 10:15:00,Processing
519,183,2023-03-13 20:25:00,Completed
520,1326,2025-09-16 20:27:00,Completed
521,1403,2025-08-27 13:32:00,Completed
522,1003,2024-10-09 17:38:00,Processing
523,185,2024-12-06 14:40:00,Processing
524,191,2023-10-22 11:41:00,Completed
525,1015,2025-11-03 12:29:00,Processing
526,163,2024-08-22 22:19:00,Completed
527,1072,2024-08-18 09:58:00,Completed
528,1052,2023-07-04 15:42:00,Cancelled
529,519,2024-08-25 16:01:00,Completed
530,1355,2024-08-27 14:02:00,Completed
531,853,2025-09-25 18:28:00,Cancelled
532,543,2024-03-07 10:05:00,Cancelled
533,532,2025-08-01 14:07:00,Completed
534,352,2025-07-28 18:47:00,Cancelled
535,1487,2024-09-23 18:44:00,Processing
536,620,2023-08-07 09:52:00,Completed
537,1426,2023-04-16 18:09:00,Completed
538,893,2025-11-07 09:19:00,Processing
539,304,2024-02-06 22:09:00,Processing
540,994,2024-09-19 11:12:00,Completed
541,1167,2024-08-04 18:54:00,Processing
542,852,2024-12-24 16:18:00,Completed
543,999,2024-12-24 17:59:00,Processing
544,475,2025-08-14 17:20:00,Cancelled
545,131,2024-07-16 09:31:00,Cancelled
546,1324,2024-07-01 10:18:00,Completed
547,962,2024-11-08 17:58:00,Completed
548,1234,2025-03-10 19:45:00,Processing
549,854,2025-06-26 15:51:00,Completed
550,1274,2023-08-22 15:08:00,Completed
551,409,2023-02-26 14:31:00,Completed
552,481,2023-01-12 22:16:00,Completed
553,1387,2023-08-26 09:21:00,Processing
554,234,2025-08-16 12:21:00,Completed
555,96,2025-08-28 19:55:00,Cancelled
556,1238,2025-08-15 20:29:00,Completed
557,217,2025-02-27 16:02:00,Cancelled
558,216,2023-04-12 10:46:00,Completed
559,1451,2024-10-24 21:06:00,Completed
560,1326,2024-08-04 21:12:00,Processing
561,852,2023-09-11 12:32:00,Completed
562,175,2024-09-12 18:42:00,Completed
563,311,2025-04-05 20:27:00,Processing
564,839,2024-11-26 18:23:00,Completed
565,907,2023-11-03 09:21:00,Completed
566,823,2023-07-25 08:42:00,Completed
567,1177,2023-11-10 14:25:00,Cancelled
568,624,2025-06-01 21:17:00,Cancelled
569,1251,2023-10-21 11:56:00,Cancelled
570,1279,2025-06-26 20:41:00,Processing
571,405,2024-09-13 19:46:00,Completed
572,1066,2025-08-17 16:19:00,Cancelled
573,698,2025-08-26 16:37:00,Completed
574,495,2024-11-04 19:03:00,Completed
575,532,2025-02-02 20:41:00,Completed
576,920,2024-01-15 13:15:00,Cancelled
577,1159,2025-11-28 17:14:00,Completed
578,613,2024-12-22 10:45:00,Processing
579,1065,2025-09-17 17:12:00,Completed
580,931,2023-09-27 14:05:00,Completed
581,128,2024-10-07 15:04:00,Completed
582,1387,2025-11-17 20:25:00,Completed
583,1197,2024-10-23 22:31:00,Processing
584,334,2023-10-23 15:08:00,Cancelled
585,1084,2023-10-16 08:47:00,Completed
586,1145,2024-02-20 21:26:00,Completed
587,248,2024-01-17 10:07:00,Completed
588,625,2024-09-01 20:09:00,Completed
589,1208,2024-09-10 11:11:00,Processing
590,5,2023-02-28 08:26:00,Processing
591,1174,2024-06-26 14:30:00,Cancelled
592,272,2023-10-25 15:42:00,Processing
593,306,2025-09-13 11:57:00,Processing
594,695,2025-09-24 12:41:00,Completed
595,340,2025-09-18 18:07:00,Cancelled
596,175,2023-11-19 20:03:00,Cancelled
597,1069,2023-11-01 09:42:00,Cancelled
598,369,2023-08-08 21:45:00,Cancelled
599,910,2023-12-11 14:37:00,Completed
600,1007,2023-08-14 08:55:00,Cancelled
601,650,2024-08-04 16:10:00,Completed
602,295,2023-08-05 12:26:00,Completed
603,121,2025-03-01 19:03:00,Completed
604,799,2023-09-11 12:24:00,Completed
605,107,2023-08-16 16:48:00,Cancelled
606,789,2023-09-15 16:26:00,Completed
607,992,2023-04-01 12:35:00,Cancelled
608,1383,2023-08-10 17:26:00,Processing
609,172,2025-03-12 16:10:00,Completed
610,1101,2024-11-15 08:00:00,Processing
611,1272,2024-03-01 08:59:00,Processing
612,560,2025-09-12 21:40:00,Completed
613,1199,2025-08-24 16:36:00,Completed
614,616,2023-08-27 10:46:00,Cancelled
615,573,2024-09-22 13:40:00,Completed
616,1450,2024-09-11 11:29:00,Cancelled
617,673,2023-03-21 22:00:00,Cancelled
618,976,2023-03-14 16:57:00,Processing
619,805,2025-08-18 08:57:00,Processing
620,1377,2023-09-27 17:22:00,Processing
621,363,2025-02-15 13:59:00,Completed
622,911,2023-08-25 12:43:00,Completed
623,393,2023-05-26 19:14:00,Completed
624,1012,2024-09-23 19:38:00,Completed
625,15,2023-07-04 21:17:00,Cancelled
626,1025,2024-08-22 19:36:00,Cancelled
627,1158,2023-08-24 09:08:00,Completed
628,1168,2023-05-07 21:43:00,Completed
629,1420,2025-05-22 16:56:00,Processing
630,5,2024-01-28 13:27:00,Processing
631,562,2023-10-16 13:33:00,Completed
632,1478,2023-09-18 15:20:00,Completed
633,803,2023-08-24 11:44:00,Processing
634,153,2023-09-10 09:40:00,Completed
635,58,2024-01-19 20:40:00,Completed
636,513,2023-08-11 21:03:00,Completed
637,1065,2023-12-20 15:48:00,Completed
638,1281,2024-02-02 22:02:00,Processing
639,642,2025-08-02 22:51:00,Processing
640,113,2024-07-03 09:43:00,Completed
641,1146,2023-09-13 09:39:00,Processing
642,478,2025-12-01 15:24:00,Processing
643,877,2025-06-21 18:50:00,Completed
644,930,2025-08-04 09:00:00,Cancelled
645,1461,2023-04-19 10:40:00,Cancelled
646,525,2024-12-15 10:15:00,Completed
647,91,2023-09-17 18:48:00,Completed
648,638,2025-03-05 15:19:00,Cancelled
649,703,2024-08-17 17:42:00,Completed
650,118,2023-11-28 08:27:00,Completed
651,401,2023-04-26 09:21:00,Completed
652,1368,2024-10-20 19:21:00,Cancelled
653,1160,2024-07-11 10:06:00,Processing
654,87,2024-08-21 11:44:00,Completed
655,956,2025-09-24 20:52:00,Completed
656,770,2023-01-12 08:04:00,Completed
657,62,2025-09-15 11:40:00,Cancelled
658,738,2023-04-07 12:11:00,Completed
659,537,2025-08-06 11:01:00,Completed
660,537,2023-08-13 18:50:00,Completed
661,694,2023-08-12 20:23:00,Completed
662,1080,2025-02-04 10:56:00,Completed
663,389,2023-06-11 17:27:00,Completed
664,95,2025-11-10 20:09:00,Completed
665,507,2023-05-28 10:54:00,Cancelled
666,1197,2024-08-26 15:50:00,Cancelled
667,133,2023-11-12 15:33:00,Processing
668,367,2024-11-23 15:45:00,Processing
669,971,2024-12-21 08:13:00,Completed
670,416,2024-07-07 12:27:00,Processing
671,1171,2023-06-09 16:05:00,Completed
672,173,2024-06-08 17:02:00,Processing
673,1050,2025-09-15 14:26:00,Completed
674,1019,2024-08-06 15:14:00,Completed
675,1322,2023-08-10 21:32:00,Cancelled
676,1120,2025-09-08 09:07:00,Completed
677,738,2023-06-07 18:21:00,Completed
678,620,2025-05-07 19:38:00,Completed
679,1467,2025-05-01 20:19:00,Completed
680,710,2024-12-25 18:00:00,Processing
681,1340,2025-03-28 14:14:00,Completed
682,1482,2025-08-17 17:50:00,Cancelled
683,960,2025-06-26 09:20:00,Completed
684,879,2025-10-15 21:35:00,Completed
685,768,2023-03-10 19:00:00,Processing
686,1350,2024-09-14 18:48:00,Processing
687,1415,2025-08-19 20:02:00,Completed
688,315,2024-12-20 17:55:00,Processing
689,781,2023-02-18 14:12:00,Processing
690,223,2024-10-21 22:19:00,Completed
691,352,2023-03-02 21:44:00,Cancelled
692,1001,2023-08-13 12:13:00,Completed
693,597,2025-10-02 13:33:00,Completed
694,352,2024-07-13 10:07:00,Completed
695,1099,2024-02-13 22:55:00,Completed
696,267,2023-09-06 17:36:00,Completed
697,1204,2023-10-09 11:00:00,Completed
698,913,2023-12-26 11:33:00,Completed
699,1166,2024-12-02 19:05:00,Completed
700,1324,2024-09-13 17:52:00,Completed
701,851,2023-09-15 14:58:00,Completed
702,1431,2025-08-08 22:55:00,Completed
703,561,2025-02-23 19:46:00,Completed
704,1011,2024-11-04 13:04:00,Completed
705,1034,2024-03-09 11:32:00,Completed
706,947,2023-09-13 13:47:00,Processing
707,399,2024-09-04 19:58:00,Completed
708,670,2025-10-15 09:05:00,Cancelled
709,1346,2023-10-05 15:52:00,Completed
710,331,2023-12-04 10:18:00,Completed
711,1095,2025-08-22 20:00:00,Completed
712,315,2024-08-23 08:57:00,Cancelled
713,443,2024-11-21 18:45:00,Completed
714,800,2025-08-20 08:03:00,Processing
715,414,2023-08-07 09:01:00,Processing
716,58,2023-08-22 18:04:00,Completed
717,198,2025-08-02 14:32:00,Completed
718,670,2024-04-20 11:59:00,Cancelled
719,810,2024-08-04 13:20:00,Completed
720,31,2024-01-13 11:29:00,Completed
721,136,2025-12-12 08:04:00,Completed
722,842,2024-10-04 19:34:00,Cancelled
723,352,2024-12-11 18:44:00,Processing
724,1389,2025-08-21 20:56:00,Completed
725,1365,2024-08-20 22:37:00,Processing
726,784,2025-04-17 17:45:00,Completed
727,477,2023-02-10 11:47:00,Processing
728,499,2025-08-12 15:18:00,Completed
729,311,2024-08-08 22:46:00,Cancelled
730,909,2025-03-09 13:41:00,Completed
731,1067,2024-05-25 08:14:00,Completed
732,702,2023-08-22 11:51:00,Completed
733,1246,2024-03-15 18:00:00,Completed
734,1007,2023-01-21 10:13:00,Completed
735,188,2023-04-08 16:05:00,Processing
736,1485,2024-08-08 14:11:00,Cancelled
737,510,2024-09-21 11:17:00,Processing
738,164,2024-08-16 15:27:00,Cancelled
739,1249,2025-03-27 20:30:00,Completed
740,782,2024-05-20 16:09:00,Cancelled
741,1489,2023-09-10 15:18:00,Processing
742,1152,2025-06-05 19:30:00,Completed
743,317,2023-09-16 14:59:00,Processing
744,809,2025-09-10 18:37:00,Completed
745,838,2023-02-13 22:36:00,Completed
746,398,2024-06-17 19:31:00,Completed
747,1427,2023-07-24 11:15:00,Processing
748,71,2024-01-23 18:41:00,Completed
749,536,2025-03-09 11:38:00,Cancelled
750,1358,2023-08-21 19:58:00,Processing
751,815,2025-02-17 22:12:00,Processing
752,340,2024-09-17 16:42:00,Processing
753,1201,2024-02-04 18:36:00,Completed
754,293,2024-07-23 12:00:00,Completed
755,1008,2023-09-17 14:41:00,Completed
756,883,2023-08-23 10:12:00,Processing
757,373,2025-10-19 21:13:00,Completed
758,412,2023-04-09 22:55:00,Processing
759,903,2025-02-28 18:10:00,Completed
760,601,2023-09-03 13:01:00,Cancelled
761,481,2024-02-01 08:17:00,Completed
762,1363,2025-01-04 11:33:00,Completed
763,770,2025-05-16 15:48:00,Completed
764,1238,2024-09-11 21:15:00,Completed
765,1363,2024-08-12 21:21:00,Completed
766,7,2024-07-24 21:56:00,Completed
767,53,2025-09-23 20:52:00,Completed
768,755,2024-10-17 14:42:00,Completed
769,7,2025-06-01 18:23:00,Completed
770,667,2025-12-16 14:47:00,Cancelled
771,167,2024-10-22 21:44:00,Completed
772,789,2024-03-28 16:56:00,Cancelled
773,1468,2025-09-26 09:19:00,Cancelled
774,957,2023-02-16 18:34:00,Completed
775,499,2023-08-04 14:45:00,Completed
776,329,2024-05-08 19:16:00,Processing
777,1374,2023-11-21 19:31:00,Completed
778,1417,2024-12-25 22:38:00,Completed
779,1319,2024-09-21 18:50:00,Cancelled
780,895,2023-08-10 09:07:00,Completed
781,697,2025-04-24 09:36:00,Completed
782,261,2024-12-24 08:19:00,Completed
783,1209,2025-09-14 13:49:00,Completed
784,1392,2023-12-19 11:06:00,Processing
785,19,2025-06-05 21:18:00,Completed
786,1024,2025-12-10 10:47:00,Completed
787,1227,2024-08-09 21:45:00,Cancelled
788,980,2025-10-10 19:24:00,Completed
789,683,2023-04-28 19:59:00,Completed
790,1435,2025-08-28 15:46:00,Processing
791,613,2025-03-01 16:25:00,Completed
792,866,2025-06-25 14:25:00,Completed
793,1082,2025-08-23 21:35:00,Processing
794,200,2023-08-28 22:45:00,Completed
795,938,2025-08-15 19:30:00,Completed
796,297,2023-08-24 18:00:00,Completed
797,1487,2025-08-13 14:43:00,Completed
798,116,2023-09-06 08:07:00,Cancelled
799,1332,2024-03-21 19:25:00,Completed
800,70,2023-09-10 19:38:00,Completed
801,1337,2025-08-25 15:55:00,Processing
802,564,2025-06-01 09:07:00,Completed
803,250,2024-11-08 08:37:00,Cancelled
804,1173,2024-08-26 17:11:00,Processing
805,992,2025-05-19 10:06:00,Completed
806,131,2025-11-06 14:52:00,Completed
807,807,2025-11-16 09:33:00,Cancelled
808,1104,2025-02-25 20:13:00,Completed
809,371,2025-01-18 15:51:00,Completed
810,252,2023-08-21 10:05:00,Cancelled
811,526,2023-08-17 12:23:00,Cancelled
812,352,2024-01-08 12:02:00,Cancelled
813,601,2025-03-19 15:44:00,Completed
814,1071,2024-11-07 19:06:00,Completed
815,486,2023-09-28 21:13:00,Completed
816,1234,2025-09-09 10:46:00,Cancelled
817,865,2023-05-13 18:57:00,Completed
818,820,2024-09-22 14:44:00,Completed
819,1098,2023-09-21 19:41:00,Completed
820,1464,2024-11-20 10:26:00,Completed
821,648,2024-08-03 12:07:00,Cancelled
822,226,2025-02-11 18:05:00,Completed
823,684,2024-08-09 08:06:00,Processing
824,456,2024-02-06 16:46:00,Completed
825,1206,2024-09-23 17:55:00,Completed
826,1130,2024-01-06 13:48:00,Processing
827,371,2024-11-18 17:56:00,Processing
828,977,2025-08-22 16:45:00,Completed
829,1347,2023-09-02 22:46:00,Completed
830,1449,2023-07-23 15:11:00,Processing
831,725,2024-05-14 16:45:00,Completed
832,626,2025-05-14 20:20:00,Completed
833,1300,2023-08-03 10:36:00,Completed
834,174,2025-09-26 21:00:00,Processing
835,1387,2025-03-16 15:32:00,Cancelled
836,1430,2023-12-07 22:53:00,Completed
837,1463,2024-06-08 19:42:00,Cancelled
838,1401,2025-09-06 18:59:00,Cancelled
839,461,2023-08-17 13:03:00,Processing
840,1015,2024-08-11 22:43:00,Completed
841,1105,2023-09-10 12:13:00,Completed
842,1293,2025-09-21 16:52:00,Completed
843,949,2025-01-12 08:39:00,Processing
844,673,2024-08-12 22:46:00,Completed
845,824,2024-09-16 11:05:00,Cancelled
846,1054,2023-10-01 10:49:00,Completed
847,464,2024-09-12 14:57:00,Completed
848,1099,2024-09-22 21:28:00,Completed
849,287,2024-01-12 22:55:00,Completed
850,227,2023-08-13 14:47:00,Completed
851,65,2023-10-22 12:07:00,Processing
852,1002,2025-03-11 20:48:00,Processing
853,1028,2025-07-05 09:06:00,Completed
854,259,2023-08-25 18:15:00,Completed
855,1390,2024-12-24 08:27:00,Processing
856,593,2024-07-08 17:09:00,Cancelled
857,383,2023-08-28 12:44:00,Completed
858,1365,2024-08-23 19:32:00,Cancelled
859,372,2023-12-21 18:09:00,Completed
860,247,2023-05-07 22:09:00,Processing
861,37,2025-08-13 14:33:00,Completed
862,1434,2025-04-11 14:30:00,Completed
863,1045,2024-05-04 12:23:00,Completed
864,719,2025-06-02 10:02:00,Completed
865,107,2025-04-10 15:17:00,Cancelled
866,207,2024-09-12 13:19:00,Completed
867,199,2025-08-11 13:47:00,Completed
868,1207,2025-04-21 12:13:00,Cancelled
869,787,2023-03-21 19:38:00,Completed
870,85,2025-04-07 19:28:00,Completed
871,154,2025-05-24 15:48:00,Completed
872,1093,2025-08-07 14:35:00,Completed
873,1148,2024-10-21 19:07:00,Processing
874,139,2024-11-26 08:10:00,Cancelled
875,562,2025-05-02 17:03:00,Completed
876,815,2024-11-03 10:28:00,Cancelled
877,787,2025-07-20 12:13:00,Completed
878,8,2023-12-23 08:56:00,Cancelled
879,933,2025-11-09 12:54:00,Completed
880,607,2025-08-06 11:02:00,Cancelled
881,488,2024-08-09 22:08:00,Completed
882,106,2025-04-18 09:00:00,Completed
883,1296,2025-06-03 19:56:00,Cancelled
884,541,2025-09-11 08:40:00,Completed
885,729,2023-05-06 12:01:00,Cancelled
886,1347,2025-09-21 12:55:00,Cancelled
887,1129,2023-04-11 12:13:00,Cancelled
888,1290,2024-08-24 19:27:00,Completed
889,304,2024-08-15 10:52:00,Completed
890,387,2025-03-21 12:01:00,Completed
891,334,2023-12-07 09:09:00,Completed
892,874,2023-07-04 19:33:00,Completed
893,1489,2023-07-13 08:07:00,Completed
894,1320,2023-08-09 10:40:00,Cancelled
895,28,2023-02-18 19:52:00,Completed
896,1449,2023-09-25 17:57:00,Processing
897,335,2024-08-08 08:34:00,Completed
898,1286,2025-08-04 16:18:00,Completed
899,1048,2024-08-01 11:27:00,Processing
900,302,2024-04-22 14:43:00,Completed
901,1008,2023-04-04 12:22:00,Completed
902,1261,2024-08-02 17:09:00,Completed
903,878,2025-08-22 14:09:00,Completed
904,1280,2024-08-09 22:31:00,Completed
905,544,2025-01-28 22:09:00,Completed
906,656,2023-09-27 09:07:00,Cancelled
907,876,2025-08-11 10:11:00,Processing
908,723,2024-10-23 14:38:00,Completed
909,284,2025-07-14 16:31:00,Cancelled
910,1094,2024-04-13 09:37:00,Processing
911,1080,2025-04-23 09:15:00,Completed
912,6,2023-01-12 16:30:00,Completed
913,226,2023-06-28 21:55:00,Completed
914,604,2024-09-08 11:52:00,Completed
915,115,2025-08-13 19:01:00,Processing
916,762,2023-12-03 15:53:00,Cancelled
917,324,2023-08-03 11:04:00,Completed
918,1166,2024-08-16 19:08:00,Cancelled
919,1431,2024-06-15 20:41:00,Completed
920,588,2023-08-20 20:11:00,Cancelled
921,329,2023-09-22 22:29:00,Cancelled
922,1457,2024-11-10 19:14:00,Processing
923,322,2024-11-13 10:47:00,Completed
924,821,2025-09-06 21:47:00,Cancelled
925,1240,2023-10-16 13:41:00,Processing
926,780,2023-09-21 14:12:00,Completed
927,223,2023-09-01 11:18:00,Completed
928,1110,2023-08-25 22:19:00,Completed
929,1130,2023-01-08 12:05:00,Cancelled
930,1157,2023-10-02 08:20:00,Completed
931,633,2023-05-13 16:12:00,Completed
932,801,2025-08-23 18:06:00,Completed
933,835,2025-11-26 20:09:00,Completed
934,1203,2024-01-10 10:09:00,Processing
935,162,2025-08-07 20:43:00,Completed
936,1472,2023-11-17 19:38:00,Cancelled
937,700,2024-06-10 13:39:00,Processing
938,82,2025-07-08 11:39:00,Cancelled
939,154,2023-10-04 20:00:00,Completed
940,634,2025-02-16 09:29:00,Completed
941,348,2024-09-19 13:22:00,Completed
942,146,2023-10-09 15:16:00,Processing
943,1332,2023-12-16 08:23:00,Completed
944,822,2024-03-15 13:32:00,Cancelled
945,643,2024-09-17 15:16:00,Completed
946,1272,2025-08-23 21:35:00,Completed
947,317,2023-08-19 14:54:00,Completed
948,457,2024-02-12 15:29:00,Cancelled
949,953,2023-08-13 20:27:00,Completed
950,823,2024-09-20 15:13:00,Processing
951,235,2024-11-05 15:09:00,Completed
952,656,2025-09-02 22:51:00,Completed
953,881,2024-08-28 08:48:00,Processing
954,553,2024-02-05 09:17:00,Processing
955,168,2024-10-28 14:33:00,Completed
956,1372,2024-08-03 22:57:00,Processing
957,701,2024-09-14 15:30:00,Cancelled
958,1411,2023-07-12 22:44:00,Cancelled
959,797,2023-12-07 09:46:00,Cancelled
960,1263,2023-09-01 10:57:00,Processing
961,303,2024-02-26 18:26:00,Completed
962,1067,2025-09-27 21:08:00,Processing
963,1309,2025-08-24 11:26:00,Cancelled
964,341,2025-09-07 11:43:00,Cancelled
965,30,2024-01-10 22:19:00,Cancelled
966,256,2025-10-14 14:22:00,Completed
967,1111,2024-06-04 22:11:00,Processing
968,878,2024-08-18 14:24:00,Completed
969,1351,2025-05-23 17:59:00,Completed
970,180,2023-08-20 22:26:00,Completed
971,1017,2025-11-04 18:28:00,Cancelled
972,1191,2023-07-07 11:49:00,Processing
973,1130,2024-09-04 13:50:00,Processing
974,846,2025-07-01 13:50:00,Completed
975,1040,2024-09-10 21:57:00,Processing
976,1379,2023-09-02 08:01:00,Completed
977,767,2025-12-11 13:10:00,Cancelled
978,881,2023-07-07 17:41:00,Processing
979,106,2025-07-24 10:25:00,Completed
980,1060,2023-02-23 20:08:00,Cancelled
981,243,2025-07-27 20:40:00,Completed
982,1133,2023-04-03 09:01:00,Processing
983,24,2025-03-01 17:45:00,Cancelled
984,162,2025-08-15 18:40:00,Completed
985,383,2023-04-10 11:34:00,Completed
986,1488,2024-01-09 09:59:00,Completed
987,1285,2023-12-28 09:07:00,Processing
988,1221,2023-09-09 22:11:00,Completed
989,159,2024-04-13 09:31:00,Completed
990,848,2023-02-07 18:26:00,Processing
991,643,2025-03-06 12:00:00,Completed
992,1351,2025-01-04 13:22:00,Processing
993,1258,2025-03-17 19:16:00,Completed
994,395,2025-08-17 16:48:00,Completed
995,443,2024-08-01 13:08:00,Completed
996,171,2025-03-09 12:30:00,Completed
997,189,2024-05-15 19:51:00,Processing
998,894,2025-04-09 10:12:00,Completed
999,805,2023-12-10 10:50:00,Completed
1000,1479,2024-10-14 17:47:00,Completed
1001,653,2025-09-14 11:36:00,Completed
1002,766,2025-10-06 22:02:00,Cancelled
1003,519,2025-12-27 22:41:00,Cancelled
1004,722,2024-08-26 13:27:00,Completed
1005,733,2023-09-12 10:49:00,Completed
1006,251,2023-08-23 13:13:00,Processing
1007,1163,2024-11-03 14:18:00,Cancelled
1008,435,2025-09-23 17:56:00,Completed
1009,1176,2025-07-11 21:20:00,Completed
1010,404,2023-10-02 12:26:00,Completed
1011,255,2024-09-19 14:15:00,Cancelled
1012,44,2024-08-15 12:08:00,Processing
1013,76,2025-01-11 18:01:00,Completed
1014,963,2023-07-24 12:17:00,Completed
1015,709,2024-09-16 17:03:00,Processing
1016,612,2025-10-28 18:58:00,Completed
1017,766,2025-08-02 21:00:00,Completed
1018,216,2024-07-08 10:05:00,Completed
1019,1483,2024-11-01 22:44:00,Completed
1020,532,2023-09-03 12:21:00,Cancelled
1021,778,2024-03-19 15:07:00,Completed
1022,654,2023-07-21 15:42:00,Completed
1023,1069,2025-09-22 15:17:00,Completed
1024,1497,2024-09-25 12:45:00,Completed
1025,723,2025-04-22 18:47:00,Completed
1026,1424,2023-09-02 11:00:00,Completed
1027,959,2024-08-11 11:52:00,Cancelled
1028,1081,2025-05-23 15:41:00,Completed
1029,1034,2023-04-12 14:28:00,Cancelled
1030,1052,2023-04-03 12:27:00,Completed
1031,1406,2024-12-21 09:09:00,Processing
1032,220,2025-08-15 10:17:00,Completed
1033,976,2025-06-09 09:59:00,Cancelled
1034,173,2024-03-13 16:27:00,Cancelled
1035,684,2023-06-04 08:41:00,Processing
1036,1500,2024-08-13 10:38:00,Completed
1037,1085,2025-07-04 18:03:00,Completed
1038,228,2023-08-19 12:15:00,Completed
1039,1090,2023-09-13 14:06:00,Completed
1040,1417,2024-03-26 11:22:00,Completed
1041,1446,2025-08-04 10:32:00,Cancelled
1042,977,2025-08-06 13:43:00,Completed
1043,342,2023-09-05 08:42:00,Processing
1044,877,2024-09-03 10:43:00,Completed
1045,1217,2024-12-01 15:55:00,Completed
1046,968,2023-08-19 18:18:00,Completed
1047,1076,2025-08-25 09:06:00,Completed
1048,688,2024-06-18 12:42:00,Processing
1049,520,2024-06-10 19:21:00,Cancelled
1050,1360,2025-05-22 16:46:00,Completed
1051,303,2024-03-12 15:01:00,Completed
1052,1183,2025-07-12 11:47:00,Completed
1053,397,2024-05-21 18:34:00,Processing
1054,1080,2023-09-11 14:37:00,Processing
1055,566,2024-09-27 17:07:00,Processing
1056,932,2025-06-10 09:00:00,Processing
1057,1404,2023-03-17 12:39:00,Cancelled
1058,1361,2023-09-03 20:18:00,Completed
1059,930,2023-08-02 15:19:00,Completed
1060,882,2024-01-02 12:08:00,Completed
1061,581,2025-11-05 09:45:00,Completed
1062,293,2025-08-10 11:02:00,Processing
1063,727,2023-07-14 14:57:00,Completed
1064,536,2024-03-19 14:43:00,Completed
1065,1185,2023-04-09 10:26:00,Cancelled
1066,409,2024-09-19 22:40:00,Processing
1067,1118,2023-09-04 10:33:00,Processing
1068,1422,2024-06-15 13:27:00,Processing
1069,862,2024-11-01 20:26:00,Completed
1070,288,2025-04-19 16:23:00,Completed
1071,1272,2025-05-02 20:54:00,Processing
1072,258,2024-10-26 20:55:00,Cancelled
1073,943,2023-09-27 18:06:00,Completed
1074,1218,2023-12-16 19:21:00,Completed
1075,249,2025-11-24 19:03:00,Completed
1076,1058,2023-10-05 11:57:00,Completed
1077,617,2025-08-26 15:39:00,Completed
1078,235,2023-08-17 09:15:00,Completed
1079,213,2024-09-13 08:59:00,Completed
1080,615,2024-03-27 11:53:00,Cancelled
1081,534,2025-12-04 14:09:00,Completed
1082,379,2023-04-06 16:47:00,Cancelled
1083,411,2024-05-22 09:37:00,Processing
1084,753,2025-09-23 20:06:00,Processing
1085,854,2024-09-15 09:36:00,Processing
1086,23,2025-09-02 22:58:00,Completed
1087,286,2024-10-09 08:10:00,Completed
1088,1026,2025-09-17 09:11:00,Completed
1089,721,2025-06-15 19:54:00,Completed
1090,571,2025-09-03 22:53:00,Processing
1091,772,2024-03-19 19:59:00,Cancelled
1092,1350,2025-09-19 17:22:00,Cancelled
1093,1265,2024-08-28 19:10:00,Completed
1094,198,2025-09-11 20:14:00,Completed
1095,216,2023-07-25 14:59:00,Completed
1096,127,2025-08-28 19:04:00,Processing
1097,767,2025-01-06 13:06:00,Processing
1098,774,2023-12-18 11:12:00,Completed
1099,1006,2024-04-07 19:10:00,Processing
1100,1083,2023-08-21 18:06:00,Completed
1101,69,2023-06-25 14:36:00,Cancelled
1102,148,2024-09-07 21:13:00,Cancelled
1103,971,2025-08-26 09:28:00,Processing
1104,1281,2024-12-03 10:50:00,Cancelled
1105,611,2023-08-02 17:34:00,Completed
1106,47,2023-05-27 12:24:00,Completed
1107,140,2023-02-18 17:15:00,Cancelled
1108,1252,2025-08-18 19:57:00,Completed
1109,1194,2024-05-21 08:02:00,Completed
1110,864,2024-08-05 11:35:00,Completed
1111,1359,2023-08-26 17:57:00,Cancelled
1112,1440,2023-08-14 17:47:00,Cancelled
1113,166,2025-03-09 19:02:00,Completed
1114,73,2024-06-14 15:19:00,Completed
1115,44,2023-08-18 17:55:00,Processing
1116,1397,2025-11-16 08:24:00,Processing
1117,1425,2023-07-18 10:07:00,Processing
1118,242,2025-06-12 11:21:00,Processing
1119,119,2023-08-08 14:47:00,Cancelled
1120,1164,2023-01-28 19:15:00,Completed
1121,157,2023-08-10 08:20:00,Completed
1122,1234,2025-05-05 17:25:00,Processing
1123,1347,2023-02-09 16:13:00,Processing
1124,1445,2025-04-15 19:19:00,Completed
1125,1130,2024-04-17 22:17:00,Completed
1126,1430,2025-01-12 22:26:00,Cancelled
1127,996,2024-08-27 16:14:00,Completed
1128,1133,2023-08-02 11:44:00,Processing
1129,1332,2024-01-16 21:02:00,Completed
1130,570,2025-08-02 12:54:00,Cancelled
1131,787,2024-09-13 15:02:00,Completed
1132,422,2024-09-18 08:42:00,Completed
1133,65,2025-01-20 20:57:00,Completed
1134,538,2025-08-11 19:53:00,Cancelled
1135,889,2024-01-26 09:35:00,Processing
1136,1478,2025-09-14 17:46:00,Cancelled
1137,1063,2024-09-15 19:59:00,Completed
1138,271,2023-09-03 11:49:00,Cancelled
1139,606,2024-01-20 12:23:00,Completed
1140,1351,2024-12-01 09:19:00,Cancelled
1141,1354,2024-03-15 15:01:00,Processing
1142,19,2024-09-16 18:54:00,Cancelled
1143,447,2024-08-09 22:39:00,Cancelled
1144,644,2023-05-25 20:17:00,Completed
1145,1014,2023-08-05 21:39:00,Completed
1146,477,2023-03-22 16:55:00,Processing
1147,1188,2024-08-02 19:16:00,Completed
1148,34,2025-06-18 19:02:00,Cancelled
1149,481,2024-09-04 16:04:00,Completed
1150,418,2024-07-03 18:27:00,Completed
1151,294,2023-09-11 14:57:00,Completed
1152,964,2024-03-12 08:18:00,Completed
1153,1211,2023-08-26 13:32:00,Cancelled
1154,1191,2025-08-13 21:37:00,Completed
1155,1346,2025-08-03 22:14:00,Cancelled
1156,1032,2025-07-18 19:07:00,Cancelled
1157,106,2025-11-17 15:20:00,Completed
1158,400,2025-08-11 11:51:00,Completed
1159,473,2024-08-23 11:28:00,Processing
1160,742,2023-08-12 18:30:00,Cancelled
1161,472,2024-04-19 21:52:00,Completed
1162,1102,2023-07-22 17:42:00,Completed
1163,1241,2024-06-11 09:05:00,Processing
1164,863,2025-12-16 18:56:00,Completed
1165,369,2024-08-14 12:48:00,Cancelled
1166,1457,2024-03-28 08:53:00,Processing
1167,50,2025-08-05 16:55:00,Cancelled
1168,795,2024-09-23 16:15:00,Completed
1169,244,2024-06-19 17:39:00,Completed
1170,1480,2023-09-15 22:26:00,Processing
1171,893,2024-03-24 10:46:00,Cancelled
1172,1044,2023-08-19 17:23:00,Processing
1173,777,2024-11-24 17:17:00,Completed
1174,476,2024-01-19 16:57:00,Cancelled
1175,1188,2025-07-10 13:24:00,Completed
1176,366,2023-08-14 16:17:00,Cancelled
1177,1261,2024-09-06 09:18:00,Completed
1178,997,2024-08-10 22:16:00,Cancelled
1179,218,2023-03-04 11:35:00,Cancelled
1180,346,2023-01-18 16:51:00,Completed
1181,14,2024-01-12 11:18:00,Cancelled
1182,874,2025-03-27 15:18:00,Completed
1183,1467,2025-02-15 22:27:00,Processing
1184,539,2023-05-24 18:07:00,Completed
1185,162,2025-02-11 10:32:00,Completed
1186,566,2024-11-22 20:04:00,Completed
1187,79,2024-09-07 21:35:00,Completed
1188,1300,2025-08-19 14:55:00,Completed
1189,1380,2023-08-16 21:11:00,Processing
1190,579,2023-08-17 21:46:00,Completed
1191,7,2024-08-23 10:02:00,Processing
1192,1409,2024-12-08 18:22:00,Processing
1193,1087,2025-05-27 11:56:00,Completed
1194,1369,2024-07-20 13:34:00,Processing
1195,606,2023-09-14 15:20:00,Completed
1196,1357,2024-09-11 18:07:00,Completed
1197,1428,2024-10-27 20:55:00,Processing
1198,1231,2024-01-10 12:32:00,Completed
1199,838,2023-06-09 18:20:00,Processing
1200,802,2024-05-02 12:31:00,Completed
1201,696,2025-05-15 14:14:00,Cancelled
1202,342,2025-08-20 17:21:00,Completed
1203,1239,2025-08-26 14:05:00,Completed
1204,723,2025-08-17 11:23:00,Cancelled
1205,407,2023-07-28 19:14:00,Completed
1206,331,2024-08-18 19:15:00,Completed
1207,74,2023-11-04 16:25:00,Processing
1208,87,2023-08-08 18:49:00,Completed
1209,70,2024-07-21 14:08:00,Completed
1210,174,2023-09-01 08:47:00,Cancelled
1211,1239,2023-09-07 21:38:00,Completed
1212,663,2024-01-10 12:29:00,Completed
1213,205,2024-12-16 14:18:00,Processing
1214,191,2023-11-09 15:18:00,Cancelled
1215,1038,2023-09-24 14:23:00,Cancelled
1216,1464,2023-12-01 14:49:00,Completed
1217,916,2024-02-21 12:21:00,Completed
1218,1291,2023-08-07 21:31:00,Cancelled
1219,512,2023-09-17 19:53:00,Cancelled
1220,477,2023-05-14 12:47:00,Completed
1221,309,2023-09-28 08:17:00,Completed
1222,1152,2024-06-21 11:20:00,Processing
1223,1452,2024-02-04 14:44:00,Completed
1224,770,2023-03-17 19:07:00,Completed
1225,405,2024-02-02 22:27:00,Processing
1226,350,2025-10-05 19:55:00,Cancelled
1227,857,2024-08-14 12:46:00,Completed
1228,1071,2024-06-19 18:10:00,Completed
1229,595,2025-12-23 13:33:00,Cancelled
1230,515,2024-06-24 19:54:00,Completed
1231,337,2025-10-01 13:26:00,Completed
1232,308,2024-08-10 19:12:00,Completed
1233,1422,2023-06-04 08:39:00,Processing
1234,1218,2023-08-12 18:00:00,Completed
1235,563,2024-07-19 19:19:00,Completed
1236,1279,2024-11-18 18:42:00,Completed
1237,159,2025-08-09 10:16:00,Cancelled
1238,210,2023-12-21 20:24:00,Completed
1239,1179,2025-12-22 22:30:00,Completed
1240,345,2023-04-03 22:51:00,Cancelled
1241,301,2023-08-11 09:57:00,Completed
1242,281,2025-07-22 15:20:00,Completed
1243,1025,2023-09-13 20:24:00,Processing
1244,728,2024-06-17 09:56:00,Cancelled
1245,439,2023-05-23 10:53:00,Processing
1246,1148,2024-05-22 09:35:00,Processing
1247,1336,2024-09-28 15:49:00,Completed
1248,1492,2024-08-13 13:11:00,Completed
1249,402,2024-08-01 17:19:00,Completed
1250,193,2024-11-01 17:17:00,Completed
1251,1326,2024-07-02 19:45:00,Completed
1252,562,2025-08-28 19:59:00,Processing
1253,1245,2025-03-16 19:55:00,Cancelled
1254,213,2023-08-23 19:11:00,Completed
1255,170,2024-02-02 15:40:00,Completed
1256,644,2023-05-28 11:41:00,Cancelled
1257,35,2024-06-23 10:57:00,Cancelled
1258,1479,2024-07-14 21:42:00,Completed
1259,134,2023-11-05 19:17:00,Completed
1260,354,2024-08-23 16:26:00,Completed
1261,1302,2025-01-10 12:35:00,Completed
1262,242,2024-02-19 22:29:00,Completed
1263,239,2023-08-06 13:37:00,Completed
1264,347,2023-09-15 09:56:00,Completed
1265,631,2025-04-24 20:47:00,Completed
1266,636,2023-09-06 12:08:00,Cancelled
1267,647,2024-08-09 22:12:00,Completed
1268,605,2024-05-03 15:22:00,Cancelled
1269,745,2024-11-15 21:40:00,Completed
1270,76,2025-08-23 14:22:00,Completed
1271,425,2024-11-18 21:47:00,Completed
1272,186,2025-05-07 15:16:00,Completed
1273,237,2025-03-16 10:29:00,Cancelled
1274,662,2024-12-02 13:44:00,Completed
1275,1290,2024-01-06 14:30:00,Completed
1276,690,2025-03-12 12:10:00,Processing
1277,1120,2023-10-26 17:29:00,Cancelled
1278,1180,2025-07-16 21:15:00,Completed
1279,1482,2024-10-22 14:19:00,Completed
1280,480,2025-09-25 12:36:00,Processing
1281,1215,2023-08-10 22:38:00,Cancelled
1282,407,2025-03-22 13:50:00,Completed
1283,186,2024-03-26 13:29:00,Processing
1284,339,2024-08-07 22:11:00,Completed
1285,630,2023-08-14 09:46:00,Completed
1286,316,2025-06-01 15:10:00,Completed
1287,205,2024-07-23 11:58:00,Processing
1288,1369,2024-04-25 22:06:00,Processing
1289,264,2024-03-13 20:20:00,Completed
1290,1382,2025-12-13 16:04:00,Completed
1291,1001,2025-12-01 11:56:00,Cancelled
1292,365,2023-09-17 21:00:00,Cancelled
1293,1228,2024-04-05 15:12:00,Completed
1294,433,2024-06-13 18:11:00,Processing
1295,309,2024-09-02 12:26:00,Completed
1296,335,2024-02-15 20:05:00,Completed
1297,1406,2025-09-26 20:00:00,Completed
1298,654,2023-07-22 15:00:00,Processing
1299,1340,2025-01-10 14:16:00,Completed
1300,1237,2024-10-23 13:54:00,Cancelled
1301,748,2023-07-18 20:24:00,Completed
1302,308,2023-09-07 16:52:00,Cancelled
1303,1491,2024-10-10 08:07:00,Processing
1304,943,2024-09-09 14:21:00,Completed
1305,49,2025-09-12 14:01:00,Processing
1306,665,2024-12-04 13:46:00,Completed
1307,1089,2025-08-03 16:06:00,Completed
1308,1489,2023-07-09 13:29:00,Cancelled
1309,500,2025-12-15 08:04:00,Completed
1310,764,2023-08-13 16:46:00,Completed
1311,692,2025-07-13 08:11:00,Completed
1312,1478,2025-02-27 22:27:00,Completed
1313,393,2025-09-20 16:34:00,Completed
1314,1422,2023-09-07 20:59:00,Processing
1315,563,2025-03-09 16:42:00,Completed
1316,1239,2024-05-09 08:26:00,Completed
1317,39,2024-05-09 15:38:00,Completed
1318,199,2023-09-08 09:39:00,Completed
1319,1492,2025-10-19 14:40:00,Cancelled
1320,674,2025-08-11 13:20:00,Completed
1321,911,2023-10-07 16:44:00,Completed
1322,1379,2024-08-22 21:36:00,Completed
1323,1294,2024-06-03 11:47:00,Cancelled
1324,757,2024-09-15 18:29:00,Completed
1325,320,2025-12-12 17:27:00,Processing
1326,48,2024-10-08 14:58:00,Cancelled
1327,270,2024-02-04 14:13:00,Completed
1328,227,2025-08-25 20:47:00,Processing
1329,1127,2024-08-14 22:38:00,Completed
1330,655,2024-06-17 16:34:00,Processing
1331,462,2024-10-10 21:59:00,Processing
1332,322,2023-01-18 21:21:00,Processing
1333,1344,2023-02-13 17:41:00,Processing
1334,857,2024-08-20 11:08:00,Cancelled
1335,1270,2025-12-19 19:26:00,Completed
1336,666,2025-09-22 09:23:00,Completed
1337,1232,2025-08-28 22:10:00,Processing
1338,756,2025-03-16 22:45:00,Completed
1339,661,2023-08-07 17:29:00,Processing
1340,502,2025-04-26 10:29:00,Cancelled
1341,1314,2023-06-28 22:58:00,Completed
1342,502,2024-02-01 19:02:00,Processing
1343,1065,2024-02-26 14:16:00,Cancelled
1344,248,2025-11-23 08:28:00,Processing
1345,1487,2023-09-27 21:46:00,Completed
1346,745,2024-11-21 18:28:00,Processing
1347,255,2023-09-25 21:37:00,Completed
1348,1479,2023-09-05 22:15:00,Processing
1349,431,2024-08-15 22:45:00,Processing
1350,502,2024-09-11 20:28:00,Completed
1351,1164,2024-03-05 16:18:00,Completed
1352,453,2024-05-10 19:10:00,Cancelled
1353,1299,2024-10-22 12:09:00,Completed
1354,301,2025-09-09 18:14:00,Completed
1355,434,2025-08-09 13:46:00,Cancelled
1356,1059,2024-03-12 18:09:00,Cancelled
1357,1027,2024-07-28 22:31:00,Completed
1358,1076,2024-09-01 18:04:00,Completed
1359,461,2024-08-09 17:49:00,Completed
1360,1332,2023-09-19 22:40:00,Completed
1361,1074,2023-06-22 08:25:00,Completed
1362,675,2025-08-26 08:28:00,Cancelled
1363,1071,2023-08-23 22:41:00,Completed
1364,468,2025-03-02 17:17:00,Cancelled
1365,569,2023-02-05 16:19:00,Completed
1366,426,2023-09-15 09:34:00,Completed
1367,654,2025-09-04 15:05:00,Processing
1368,405,2023-04-20 15:19:00,Cancelled
1369,20,2025-02-24 22:28:00,Completed
1370,1207,2025-10-01 12:48:00,Processing
1371,1232,2024-03-11 16:30:00,Cancelled
1372,582,2025-08-11 12:43:00,Cancelled
1373,1031,2024-02-25 10:31:00,Completed
1374,654,2025-03-06 09:48:00,Processing
1375,1379,2024-09-11 18:43:00,Cancelled
1376,375,2023-04-07 12:32:00,Completed
1377,656,2025-05-20 11:36:00,Completed
1378,664,2023-09-26 10:54:00,Completed
1379,1250,2025-09-21 17:50:00,Processing
1380,1488,2024-09-16 22:54:00,Completed
1381,760,2023-09-27 19:20:00,Processing
1382,631,2024-07-01 20:25:00,Completed
1383,838,2024-03-15 20:17:00,Completed
1384,1443,2023-09-10 21:23:00,Completed
1385,660,2024-06-18 16:47:00,Completed
1386,441,2025-05-04 09:15:00,Completed
1387,667,2025-12-16 08:49:00,Processing
1388,1409,2025-05-20 17:24:00,Completed
1389,208,2023-05-18 13:28:00,Completed
1390,228,2024-08-11 20:46:00,Processing
1391,311,2023-12-07 16:05:00,Processing
1392,503,2024-05-18 16:52:00,Completed
1393,1413,2023-08-28 20:44:00,Completed
1394,740,2024-04-06 13:29:00,Completed
1395,944,2024-09-09 17:47:00,Completed
1396,288,2023-07-13 20:31:00,Completed
1397,1083,2023-11-12 08:36:00,Processing
1398,66,2025-06-26 16:31:00,Completed
1399,1178,2024-02-19 09:35:00,Completed
1400,1090,2023-02-19 22:29:00,Cancelled
1401,1332,2023-07-27 12:29:00,Processing
1402,312,2025-08-21 17:21:00,Processing
1403,1081,2025-07-01 14:36:00,Completed
1404,14,2025-01-01 11:20:00,Processing
1405,309,2024-12-22 20:20:00,Cancelled
1406,938,2025-12-12 22:56:00,Cancelled
1407,313,2023-04-10 10:06:00,Completed
1408,1093,2025-01-25 10:34:00,Completed
1409,142,2024-04-22 11:12:00,Completed
1410,335,2024-04-07 20:22:00,Completed
1411,282,2024-09-01 15:55:00,Completed
1412,780,2023-07-07 11:49:00,Processing
1413,1209,2023-08-17 22:37:00,Cancelled
1414,250,2023-02-16 19:38:00,Completed
1415,649,2024-08-26 16:23:00,Processing
1416,523,2025-09-01 08:24:00,Processing
1417,820,2023-09-27 09:27:00,Completed
1418,470,2025-09-16 08:17:00,Completed
1419,93,2023-03-19 08:08:00,Cancelled
1420,319,2023-01-02 17:51:00,Completed
1421,1354,2024-09-27 10:26:00,Completed
1422,358,2025-03-12 22:59:00,Completed
1423,333,2023-05-13 18:23:00,Completed
1424,1274,2024-08-11 08:56:00,Processing
1425,71,2025-07-02 16:24:00,Cancelled
1426,1480,2025-08-01 13:57:00,Completed
1427,189,2024-02-16 15:26:00,Cancelled
1428,902,2023-01-10 15:30:00,Completed
1429,263,2024-06-20 18:45:00,Completed
1430,979,2024-12-07 10:14:00,Cancelled
1431,266,2023-08-24 09:45:00,Processing
1432,579,2025-08-09 10:46:00,Completed
1433,674,2025-12-17 16:36:00,Completed
1434,270,2024-03-19 19:59:00,Completed
1435,789,2025-08-06 08:09:00,Completed
1436,488,2023-08-19 15:30:00,Completed
1437,385,2025-12-13 15:13:00,Processing
1438,1273,2024-02-24 12:41:00,Cancelled
1439,691,2024-03-09 13:51:00,Processing
1440,1125,2024-06-25 16:16:00,Completed
1441,749,2024-11-05 09:14:00,Processing
1442,228,2023-05-05 21:22:00,Completed
1443,927,2024-02-28 16:11:00,Processing
1444,1047,2023-08-25 08:12:00,Completed
1445,1077,2025-12-28 16:33:00,Completed
1446,1092,2024-11-06 13:10:00,Completed
1447,1394,2023-12-08 21:59:00,Completed
1448,1108,2025-04-09 08:25:00,Completed
1449,799,2025-10-15 13:08:00,Completed
1450,1,2023-09-07 22:46:00,Cancelled
1451,1217,2023-09-05 10:30:00,Completed
1452,497,2024-07-13 17:12:00,Completed
1453,718,2023-09-05 22:25:00,Completed
1454,1487,2025-03-07 15:09:00,Completed
1455,671,2023-11-10 16:06:00,Cancelled
1456,965,2023-05-27 09:34:00,Cancelled
1457,931,2023-09-09 08:24:00,Completed
1458,232,2025-12-06 22:45:00,Processing
1459,597,2023-02-24 17:38:00,Completed
1460,495,2025-07-14 08:40:00,Completed
1461,574,2025-05-21 16:21:00,Processing
1462,1366,2024-02-01 09:45:00,Processing
1463,498,2025-12-14 18:17:00,Completed
1464,1452,2024-12-13 17:33:00,Processing
1465,87,2025-08-19 09:07:00,Completed
1466,739,2025-12-14 21:25:00,Completed
1467,712,2025-10-19 21:33:00,Completed
1468,817,2025-07-22 22:01:00,Completed
1469,1162,2023-09-04 12:58:00,Processing
1470,59,2025-05-12 21:43:00,Completed
1471,722,2023-08-11 15:44:00,Completed
1472,329,2023-11-21 13:47:00,Processing
1473,714,2023-02-11 13:39:00,Cancelled
1474,467,2024-02-24 09:40:00,Processing
1475,641,2025-03-25 14:12:00,Completed
1476,1449,2024-09-12 20:10:00,Completed
1477,662,2023-09-17 19:41:00,Cancelled
1478,607,2025-07-20 19:04:00,Completed
1479,192,2023-07-28 12:09:00,Completed
1480,1092,2024-09-04 21:47:00,Completed
1481,1257,2025-06-08 15:52:00,Completed
1482,504,2025-09-01 15:14:00,Completed
1483,503,2023-04-05 08:18:00,Completed
1484,43,2025-10-14 16:35:00,Cancelled
1485,394,2024-09-21 17:56:00,Processing
1486,536,2025-06-26 20:16:00,Processing
1487,759,2024-04-11 16:22:00,Completed
1488,1420,2023-08-26 16:37:00,Completed
1489,198,2025-11-11 09:51:00,Cancelled
1490,467,2025-08-15 12:36:00,Completed
1491,943,2025-12-14 09:10:00,Completed
1492,1147,2024-01-12 15:55:00,Completed
1493,131,2025-09-19 12:57:00,Completed
1494,1462,2025-03-13 11:42:00,Processing
1495,635,2025-05-11 11:36:00,Cancelled
1496,834,2023-12-11 21:00:00,Cancelled
1497,109,2025-12-04 20:04:00,Cancelled
1498,131,2025-03-24 11:15:00,Cancelled
1499,368,2023-09-24 09:21:00,Completed
1500,193,2024-07-26 14:24:00,Processing
1501,284,2024-09-12 10:45:00,Processing
1502,517,2024-09-13 11:14:00,Completed
1503,1326,2025-09-25 09:33:00,Completed
1504,42,2025-08-22 13:06:00,Completed
1505,4,2025-09-13 12:01:00,Cancelled
1506,1154,2024-03-07 18:39:00,Processing
1507,373,2025-09-04 21:43:00,Completed
1508,1229,2024-10-23 21:56:00,Completed
1509,1040,2023-10-01 17:02:00,Cancelled
1510,247,2024-02-12 18:11:00,Cancelled
1511,1062,2023-10-07 17:09:00,Cancelled
1512,691,2024-11-27 14:50:00,Processing
1513,239,2025-06-08 13:09:00,Completed
1514,1006,2023-01-12 08:58:00,Processing
1515,1351,2025-12-04 21:33:00,Completed
1516,1359,2025-09-25 16:41:00,Completed
1517,579,2024-08-10 18:27:00,Processing
1518,892,2024-08-16 09:20:00,Cancelled
1519,992,2025-09-26 20:18:00,Completed
1520,1081,2023-08-10 22:37:00,Cancelled
1521,1112,2023-01-18 08:03:00,Completed
1522,789,2023-08-27 21:43:00,Processing
1523,1042,2025-11-12 18:44:00,Completed
1524,440,2023-03-08 19:20:00,Completed
1525,1463,2023-12-21 17:00:00,Completed
1526,782,2023-02-10 08:57:00,Completed
1527,1351,2024-07-27 11:23:00,Processing
1528,92,2023-08-20 18:16:00,Processing
1529,1394,2025-05-07 22:41:00,Completed
1530,839,2025-09-13 12:53:00,Completed
1531,1000,2024-07-02 19:49:00,Processing
1532,264,2025-02-21 09:07:00,Completed
1533,1001,2023-09-06 19:16:00,Processing
1534,584,2025-09-04 20:07:00,Processing
1535,414,2023-10-07 10:33:00,Completed
1536,961,2024-08-02 21:24:00,Completed
1537,172,2025-04-14 17:23:00,Processing
1538,293,2024-01-22 22:32:00,Completed
1539,431,2025-08-05 13:55:00,Completed
1540,360,2024-01-13 14:09:00,Completed
1541,1036,2023-08-11 18:46:00,Processing
1542,52,2024-08-20 16:18:00,Cancelled
1543,330,2023-06-02 09:43:00,Completed
1544,840,2025-12-24 10:46:00,Completed
1545,759,2023-08-22 11:00:00,Processing
1546,8,2025-09-25 17:07:00,Completed
1547,1287,2023-02-01 18:52:00,Processing
1548,1171,2025-09-15 22:47:00,Completed
1549,1399,2024-06-21 15:30:00,Completed
1550,931,2025-04-05 12:40:00,Completed
1551,796,2024-06-24 08:27:00,Completed
1552,295,2023-11-28 11:25:00,Completed
1553,1284,2024-09-14 22:26:00,Processing
1554,927,2024-10-12 13:20:00,Processing
1555,273,2025-04-07 19:12:00,Cancelled
1556,399,2025-12-12 22:29:00,Cancelled
1557,837,2024-04-13 10:30:00,Completed
1558,1112,2025-12-14 08:12:00,Completed
1559,692,2025-07-17 14:11:00,Processing
1560,49,2025-08-09 19:43:00,Cancelled
1561,320,2025-04-05 14:20:00,Processing
1562,504,2025-09-11 17:59:00,Cancelled
1563,1087,2025-01-22 09:50:00,Completed
1564,176,2023-08-11 21:05:00,Completed
1565,731,2023-04-10 21:04:00,Completed
1566,1277,2024-10-16 13:45:00,Completed
1567,594,2024-08-05 10:26:00,Completed
1568,1091,2025-11-18 18:30:00,Completed
1569,1414,2023-03-15 09:48:00,Completed
1570,278,2024-10-06 20:01:00,Cancelled
1571,1410,2024-12-19 10:28:00,Completed
1572,1008,2025-06-03 22:23:00,Completed
1573,363,2023-07-05 09:59:00,Completed
1574,1299,2024-08-12 17:51:00,Processing
1575,33,2025-07-06 13:54:00,Completed
1576,394,2025-08-16 13:57:00,Completed
1577,107,2025-09-09 15:27:00,Completed
1578,83,2024-10-22 09:21:00,Cancelled
1579,65,2023-12-01 19:36:00,Completed
1580,620,2024-09-13 14:02:00,Completed
1581,1428,2024-09-14 19:21:00,Completed
1582,710,2025-08-16 12:17:00,Completed
1583,922,2025-09-28 16:57:00,Completed
1584,48,2023-02-08 09:11:00,Completed
1585,134,2023-04-25 09:55:00,Completed
1586,20,2025-09-28 22:39:00,Completed
1587,320,2025-10-21 21:21:00,Completed
1588,1255,2023-08-07 22:47:00,Completed
1589,381,2023-02-01 14:50:00,Completed
1590,431,2023-07-11 18:33:00,Completed
1591,975,2023-10-20 19:11:00,Processing
1592,590,2025-01-15 10:32:00,Completed
1593,163,2023-05-05 22:34:00,Cancelled
1594,388,2025-08-07 10:54:00,Completed
1595,467,2023-09-20 14:32:00,Completed
1596,447,2024-09-24 11:33:00,Completed
1597,1342,2025-08-03 08:04:00,Processing
1598,705,2025-09-03 18:48:00,Processing
1599,25,2025-06-19 20:58:00,Completed
1600,1430,2025-02-19 12:46:00,Completed
1601,924,2024-10-12 15:19:00,Processing
1602,642,2025-04-08 17:10:00,Completed
1603,1415,2024-10-11 22:50:00,Processing
1604,950,2024-03-24 20:24:00,Processing
1605,51,2023-07-28 18:09:00,Processing
1606,749,2023-03-05 17:11:00,Completed
1607,195,2023-08-09 13:12:00,Completed
1608,1019,2024-09-08 11:31:00,Cancelled
1609,1483,2024-03-16 18:03:00,Completed
1610,218,2023-10-20 12:09:00,Completed
1611,1063,2024-07-16 08:19:00,Completed
1612,694,2025-09-20 09:38:00,Completed
1613,1085,2024-09-26 19:55:00,Completed
1614,757,2025-02-01 15:23:00,Processing
1615,505,2023-04-28 22:20:00,Processing
1616,575,2025-09-23 11:57:00,Completed
1617,660,2025-04-23 17:39:00,Completed
1618,511,2024-01-11 16:56:00,Completed
1619,787,2023-02-17 15:29:00,Cancelled
1620,1491,2024-09-25 11:50:00,Completed
1621,1458,2023-08-16 11:14:00,Completed
1622,671,2024-10-18 10:50:00,Completed
1623,656,2024-12-18 11:52:00,Completed
1624,1224,2025-08-24 22:12:00,Cancelled
1625,1033,2024-09-14 19:52:00,Completed
1626,611,2024-09-01 08:41:00,Processing
1627,162,2024-03-15 18:24:00,Cancelled
1628,322,2025-06-04 22:17:00,Processing
1629,566,2023-10-10 10:37:00,Completed
1630,662,2023-09-18 15:23:00,Completed
1631,646,2025-08-21 14:41:00,Completed
1632,811,2023-08-21 12:20:00,Cancelled
1633,1165,2023-01-24 19:45:00,Completed
1634,1018,2023-03-05 09:33:00,Completed
1635,1462,2023-09-12 13:05:00,Processing
1636,704,2023-11-02 16:26:00,Processing
1637,1423,2023-02-27 11:28:00,Completed
1638,237,2024-08-21 18:35:00,Completed
1639,108,2025-04-16 08:02:00,Completed
1640,477,2023-03-17 13:20:00,Processing
1641,1300,2025-09-16 08:42:00,Processing
1642,1127,2023-08-07 11:37:00,Processing
1643,15,2024-12-12 16:57:00,Completed
1644,814,2023-08-21 19:39:00,Completed
1645,545,2025-09-06 21:12:00,Cancelled
1646,525,2024-09-13 09:41:00,Completed
1647,925,2023-11-25 14:13:00,Completed
1648,231,2023-08-24 22:55:00,Completed
1649,410,2025-05-27 19:43:00,Completed
1650,1215,2024-08-21 18:14:00,Cancelled
1651,517,2023-05-01 11:53:00,Completed
1652,684,2023-07-24 13:29:00,Processing
1653,1233,2023-10-18 17:18:00,Completed
1654,160,2025-08-28 08:39:00,Completed
1655,23,2024-05-15 14:46:00,Cancelled
1656,327,2023-08-21 11:27:00,Completed
1657,156,2024-01-10 20:02:00,Completed
1658,619,2023-08-04 22:40:00,Completed
1659,976,2023-08-24 11:29:00,Cancelled
1660,1424,2025-08-23 17:30:00,Completed
1661,1498,2025-08-13 18:24:00,Completed
1662,77,2024-10-14 10:00:00,Cancelled
1663,91,2025-09-23 12:46:00,Processing
1664,416,2024-09-28 11:15:00,Processing
1665,4,2025-09-18 19:31:00,Completed
1666,1466,2025-09-03 17:23:00,Processing
1667,968,2025-09-24 16:34:00,Completed
1668,657,2025-07-06 17:25:00,Completed
1669,958,2024-03-27 18:48:00,Processing
1670,1384,2025-07-03 17:16:00,Completed
1671,682,2024-10-25 16:55:00,Completed
1672,88,2024-03-20 13:34:00,Completed
1673,1175,2023-04-27 19:25:00,Completed
1674,859,2023-11-02 16:06:00,Cancelled
1675,9,2024-03-24 11:43:00,Completed
1676,1002,2023-09-18 22:25:00,Cancelled
1677,1346,2024-09-24 14:44:00,Completed
1678,463,2025-03-27 19:57:00,Completed
1679,1467,2023-11-26 09:31:00,Completed
1680,148,2025-04-25 14:19:00,Completed
1681,1110,2025-08-01 08:01:00,Completed
1682,248,2023-08-03 12:28:00,Completed
1683,865,2024-01-23 17:19:00,Completed
1684,795,2024-09-20 17:58:00,Processing
1685,1301,2025-10-02 15:20:00,Completed
1686,64,2024-07-25 16:49:00,Completed
1687,866,2025-06-22 15:01:00,Processing
1688,80,2024-02-16 12:34:00,Completed
1689,170,2023-02-15 14:47:00,Completed
1690,495,2025-01-11 12:35:00,Processing
1691,444,2025-01-22 10:37:00,Completed
1692,1037,2024-08-15 12:44:00,Cancelled
1693,795,2025-01-09 17:07:00,Cancelled
1694,1006,2023-05-28 10:02:00,Completed
1695,1232,2024-03-27 09:12:00,Processing
1696,996,2023-08-25 14:02:00,Completed
1697,375,2023-09-08 19:28:00,Completed
1698,208,2023-08-15 15:23:00,Processing
1699,43,2025-06-21 16:06:00,Processing
1700,971,2023-09-03 09:05:00,Completed
1701,1362,2024-11-08 22:59:00,Completed
1702,248,2023-08-22 11:28:00,Cancelled
1703,765,2025-08-26 18:11:00,Cancelled
1704,847,2023-04-07 10:19:00,Completed
1705,1437,2024-08-17 20:00:00,Completed
1706,1075,2025-08-10 22:51:00,Completed
1707,655,2023-04-07 18:30:00,Processing
1708,981,2023-09-18 18:40:00,Cancelled
1709,146,2023-11-05 21:48:00,Completed
1710,979,2025-02-19 10:15:00,Processing
1711,1282,2024-05-14 08:48:00,Processing
1712,88,2024-01-07 18:46:00,Completed
1713,801,2024-04-24 22:08:00,Processing
1714,1260,2025-03-08 17:33:00,Completed
1715,1019,2023-01-14 09:35:00,Completed
1716,1443,2023-01-12 12:25:00,Completed
1717,952,2025-06-10 21:34:00,Cancelled
1718,670,2024-10-17 15:24:00,Cancelled
1719,1424,2025-12-20 18:50:00,Cancelled
1720,282,2024-09-11 16:33:00,Cancelled
1721,1294,2023-09-09 21:18:00,Cancelled
1722,1052,2023-09-08 17:12:00,Completed
1723,628,2023-11-22 14:17:00,Completed
1724,1225,2024-04-25 17:56:00,Completed
1725,1410,2024-09-23 16:35:00,Completed
1726,419,2024-03-04 19:46:00,Completed
1727,1308,2023-09-06 22:41:00,Processing
1728,768,2023-09-19 15:34:00,Completed
1729,300,2024-05-04 14:52:00,Cancelled
1730,806,2023-09-16 15:59:00,Cancelled
1731,1196,2024-07-07 12:03:00,Processing
1732,1287,2024-10-14 14:20:00,Completed
1733,287,2023-08-02 21:04:00,Completed
1734,221,2025-03-26 09:59:00,Processing
1735,420,2023-12-02 08:07:00,Completed
1736,1279,2025-09-08 11:14:00,Cancelled
1737,1237,2025-11-12 21:15:00,Completed
1738,48,2025-04-06 20:52:00,Processing
1739,417,2025-03-03 17:47:00,Cancelled
1740,553,2024-08-28 14:14:00,Completed
1741,942,2025-08-08 12:06:00,Completed
1742,490,2025-09-15 11:14:00,Completed
1743,168,2024-10-05 19:56:00,Processing
1744,1260,2024-09-07 22:43:00,Processing
1745,895,2025-08-16 16:39:00,Processing
1746,906,2025-08-23 09:38:00,Processing
1747,345,2024-09-12 14:17:00,Completed
1748,1465,2024-07-20 22:30:00,Completed
1749,1406,2025-08-15 19:51:00,Completed
1750,797,2025-09-01 15:27:00,Processing
1751,869,2023-06-08 12:23:00,Completed
1752,981,2023-08-28 08:24:00,Completed
1753,99,2023-08-03 17:44:00,Cancelled
1754,103,2024-09-15 10:18:00,Completed
1755,893,2024-03-08 14:19:00,Completed
1756,1067,2023-08-20 08:36:00,Completed
1757,591,2025-07-06 11:01:00,Completed
1758,1235,2025-08-09 21:50:00,Completed
1759,1094,2023-11-25 13:46:00,Completed
1760,313,2025-04-26 08:20:00,Completed
1761,558,2025-11-17 22:03:00,Processing
1762,277,2023-08-28 10:15:00,Cancelled
1763,753,2025-10-08 15:11:00,Completed
1764,1462,2023-08-03 14:08:00,Completed
1765,589,2024-10-22 20:25:00,Cancelled
1766,1109,2025-11-15 18:33:00,Completed
1767,1241,2025-07-25 12:33:00,Processing
1768,342,2025-03-26 08:13:00,Completed
1769,1229,2024-02-20 22:26:00,Processing
1770,770,2024-09-16 11:48:00,Completed
1771,442,2024-03-15 21:37:00,Completed
1772,1330,2024-08-01 22:14:00,Processing
1773,518,2024-09-12 22:13:00,Processing
1774,268,2024-04-05 22:40:00,Completed
1775,606,2024-09-13 22:41:00,Processing
1776,160,2025-09-02 22:55:00,Processing
1777,139,2024-09-17 10:00:00,Completed
1778,299,2025-05-02 08:32:00,Completed
1779,1292,2025-09-13 13:51:00,Cancelled
1780,943,2024-05-12 08:51:00,Cancelled
1781,1200,2023-10-14 20:32:00,Completed
1782,1365,2025-12-17 09:09:00,Processing
1783,677,2025-05-05 10:48:00,Completed
1784,191,2025-09-08 08:02:00,Completed
1785,25,2023-08-14 20:52:00,Completed
1786,875,2025-04-01 09:10:00,Completed
1787,544,2025-02-08 15:58:00,Completed
1788,1378,2024-09-26 22:21:00,Cancelled
1789,1491,2024-05-19 16:35:00,Completed
1790,1294,2025-08-22 18:53:00,Cancelled
1791,1066,2025-08-08 21:01:00,Processing
1792,990,2024-09-16 19:25:00,Completed
1793,1212,2024-05-04 21:09:00,Cancelled
1794,458,2023-04-15 22:09:00,Completed
1795,1429,2025-07-24 14:26:00,Cancelled
1796,679,2024-08-20 15:59:00,Completed
1797,643,2023-07-05 14:30:00,Completed
1798,684,2024-08-16 22:31:00,Processing
1799,1206,2023-04-10 11:39:00,Completed
1800,689,2023-12-13 21:05:00,Completed
1801,169,2023-01-05 16:27:00,Processing
1802,190,2025-01-01 15:11:00,Completed
1803,274,2024-06-22 18:58:00,Completed
1804,1365,2025-08-10 13:06:00,Completed
1805,1194,2023-12-01 21:59:00,Completed
1806,349,2024-10-04 12:37:00,Completed
1807,1261,2025-09-05 09:29:00,Cancelled
1808,533,2023-11-04 15:38:00,Completed
1809,1412,2024-09-22 10:44:00,Processing
1810,927,2024-05-10 18:45:00,Processing
1811,857,2023-05-22 13:13:00,Completed
1812,945,2023-01-03 08:37:00,Completed
1813,303,2023-03-05 19:04:00,Completed
1814,682,2025-08-23 15:27:00,Processing
1815,252,2025-11-24 17:19:00,Completed
1816,970,2025-08-13 11:22:00,Completed
1817,101,2023-05-13 10:52:00,Processing
1818,950,2025-06-15 10:52:00,Completed
1819,1449,2024-12-28 19:11:00,Completed
1820,337,2024-10-11 10:02:00,Completed
1821,492,2025-05-07 19:11:00,Processing
1822,79,2023-06-26 17:23:00,Completed
1823,6,2023-11-07 11:09:00,Completed
1824,1394,2025-11-09 16:25:00,Cancelled
1825,1210,2025-04-14 20:46:00,Completed
1826,932,2025-05-18 20:29:00,Completed
1827,583,2024-08-16 21:56:00,Processing
1828,950,2025-06-27 17:14:00,Processing
1829,543,2024-01-27 11:42:00,Cancelled
1830,521,2024-08-02 11:52:00,Processing
1831,490,2024-08-03 20:51:00,Completed
1832,1097,2025-01-17 21:46:00,Completed
1833,1230,2025-08-18 18:35:00,Completed
1834,238,2023-07-18 19:21:00,Completed
1835,1117,2025-09-03 13:41:00,Completed
1836,983,2023-09-06 18:18:00,Completed
1837,852,2023-04-24 10:23:00,Completed
1838,592,2024-11-21 09:04:00,Completed
1839,249,2023-02-25 20:50:00,Completed
1840,367,2023-06-04 16:49:00,Cancelled
1841,953,2025-09-26 09:22:00,Completed
1842,724,2023-08-18 12:46:00,Completed
1843,1271,2023-03-05 13:10:00,Cancelled
1844,1413,2025-09-01 13:54:00,Processing
1845,886,2023-07-07 10:12:00,Cancelled
1846,1306,2024-02-24 11:53:00,Processing
1847,1142,2024-09-07 22:02:00,Completed
1848,928,2023-09-01 18:59:00,Completed
1849,1329,2024-01-11 21:29:00,Completed
1850,275,2023-11-25 09:37:00,Completed
1851,970,2024-11-24 20:21:00,Completed
1852,1280,2023-06-08 12:34:00,Processing
1853,601,2023-01-10 18:08:00,Completed
1854,778,2023-09-03 16:23:00,Completed
1855,1021,2024-07-01 08:18:00,Completed
1856,379,2025-08-17 17:38:00,Completed
1857,743,2023-09-25 13:20:00,Completed
1858,375,2025-08-08 08:17:00,Completed
1859,1127,2025-02-26 19:35:00,Cancelled
1860,1415,2025-09-04 22:25:00,Completed
1861,639,2024-09-09 19:03:00,Completed
1862,141,2023-12-01 09:57:00,Processing
1863,88,2024-07-18 09:16:00,Completed
1864,1211,2025-04-03 13:10:00,Completed
1865,1329,2025-02-21 20:01:00,Processing
1866,448,2025-03-24 21:55:00,Cancelled
1867,489,2024-09-19 20:46:00,Completed
1868,1009,2025-09-07 17:42:00,Processing
1869,395,2025-08-13 17:26:00,Cancelled
1870,590,2024-08-23 14:16:00,Cancelled
1871,1020,2023-07-19 11:47:00,Completed
1872,1416,2023-12-04 18:15:00,Completed
1873,1457,2023-08-24 08:46:00,Completed
1874,1401,2024-08-09 09:36:00,Completed
1875,1335,2023-01-14 09:21:00,Completed
1876,916,2023-08-28 13:20:00,Processing
1877,776,2025-05-15 18:12:00,Completed
1878,424,2024-08-16 15:17:00,Processing
1879,101,2024-09-06 08:50:00,Completed
1880,940,2025-09-04 22:18:00,Completed
1881,581,2024-08-16 20:48:00,Cancelled
1882,134,2025-05-21 11:28:00,Completed
1883,1410,2024-07-09 10:30:00,Completed
1884,898,2023-08-21 15:24:00,Completed
1885,1130,2025-03-04 12:46:00,Completed
1886,1070,2024-05-28 18:33:00,Completed
1887,827,2023-08-08 22:18:00,Completed
1888,501,2025-12-19 20:59:00,Cancelled
1889,375,2025-11-01 10:01:00,Completed
1890,1413,2025-06-01 15:12:00,Completed
1891,223,2025-09-09 19:51:00,Completed
1892,1201,2023-12-19 17:22:00,Completed
1893,779,2024-04-11 08:54:00,Completed
1894,731,2024-11-11 15:14:00,Processing
1895,1152,2023-02-19 22:08:00,Completed
1896,842,2023-09-18 19:04:00,Completed
1897,1395,2025-03-08 19:13:00,Completed
1898,760,2023-08-19 14:07:00,Completed
1899,1317,2025-04-03 13:59:00,Completed
1900,1253,2023-09-26 17:34:00,Completed
1901,91,2024-11-06 18:48:00,Completed
1902,1003,2023-06-04 09:32:00,Cancelled
1903,470,2025-09-23 13:59:00,Completed
1904,927,2025-01-24 09:40:00,Cancelled
1905,44,2025-08-27 10:14:00,Completed
1906,368,2023-04-05 12:29:00,Completed
1907,1356,2024-08-02 09:46:00,Completed
1908,751,2025-05-27 18:27:00,Completed
1909,1409,2023-03-16 14:00:00,Completed
1910,768,2023-07-04 09:48:00,Completed
1911,434,2023-08-14 11:44:00,Completed
1912,546,2025-11-22 16:57:00,Cancelled
1913,1200,2024-03-27 17:34:00,Cancelled
1914,442,2024-12-27 20:28:00,Completed
1915,647,2024-01-07 14:18:00,Processing
1916,1097,2024-12-04 20:44:00,Completed
1917,111,2023-11-28 09:35:00,Processing
1918,809,2025-03-02 16:11:00,Cancelled
1919,475,2023-08-17 21:38:00,Cancelled
1920,152,2023-02-11 16:34:00,Completed
1921,532,2024-08-27 10:02:00,Processing
1922,1005,2023-08-23 18:05:00,Cancelled
1923,303,2025-07-24 18:34:00,Completed
1924,660,2024-09-28 13:01:00,Completed
1925,24,2023-01-28 20:46:00,Completed
1926,172,2024-08-03 19:12:00,Processing
1927,202,2024-11-21 13:03:00,Cancelled
1928,53,2025-09-11 14:43:00,Completed
1929,1033,2025-09-09 10:05:00,Cancelled
1930,303,2025-11-16 12:31:00,Cancelled
1931,157,2023-09-17 17:50:00,Completed
1932,644,2024-11-14 15:01:00,Completed
1933,1228,2023-09-08 14:22:00,Completed
1934,182,2024-05-17 10:25:00,Processing
1935,1154,2023-08-26 12:32:00,Completed
1936,659,2024-06-10 21:10:00,Cancelled
1937,769,2025-08-21 15:03:00,Processing
1938,426,2023-12-18 15:39:00,Completed
1939,35,2025-11-06 10:04:00,Completed
1940,549,2023-07-09 21:33:00,Completed
1941,1139,2025-05-21 19:16:00,Completed
1942,1122,2024-04-17 11:24:00,Completed
1943,1083,2025-09-08 10:43:00,Completed
1944,290,2025-05-24 10:33:00,Cancelled
1945,1322,2025-05-14 12:10:00,Completed
1946,498,2024-03-12 19:46:00,Cancelled
1947,883,2023-09-03 15:55:00,Completed
1948,800,2024-07-06 13:48:00,Completed
1949,596,2023-08-24 18:23:00,Completed
1950,1114,2025-08-28 22:46:00,Completed
1951,1370,2023-05-14 20:17:00,Completed
1952,1051,2025-11-17 22:58:00,Completed
1953,463,2025-08-18 19:32:00,Cancelled
1954,366,2024-08-15 17:53:00,Completed
1955,1380,2025-09-22 18:03:00,Completed
1956,490,2023-04-25 21:22:00,Completed
1957,1078,2024-02-13 19:14:00,Completed
1958,210,2023-09-17 15:46:00,Completed
1959,1115,2023-04-08 17:05:00,Completed
1960,1009,2023-09-08 08:56:00,Processing
1961,72,2025-08-25 17:48:00,Cancelled
1962,1018,2024-02-15 16:54:00,Processing
1963,1132,2025-01-01 22:11:00,Completed
1964,55,2023-06-25 14:07:00,Cancelled
1965,262,2025-01-08 19:24:00,Completed
1966,968,2025-05-24 12:52:00,Cancelled
1967,246,2025-01-20 18:13:00,Processing
1968,754,2025-03-02 09:19:00,Cancelled
1969,146,2023-12-10 09:34:00,Completed
1970,463,2023-09-11 21:01:00,Cancelled
1971,286,2024-08-07 17:38:00,Cancelled
1972,303,2023-09-11 13:26:00,Completed
1973,189,2024-05-05 16:34:00,Processing
1974,88,2024-06-08 15:59:00,Processing
1975,878,2024-01-17 19:06:00,Completed
1976,264,2024-01-02 11:55:00,Completed
1977,1066,2023-09-20 09:52:00,Completed
1978,792,2023-02-11 19:13:00,Completed
1979,360,2023-09-12 08:52:00,Processing
1980,1043,2025-08-16 18:54:00,Processing
1981,870,2025-03-20 11:33:00,Completed
1982,595,2025-02-08 12:57:00,Cancelled
1983,11,2025-04-11 12:15:00,Processing
1984,1367,2025-11-05 14:02:00,Completed
1985,479,2025-08-02 09:42:00,Completed
1986,925,2025-12-27 08:32:00,Completed
1987,1157,2025-05-10 17:11:00,Completed
1988,1464,2024-12-26 10:25:00,Cancelled
1989,1447,2025-07-25 17:36:00,Processing
1990,1346,2024-12-25 17:47:00,Processing
1991,184,2025-09-19 14:40:00,Cancelled
1992,509,2023-08-10 08:49:00,Cancelled
1993,635,2025-04-06 22:12:00,Completed
1994,379,2023-08-25 14:25:00,Cancelled
1995,1147,2023-01-18 15:09:00,Processing
1996,1312,2023-07-01 18:28:00,Completed
1997,443,2024-04-17 17:14:00,Completed
1998,1373,2025-06-21 11:57:00,Cancelled
1999,284,2025-01-27 21:18:00,Completed
2000,706,2024-02-05 22:44:00,Cancelled
2001,1250,2024-08-13 17:48:00,Completed
2002,1116,2025-09-03 20:35:00,Processing
2003,1174,2024-08-27 11:00:00,Cancelled
2004,987,2024-08-25 11:51:00,Cancelled
2005,643,2025-08-09 21:12:00,Completed
2006,817,2025-09-28 16:17:00,Completed
2007,61,2023-04-01 08:42:00,Cancelled
2008,890,2025-09-03 08:07:00,Processing
2009,1032,2023-08-27 17:21:00,Completed
2010,99,2023-08-20 18:17:00,Completed
2011,601,2025-06-02 15:26:00,Completed
2012,1290,2025-09-21 14:40:00,Completed
2013,104,2025-09-09 08:57:00,Processing
2014,903,2024-07-06 08:45:00,Processing
2015,287,2025-07-22 10:38:00,Completed
2016,706,2023-02-24 21:31:00,Processing
2017,788,2023-12-23 22:38:00,Completed
2018,540,2023-09-03 11:12:00,Completed
2019,930,2023-08-11 13:45:00,Completed
2020,415,2024-07-04 15:34:00,Completed
2021,951,2023-08-22 09:05:00,Cancelled
2022,335,2023-08-25 14:15:00,Cancelled
2023,1372,2024-09-18 17:22:00,Processing
2024,249,2023-08-22 16:18:00,Completed
2025,542,2025-08-28 17:20:00,Completed
2026,289,2024-08-27 09:27:00,Completed
2027,584,2023-08-22 12:53:00,Completed
2028,816,2024-03-15 19:50:00,Processing
2029,1367,2025-08-03 08:53:00,Completed
2030,1309,2023-12-18 21:11:00,Completed
2031,1287,2023-09-06 17:34:00,Completed
2032,1007,2025-10-08 20:27:00,Completed
2033,1105,2023-11-06 16:43:00,Completed
2034,837,2023-09-24 08:31:00,Cancelled
2035,1116,2025-07-22 22:07:00,Processing
2036,980,2025-09-08 22:25:00,Cancelled
2037,301,2023-08-13 16:09:00,Completed
2038,1350,2023-09-11 18:10:00,Completed
2039,806,2025-06-01 20:21:00,Cancelled
2040,917,2023-07-19 10:46:00,Completed
2041,1071,2025-03-03 17:08:00,Completed
2042,1163,2024-12-02 16:37:00,Cancelled
2043,1397,2024-09-26 16:55:00,Completed
2044,325,2023-01-28 13:51:00,Completed
2045,1240,2025-11-14 19:38:00,Completed
2046,1040,2024-05-20 13:54:00,Cancelled
2047,1049,2025-02-10 13:28:00,Cancelled
2048,1040,2024-01-23 18:28:00,Completed
2049,732,2023-09-15 14:30:00,Completed
2050,1105,2025-09-09 14:49:00,Completed
2051,1258,2023-10-16 17:34:00,Processing
2052,788,2025-09-17 15:45:00,Completed
2053,266,2024-04-16 19:02:00,Cancelled
2054,652,2025-07-21 10:43:00,Completed
2055,756,2023-01-22 22:55:00,Completed
2056,800,2024-06-22 15:36:00,Completed
2057,63,2025-09-18 10:49:00,Completed
2058,768,2024-09-15 17:25:00,Completed
2059,288,2024-12-10 10:40:00,Completed
2060,1299,2023-12-28 12:50:00,Processing
2061,456,2023-12-04 13:25:00,Completed
2062,534,2023-06-06 16:48:00,Completed
2063,1480,2024-09-13 10:36:00,Completed
2064,827,2025-08-11 16:38:00,Completed
2065,210,2023-11-04 16:45:00,Processing
2066,757,2024-09-17 12:24:00,Cancelled
2067,665,2023-10-25 18:18:00,Completed
2068,460,2023-08-22 22:32:00,Cancelled
2069,153,2023-12-16 10:03:00,Completed
2070,1069,2025-08-09 20:02:00,Completed
2071,746,2023-08-11 12:29:00,Completed
2072,670,2024-08-24 10:23:00,Cancelled
2073,440,2024-11-04 11:51:00,Processing
2074,917,2024-09-28 10:44:00,Completed
2075,581,2023-09-06 15:24:00,Cancelled
2076,1084,2023-11-16 16:03:00,Cancelled
2077,270,2024-09-05 11:54:00,Cancelled
2078,1079,2025-06-13 10:56:00,Completed
2079,678,2025-07-14 08:20:00,Cancelled
2080,1038,2024-10-18 15:17:00,Completed
2081,344,2023-06-17 13:47:00,Completed
2082,1109,2025-09-12 20:55:00,Completed
2083,1460,2025-08-10 17:58:00,Completed
2084,170,2025-06-01 10:59:00,Completed
2085,81,2023-09-12 18:14:00,Cancelled
2086,1326,2023-08-05 18:56:00,Completed
2087,668,2024-08-11 13:30:00,Completed
2088,1069,2023-07-18 19:11:00,Completed
2089,582,2024-09-13 17:39:00,Processing
2090,296,2024-04-14 15:57:00,Processing
2091,1474,2024-03-24 08:08:00,Completed
2092,1056,2025-06-10 11:04:00,Cancelled
2093,448,2023-02-24 10:12:00,Completed
2094,259,2023-01-21 12:39:00,Completed
2095,121,2024-02-17 11:26:00,Completed
2096,1003,2023-09-12 08:34:00,Completed
2097,966,2024-02-22 15:11:00,Completed
2098,717,2024-05-24 13:35:00,Completed
2099,991,2023-08-11 10:39:00,Completed
2100,1047,2025-07-22 16:15:00,Completed
2101,804,2023-03-23 15:07:00,Processing
2102,360,2023-04-07 15:50:00,Completed
2103,1157,2025-03-27 22:01:00,Completed
2104,373,2023-08-24 14:56:00,Completed
2105,207,2025-06-22 21:37:00,Completed
2106,1312,2024-08-08 22:10:00,Completed
2107,1338,2024-04-26 17:54:00,Cancelled
2108,417,2024-05-09 14:07:00,Processing
2109,1485,2025-10-08 10:51:00,Processing
2110,594,2023-12-11 12:55:00,Completed
2111,1183,2024-02-06 22:28:00,Cancelled
2112,1193,2024-08-15 09:10:00,Completed
2113,679,2023-12-15 20:33:00,Processing
2114,1473,2023-09-05 17:35:00,Cancelled
2115,498,2023-08-05 20:23:00,Processing
2116,1494,2025-11-07 10:02:00,Completed
2117,544,2025-10-17 16:32:00,Cancelled
2118,898,2024-06-22 16:22:00,Completed
2119,485,2025-01-26 21:59:00,Completed
2120,414,2023-09-08 22:24:00,Completed
2121,1173,2025-09-03 13:53:00,Completed
2122,431,2025-02-01 20:09:00,Cancelled
2123,343,2025-06-22 08:05:00,Completed
2124,408,2024-08-02 17:52:00,Completed
2125,11,2025-10-03 11:43:00,Cancelled
2126,1024,2023-02-05 14:03:00,Completed
2127,1499,2023-08-04 21:43:00,Processing
2128,840,2024-03-02 09:38:00,Completed
2129,238,2023-08-05 22:11:00,Completed
2130,248,2025-10-05 19:21:00,Cancelled
2131,897,2023-08-02 12:36:00,Completed
2132,884,2024-08-22 10:29:00,Completed
2133,1067,2023-09-06 09:05:00,Completed
2134,47,2025-11-05 22:21:00,Completed
2135,1181,2025-08-05 17:18:00,Processing
2136,264,2023-12-07 19:54:00,Completed
2137,717,2025-08-26 19:47:00,Completed
2138,440,2025-12-12 10:49:00,Cancelled
2139,1017,2023-04-15 09:09:00,Completed
2140,391,2024-11-11 16:23:00,Processing
2141,629,2023-08-09 09:56:00,Completed
2142,53,2023-01-14 09:23:00,Cancelled
2143,332,2024-09-09 08:10:00,Cancelled
2144,1269,2023-02-14 14:55:00,Cancelled
2145,46,2024-08-28 12:33:00,Completed
2146,702,2024-08-27 22:43:00,Completed
2147,455,2025-05-02 11:03:00,Completed
2148,35,2025-09-16 17:58:00,Processing
2149,755,2024-05-20 09:23:00,Processing
2150,1209,2025-06-12 12:27:00,Completed
2151,505,2024-02-05 21:51:00,Completed
2152,946,2024-08-18 08:49:00,Completed
2153,1054,2023-08-26 22:47:00,Processing
2154,1135,2023-09-09 20:05:00,Processing
2155,332,2024-11-01 16:06:00,Completed
2156,918,2023-08-28 19:06:00,Completed
2157,1443,2023-04-17 08:26:00,Processing
2158,209,2023-08-11 09:03:00,Completed
2159,740,2025-10-10 11:51:00,Processing
2160,359,2023-01-01 17:27:00,Completed
2161,715,2025-06-15 14:45:00,Processing
2162,1221,2024-04-04 16:00:00,Completed
2163,408,2025-04-20 14:10:00,Processing
2164,521,2024-07-27 10:05:00,Completed
2165,1199,2023-03-23 21:30:00,Completed
2166,66,2023-07-14 14:06:00,Completed
2167,677,2025-02-26 09:03:00,Processing
2168,1206,2024-02-09 08:01:00,Completed
2169,1200,2023-11-03 21:45:00,Cancelled
2170,1434,2025-05-19 08:20:00,Completed
2171,1368,2025-08-02 12:39:00,Cancelled
2172,1028,2023-05-21 21:38:00,Processing
2173,809,2025-10-21 11:41:00,Completed
2174,407,2024-02-27 14:24:00,Cancelled
2175,1140,2025-09-13 09:09:00,Completed
2176,994,2024-10-16 17:17:00,Completed
2177,478,2023-07-06 11:47:00,Cancelled
2178,1372,2025-12-19 22:07:00,Cancelled
2179,914,2023-09-06 22:27:00,Completed
2180,54,2023-11-15 21:57:00,Cancelled
2181,352,2023-08-27 10:42:00,Completed
2182,1292,2025-02-28 22:57:00,Cancelled
2183,172,2023-09-05 22:07:00,Completed
2184,911,2023-11-17 18:37:00,Completed
2185,1355,2025-08-18 22:25:00,Completed
2186,623,2025-08-15 22:56:00,Completed
2187,1069,2025-04-19 15:32:00,Completed
2188,897,2023-01-26 08:16:00,Cancelled
2189,96,2024-10-22 09:53:00,Completed
2190,387,2024-05-20 14:05:00,Completed
2191,324,2025-12-09 20:10:00,Cancelled
2192,1374,2024-11-05 15:46:00,Processing
2193,1185,2025-10-22 18:03:00,Completed
2194,89,2025-08-09 22:50:00,Completed
2195,1190,2024-09-02 15:57:00,Cancelled
2196,1316,2023-09-22 22:51:00,Cancelled
2197,1144,2023-09-12 09:49:00,Processing
2198,1190,2025-07-06 12:40:00,Completed
2199,1239,2024-05-27 17:24:00,Processing
2200,1120,2023-12-14 08:17:00,Processing
2201,1048,2024-09-01 10:35:00,Completed
2202,210,2024-09-19 20:15:00,Processing
2203,564,2025-01-17 17:50:00,Completed
2204,545,2025-11-08 17:02:00,Processing
2205,282,2024-08-25 16:28:00,Cancelled
2206,1180,2023-12-27 09:05:00,Completed
2207,152,2023-02-19 22:48:00,Completed
2208,733,2025-12-21 21:10:00,Completed
2209,1464,2024-08-16 19:26:00,Completed
2210,700,2023-01-09 13:35:00,Cancelled
2211,194,2024-08-06 13:58:00,Completed
2212,619,2024-08-20 09:27:00,Completed
2213,1332,2023-05-09 08:50:00,Cancelled
2214,853,2024-10-25 19:30:00,Completed
2215,1057,2023-12-18 17:48:00,Cancelled
2216,1292,2023-01-28 14:29:00,Cancelled
2217,298,2023-09-09 14:33:00,Completed
2218,464,2024-07-21 14:16:00,Cancelled
2219,865,2025-12-26 22:15:00,Cancelled
2220,811,2025-10-10 22:32:00,Processing
2221,1162,2024-02-11 13:37:00,Completed
2222,643,2025-08-20 10:46:00,Cancelled
2223,1392,2023-09-12 11:44:00,Processing
2224,1423,2023-08-16 09:27:00,Completed
2225,466,2025-11-26 14:13:00,Processing
2226,644,2023-03-04 16:37:00,Completed
2227,672,2024-07-16 08:03:00,Completed
2228,1217,2025-05-26 10:19:00,Cancelled
2229,1189,2024-09-13 14:43:00,Completed
2230,1141,2025-10-14 08:20:00,Processing
2231,537,2023-09-11 14:55:00,Completed
2232,1004,2024-08-19 15:50:00,Completed
2233,654,2023-08-14 10:15:00,Completed
2234,529,2024-03-28 18:11:00,Processing
2235,690,2025-08-13 18:21:00,Cancelled
2236,1246,2024-08-01 19:59:00,Processing
2237,329,2023-08-10 10:48:00,Processing
2238,877,2024-10-10 14:08:00,Completed
2239,1256,2023-08-03 10:17:00,Completed
2240,190,2024-11-27 12:34:00,Cancelled
2241,1310,2024-01-25 22:34:00,Completed
2242,222,2024-07-16 19:31:00,Cancelled
2243,262,2023-03-19 17:56:00,Completed
2244,910,2023-05-15 10:45:00,Processing
2245,539,2023-07-03 10:46:00,Completed
2246,338,2023-09-08 19:48:00,Processing
2247,701,2023-12-24 14:55:00,Cancelled
2248,99,2024-03-12 12:32:00,Completed
2249,635,2023-08-17 13:56:00,Completed
2250,742,2024-09-09 12:41:00,Completed
2251,585,2025-03-28 11:54:00,Completed
2252,229,2023-03-23 15:18:00,Cancelled
2253,1260,2025-10-22 17:46:00,Completed
2254,924,2024-07-25 11:15:00,Completed
2255,1322,2025-03-16 10:01:00,Completed
2256,1137,2025-08-27 09:57:00,Processing
2257,725,2025-08-26 21:04:00,Cancelled
2258,793,2023-05-11 19:40:00,Completed
2259,68,2024-04-11 19:34:00,Cancelled
2260,297,2024-04-11 21:14:00,Completed
2261,25,2023-02-17 09:45:00,Processing
2262,903,2024-11-03 21:27:00,Completed
2263,353,2024-09-09 12:27:00,Completed
2264,1089,2023-06-23 09:30:00,Cancelled
2265,1269,2023-11-04 08:41:00,Completed
2266,494,2025-03-18 15:32:00,Cancelled
2267,1354,2024-07-26 17:36:00,Cancelled
2268,872,2025-03-25 19:38:00,Completed
2269,627,2024-03-27 15:06:00,Completed
2270,921,2025-09-08 08:51:00,Completed
2271,1493,2025-07-23 12:11:00,Completed
2272,271,2023-04-19 15:10:00,Cancelled
2273,483,2023-02-05 09:41:00,Cancelled
2274,1024,2023-08-19 11:11:00,Cancelled
2275,1055,2023-11-07 10:09:00,Completed
2276,92,2023-08-06 22:00:00,Completed
2277,130,2025-10-14 14:07:00,Completed
2278,62,2025-12-22 21:35:00,Processing
2279,1465,2024-08-27 12:12:00,Completed
2280,786,2023-08-18 12:59:00,Completed
2281,1331,2023-02-19 16:48:00,Completed
2282,989,2024-11-21 10:12:00,Completed
2283,634,2024-12-11 21:43:00,Completed
2284,72,2023-08-15 21:48:00,Processing
2285,374,2023-09-11 19:37:00,Processing
2286,897,2023-08-14 14:57:00,Processing
2287,865,2024-08-21 14:58:00,Completed
2288,613,2023-04-10 08:51:00,Processing
2289,1110,2024-09-25 17:30:00,Completed
2290,1071,2025-08-14 14:35:00,Completed
2291,603,2025-09-06 14:38:00,Processing
2292,32,2025-09-18 16:33:00,Cancelled
2293,243,2024-10-26 17:04:00,Completed
2294,63,2024-07-06 13:29:00,Completed
2295,1167,2024-01-23 17:15:00,Completed
2296,46,2023-09-15 21:40:00,Cancelled
2297,1183,2025-03-13 08:19:00,Completed
2298,1134,2023-12-12 22:08:00,Completed
2299,945,2024-09-04 15:31:00,Processing
2300,596,2025-08-16 12:24:00,Cancelled
2301,379,2023-08-09 09:38:00,Cancelled
2302,825,2023-03-06 10:38:00,Processing
2303,685,2025-10-02 20:45:00,Completed
2304,1477,2025-08-04 21:35:00,Completed
2305,1395,2024-08-11 14:49:00,Cancelled
2306,259,2023-03-05 21:55:00,Completed
2307,1018,2023-01-24 08:04:00,Processing
2308,450,2025-07-09 08:29:00,Completed
2309,433,2023-09-06 16:10:00,Cancelled
2310,1252,2024-05-01 08:05:00,Processing
2311,1066,2025-11-06 10:44:00,Completed
2312,1469,2024-08-14 09:24:00,Cancelled
2313,765,2023-01-26 13:35:00,Completed
2314,188,2023-01-20 10:54:00,Processing
2315,224,2025-08-14 09:47:00,Completed
2316,743,2023-10-02 21:36:00,Completed
2317,409,2023-08-26 14:37:00,Completed
2318,1394,2023-09-09 22:44:00,Completed
2319,1033,2025-11-23 13:44:00,Completed
2320,465,2025-09-14 17:35:00,Cancelled
2321,437,2024-09-09 15:49:00,Completed
2322,847,2025-08-16 11:51:00,Completed
2323,1103,2023-08-02 12:21:00,Completed
2324,315,2024-12-13 11:43:00,Completed
2325,141,2024-04-26 20:46:00,Completed
2326,897,2024-04-11 21:58:00,Completed
2327,862,2025-09-18 14:02:00,Processing
2328,918,2023-04-23 12:57:00,Completed
2329,1110,2025-09-06 13:51:00,Completed
2330,784,2025-05-13 22:08:00,Cancelled
2331,98,2024-09-27 15:59:00,Completed
2332,1444,2023-09-20 13:22:00,Completed
2333,746,2024-08-24 21:00:00,Cancelled
2334,70,2025-06-04 08:31:00,Completed
2335,1497,2023-12-04 22:14:00,Completed
2336,171,2023-11-13 09:38:00,Completed
2337,292,2024-10-22 14:03:00,Completed
2338,345,2025-09-08 13:52:00,Completed
2339,1431,2023-01-03 18:08:00,Completed
2340,897,2024-12-12 21:03:00,Completed
2341,324,2024-01-03 13:07:00,Completed
2342,440,2025-06-26 18:43:00,Cancelled
2343,532,2024-12-11 08:28:00,Completed
2344,90,2024-09-23 11:54:00,Completed
2345,950,2025-06-23 19:37:00,Completed
2346,1319,2023-02-02 08:25:00,Completed
2347,1388,2025-09-25 19:00:00,Completed
2348,1414,2025-09-12 10:02:00,Completed
2349,878,2023-05-03 09:34:00,Completed
2350,1284,2025-04-21 13:56:00,Cancelled
2351,1263,2023-06-12 20:48:00,Completed
2352,766,2025-03-02 13:24:00,Completed
2353,69,2023-10-19 17:00:00,Completed
2354,815,2025-11-02 09:34:00,Processing
2355,1469,2024-01-25 19:57:00,Completed
2356,981,2025-08-23 22:13:00,Completed
2357,1168,2024-09-28 11:01:00,Completed
2358,805,2024-03-11 13:00:00,Completed
2359,330,2025-08-03 15:13:00,Processing
2360,642,2024-09-06 12:06:00,Processing
2361,1101,2024-08-21 10:42:00,Cancelled
2362,1439,2023-08-10 13:54:00,Completed
2363,143,2023-01-19 08:41:00,Processing
2364,1387,2023-08-21 20:34:00,Cancelled
2365,848,2025-08-05 22:57:00,Completed
2366,182,2024-08-26 10:39:00,Completed
2367,577,2025-09-11 20:56:00,Cancelled
2368,1140,2025-12-28 10:05:00,Completed
2369,1216,2025-07-10 10:25:00,Completed
2370,473,2023-03-26 08:56:00,Completed
2371,938,2024-08-03 12:29:00,Processing
2372,51,2025-01-15 09:05:00,Completed
2373,332,2023-11-01 10:12:00,Processing
2374,1435,2023-08-03 13:58:00,Cancelled
2375,255,2025-10-24 08:43:00,Completed
2376,1159,2023-02-17 14:13:00,Cancelled
2377,761,2024-02-24 17:56:00,Completed
2378,1166,2025-10-06 19:44:00,Completed
2379,782,2025-01-25 20:21:00,Completed
2380,981,2025-12-28 11:04:00,Cancelled
2381,769,2025-11-19 15:57:00,Completed
2382,1043,2024-09-28 08:42:00,Completed
2383,1053,2023-09-06 08:03:00,Completed
2384,1129,2023-11-05 18:59:00,Completed
2385,278,2025-01-09 09:17:00,Completed
2386,998,2024-03-24 21:33:00,Completed
2387,136,2024-06-19 17:45:00,Completed
2388,1436,2023-01-05 08:40:00,Completed
2389,104,2024-03-08 21:08:00,Completed
2390,1469,2024-03-23 22:06:00,Completed
2391,764,2025-08-17 09:26:00,Completed
2392,97,2024-08-01 18:52:00,Completed
2393,706,2025-04-27 15:29:00,Processing
2394,729,2024-02-20 16:14:00,Completed
2395,146,2025-08-20 09:26:00,Completed
2396,962,2024-08-28 10:37:00,Cancelled
2397,447,2023-01-09 11:53:00,Cancelled
2398,566,2023-07-06 10:36:00,Completed
2399,416,2023-01-17 08:23:00,Processing
2400,1142,2024-07-27 22:25:00,Processing
2401,84,2024-09-05 09:36:00,Cancelled
2402,807,2024-09-19 12:49:00,Completed
2403,616,2025-09-13 11:43:00,Completed
2404,1239,2023-12-14 13:00:00,Completed
2405,1326,2025-09-07 10:54:00,Completed
2406,790,2023-02-03 12:09:00,Completed
2407,444,2024-06-21 16:44:00,Completed
2408,546,2025-08-18 19:31:00,Cancelled
2409,1408,2025-09-05 18:15:00,Completed
2410,1457,2023-12-22 14:16:00,Completed
2411,412,2025-08-05 19:18:00,Processing
2412,383,2024-06-18 11:14:00,Completed
2413,534,2023-01-26 19:15:00,Completed
2414,162,2025-11-16 14:01:00,Completed
2415,1473,2024-09-25 19:24:00,Cancelled
2416,1383,2024-10-13 17:45:00,Completed
2417,1479,2025-08-12 11:27:00,Completed
2418,1156,2024-05-13 14:59:00,Cancelled
2419,1030,2024-02-14 11:57:00,Completed
2420,260,2023-09-12 08:34:00,Completed
2421,1173,2024-12-10 16:05:00,Completed
2422,380,2024-06-26 13:36:00,Processing
2423,814,2024-03-04 21:59:00,Completed
2424,28,2024-05-05 11:23:00,Cancelled
2425,244,2024-08-27 12:03:00,Completed
2426,1333,2025-04-26 22:10:00,Processing
2427,239,2024-05-07 19:51:00,Completed
2428,928,2025-10-08 09:58:00,Completed
2429,62,2025-02-16 16:52:00,Completed
2430,343,2023-02-12 19:35:00,Processing
2431,190,2025-08-07 13:52:00,Completed
2432,361,2024-11-26 15:16:00,Completed
2433,1394,2025-10-02 09:31:00,Completed
2434,1317,2023-01-23 16:26:00,Completed
2435,303,2023-10-15 10:36:00,Processing
2436,820,2025-08-07 15:00:00,Completed
2437,571,2023-01-25 18:44:00,Completed
2438,313,2024-02-01 22:59:00,Completed
2439,667,2025-01-02 08:58:00,Completed
2440,991,2025-08-03 12:11:00,Completed
2441,949,2025-04-04 14:01:00,Cancelled
2442,617,2023-02-25 22:13:00,Processing
2443,1084,2025-10-06 22:02:00,Completed
2444,250,2023-09-12 19:09:00,Cancelled
2445,801,2023-01-20 18:11:00,Cancelled
2446,1488,2025-04-12 10:46:00,Completed
2447,1261,2024-04-08 10:10:00,Completed
2448,1311,2025-10-08 19:39:00,Completed
2449,1070,2025-01-10 13:54:00,Processing
2450,1416,2025-04-26 13:14:00,Completed
2451,465,2024-11-12 08:30:00,Processing
2452,188,2023-10-02 16:11:00,Processing
2453,1244,2024-02-25 16:51:00,Completed
2454,410,2024-08-16 09:09:00,Processing
2455,205,2024-11-08 22:35:00,Cancelled
2456,1295,2023-10-22 20:53:00,Processing
2457,1449,2024-05-25 14:30:00,Completed
2458,665,2024-03-05 11:13:00,Completed
2459,291,2023-11-01 18:06:00,Cancelled
2460,599,2024-06-18 18:54:00,Cancelled
2461,316,2025-03-06 19:22:00,Processing
2462,118,2024-09-07 13:41:00,Completed
2463,798,2023-10-28 20:15:00,Completed
2464,1327,2023-05-13 18:50:00,Processing
2465,565,2023-01-16 18:20:00,Completed
2466,1145,2024-11-11 10:00:00,Completed
2467,451,2024-08-17 20:18:00,Processing
2468,470,2025-10-22 13:24:00,Completed
2469,643,2025-09-02 13:20:00,Completed
2470,1165,2023-02-12 09:27:00,Completed
2471,148,2023-06-11 14:17:00,Completed
2472,1167,2025-09-19 11:37:00,Completed
2473,924,2025-03-02 15:51:00,Completed
2474,281,2023-09-06 18:00:00,Completed
2475,1276,2025-03-24 18:05:00,Completed
2476,630,2023-12-08 20:45:00,Processing
2477,1271,2024-12-21 15:25:00,Completed
2478,1160,2025-02-06 14:31:00,Processing
2479,474,2023-03-05 15:41:00,Processing
2480,1383,2023-06-23 17:33:00,Cancelled
2481,1274,2024-07-12 11:53:00,Completed
2482,1293,2025-05-07 09:38:00,Completed
2483,1291,2024-08-01 16:43:00,Cancelled
2484,1305,2024-08-05 08:10:00,Completed
2485,1201,2023-08-25 13:31:00,Processing
2486,558,2024-10-26 22:18:00,Processing
2487,15,2025-08-14 16:29:00,Processing
2488,628,2024-07-16 14:19:00,Cancelled
2489,918,2025-05-03 14:52:00,Completed
2490,790,2024-01-09 21:21:00,Completed
2491,48,2024-09-23 11:30:00,Completed
2492,78,2025-05-19 14:39:00,Completed
2493,952,2024-09-05 17:44:00,Processing
2494,457,2024-09-19 15:46:00,Completed
2495,368,2024-08-17 10:29:00,Processing
2496,1382,2023-04-03 21:20:00,Cancelled
2497,594,2025-11-27 17:48:00,Completed
2498,1253,2024-09-14 18:27:00,Completed
2499,612,2024-05-24 11:19:00,Completed
2500,150,2024-07-19 22:38:00,Cancelled
2501,501,2025-09-09 17:28:00,Completed
2502,464,2025-07-09 08:33:00,Cancelled
2503,351,2023-09-17 14:08:00,Cancelled
2504,1481,2024-04-19 18:52:00,Cancelled
2505,1316,2025-05-04 11:10:00,Completed
2506,17,2025-01-23 10:07:00,Processing
2507,89,2024-09-07 12:40:00,Processing
2508,759,2024-12-05 21:49:00,Completed
2509,77,2023-09-09 17:27:00,Completed
2510,782,2023-08-19 08:52:00,Completed
2511,290,2025-02-05 20:07:00,Completed
2512,946,2024-06-17 19:38:00,Processing
2513,390,2024-10-01 16:27:00,Completed
2514,1175,2025-08-09 19:23:00,Cancelled
2515,612,2023-09-13 14:14:00,Completed
2516,149,2023-11-12 08:56:00,Completed
2517,608,2023-09-06 22:42:00,Completed
2518,69,2023-09-10 10:16:00,Processing
2519,426,2025-09-08 18:28:00,Cancelled
2520,852,2025-07-26 21:34:00,Completed
2521,67,2025-06-23 19:57:00,Completed
2522,1166,2024-08-05 22:51:00,Completed
2523,1325,2025-10-10 09:29:00,Completed
2524,386,2023-09-02 10:14:00,Cancelled
2525,751,2023-09-14 14:21:00,Completed
2526,919,2024-03-07 11:08:00,Cancelled
2527,314,2025-01-05 08:08:00,Completed
2528,822,2025-04-07 22:00:00,Completed
2529,45,2023-09-15 15:04:00,Completed
2530,1373,2024-06-27 08:28:00,Processing
2531,291,2024-06-25 21:20:00,Completed
2532,117,2023-09-07 08:05:00,Completed
2533,473,2025-05-27 15:10:00,Completed
2534,60,2023-08-02 10:34:00,Completed
2535,939,2023-12-26 19:51:00,Completed
2536,187,2024-03-22 20:08:00,Completed
2537,107,2024-09-27 12:42:00,Cancelled
2538,948,2025-02-27 22:30:00,Processing
2539,658,2024-12-26 21:38:00,Completed
2540,541,2023-08-18 21:58:00,Processing
2541,316,2025-03-11 16:55:00,Completed
2542,369,2023-08-26 17:50:00,Completed
2543,790,2024-05-23 12:58:00,Cancelled
2544,1485,2025-08-16 11:40:00,Completed
2545,925,2025-02-26 10:06:00,Completed
2546,174,2023-02-17 15:32:00,Completed
2547,483,2025-09-26 22:47:00,Cancelled
2548,103,2025-02-15 21:03:00,Processing
2549,597,2025-08-20 10:22:00,Completed
2550,1204,2025-06-06 17:20:00,Completed
2551,1012,2023-08-16 14:47:00,Completed
2552,512,2023-03-06 08:23:00,Completed
2553,307,2023-08-13 18:20:00,Completed
2554,1211,2025-08-07 19:47:00,Completed
2555,1418,2025-04-10 12:19:00,Processing
2556,38,2024-11-16 16:38:00,Cancelled
2557,678,2023-08-26 10:00:00,Completed
2558,1258,2025-09-03 17:49:00,Completed
2559,389,2025-05-20 19:57:00,Completed
2560,814,2024-04-06 22:38:00,Completed
2561,849,2023-09-16 15:20:00,Completed
2562,328,2024-01-14 09:56:00,Processing
2563,716,2025-08-01 18:23:00,Cancelled
2564,1486,2023-09-04 09:20:00,Processing
2565,448,2023-09-11 20:42:00,Cancelled
2566,824,2023-10-22 19:51:00,Completed
2567,1323,2024-09-22 20:11:00,Completed
2568,884,2024-09-20 16:01:00,Cancelled
2569,696,2023-08-08 18:34:00,Completed
2570,90,2024-04-23 21:10:00,Completed
2571,1316,2023-08-04 21:11:00,Completed
2572,763,2025-08-23 13:34:00,Completed
2573,892,2025-10-13 12:57:00,Completed
2574,213,2025-09-09 16:34:00,Completed
2575,798,2024-03-27 21:43:00,Completed
2576,88,2024-09-15 18:33:00,Processing
2577,501,2024-07-21 14:18:00,Processing
2578,637,2025-09-24 10:13:00,Completed
2579,1349,2023-08-23 22:27:00,Completed
2580,367,2023-08-10 19:04:00,Completed
2581,583,2023-11-07 20:07:00,Completed
2582,995,2025-12-25 21:44:00,Completed
2583,185,2024-10-05 21:48:00,Processing
2584,1205,2025-12-09 17:44:00,Cancelled
2585,198,2025-08-04 19:35:00,Completed
2586,117,2023-07-14 08:47:00,Completed
2587,1447,2023-09-07 19:10:00,Cancelled
2588,690,2023-04-28 09:00:00,Completed
2589,1294,2023-08-09 11:56:00,Cancelled
2590,482,2025-06-18 19:10:00,Processing
2591,1262,2023-12-25 17:03:00,Completed
2592,924,2024-07-06 21:29:00,Processing
2593,500,2023-08-28 16:39:00,Processing
2594,1379,2023-09-14 22:47:00,Completed
2595,1036,2024-11-26 20:52:00,Processing
2596,363,2024-04-14 16:19:00,Completed
2597,2,2023-08-07 22:14:00,Cancelled
2598,313,2023-11-24 11:22:00,Completed
2599,945,2025-02-17 15:20:00,Completed
2600,832,2024-02-21 08:27:00,Completed
2601,1192,2023-08-28 18:52:00,Completed
2602,507,2023-10-20 15:26:00,Completed
2603,944,2025-06-19 14:37:00,Cancelled
2604,1318,2023-05-12 18:31:00,Completed
2605,1384,2023-03-23 14:24:00,Completed
2606,1426,2024-03-20 21:22:00,Cancelled
2607,193,2023-08-10 17:32:00,Cancelled
2608,1159,2023-08-20 12:42:00,Processing
2609,1287,2025-09-24 12:56:00,Completed
2610,1187,2025-09-21 15:09:00,Cancelled
2611,844,2024-05-03 20:28:00,Cancelled
2612,1268,2024-11-01 16:50:00,Cancelled
2613,937,2024-10-09 16:22:00,Cancelled
2614,1170,2024-02-17 11:51:00,Cancelled
2615,1033,2024-09-08 12:53:00,Processing
2616,1063,2025-09-24 17:34:00,Cancelled
2617,219,2024-08-09 12:20:00,Completed
2618,1239,2023-11-26 14:56:00,Completed
2619,670,2023-08-06 14:08:00,Processing
2620,81,2024-11-20 22:03:00,Completed
2621,1115,2023-09-12 16:06:00,Completed
2622,2,2025-12-18 11:55:00,Completed
2623,676,2024-08-20 17:47:00,Processing
2624,537,2025-11-12 14:55:00,Completed
2625,30,2023-10-26 13:58:00,Completed
2626,97,2023-09-24 14:48:00,Processing
2627,209,2025-12-12 18:13:00,Completed
2628,733,2024-09-25 17:12:00,Processing
2629,1109,2025-05-14 15:36:00,Completed
2630,1030,2024-01-21 09:33:00,Processing
2631,332,2024-01-01 09:40:00,Completed
2632,876,2024-02-02 11:17:00,Completed
2633,621,2024-08-13 15:17:00,Completed
2634,865,2025-07-27 22:23:00,Completed
2635,617,2023-08-04 13:58:00,Completed
2636,1252,2025-10-05 13:59:00,Processing
2637,366,2023-03-04 17:00:00,Completed
2638,484,2023-05-15 20:01:00,Completed
2639,1022,2024-07-10 16:18:00,Completed
2640,763,2025-09-11 10:06:00,Completed
2641,1095,2023-09-27 09:08:00,Completed
2642,683,2025-08-06 19:53:00,Cancelled
2643,116,2023-07-05 18:11:00,Completed
2644,140,2025-04-25 18:09:00,Processing
2645,1014,2023-05-18 18:34:00,Completed
2646,1265,2024-06-18 13:10:00,Completed
2647,1197,2025-09-05 19:54:00,Completed
2648,208,2024-09-16 13:39:00,Completed
2649,919,2023-08-17 21:40:00,Completed
2650,744,2024-05-15 15:19:00,Completed
2651,966,2023-04-12 20:09:00,Completed
2652,898,2025-05-04 21:50:00,Processing
2653,244,2024-12-15 11:16:00,Completed
2654,1236,2023-08-16 16:34:00,Completed
2655,456,2023-08-14 09:55:00,Completed
2656,1410,2023-08-14 22:02:00,Cancelled
2657,972,2025-03-26 22:35:00,Completed
2658,723,2023-10-07 08:18:00,Cancelled
2659,891,2023-08-11 10:07:00,Processing
2660,1417,2024-04-11 19:14:00,Processing
2661,1049,2023-08-12 14:43:00,Processing
2662,386,2024-09-16 09:47:00,Processing
2663,907,2025-08-19 20:25:00,Cancelled
2664,134,2024-09-05 17:38:00,Cancelled
2665,527,2024-07-09 22:21:00,Completed
2666,1249,2025-01-23 08:07:00,Completed
2667,1091,2025-10-08 17:01:00,Cancelled
2668,480,2025-03-04 19:05:00,Cancelled
2669,1218,2024-05-10 10:41:00,Completed
2670,799,2024-11-25 16:19:00,Cancelled
2671,1373,2025-12-12 15:10:00,Cancelled
2672,760,2024-09-25 16:08:00,Cancelled
2673,228,2025-08-03 15:47:00,Cancelled
2674,948,2025-02-27 10:19:00,Cancelled
2675,1107,2023-10-03 15:00:00,Completed
2676,1190,2025-09-11 20:06:00,Completed
2677,423,2024-03-17 14:33:00,Completed
2678,170,2023-01-07 16:32:00,Completed
2679,890,2025-08-19 11:39:00,Processing
2680,1104,2023-09-19 08:56:00,Completed
2681,1265,2025-12-21 21:10:00,Completed
2682,912,2024-06-11 10:35:00,Processing
2683,867,2025-09-03 18:53:00,Completed
2684,1034,2025-10-24 08:49:00,Completed
2685,400,2023-01-24 19:07:00,Completed
2686,1179,2023-02-01 11:54:00,Cancelled
2687,258,2025-05-05 18:55:00,Completed
2688,716,2023-09-02 17:03:00,Cancelled
2689,672,2025-11-23 09:02:00,Completed
2690,672,2023-05-07 19:29:00,Completed
2691,821,2023-11-16 11:24:00,Processing
2692,287,2024-09-17 19:38:00,Processing
2693,1164,2023-08-26 17:03:00,Completed
2694,1284,2024-07-03 13:40:00,Completed
2695,923,2025-09-28 14:52:00,Processing
2696,491,2025-03-12 13:50:00,Completed
2697,208,2024-09-22 17:02:00,Completed
2698,1041,2023-03-15 08:54:00,Completed
2699,1116,2025-07-14 08:21:00,Completed
2700,605,2023-07-26 12:16:00,Completed
2701,1444,2025-01-04 17:44:00,Processing
2702,663,2025-06-18 21:52:00,Completed
2703,839,2024-09-04 08:12:00,Cancelled
2704,1120,2023-08-01 12:09:00,Processing
2705,860,2023-11-28 09:16:00,Completed
2706,1386,2024-11-25 17:14:00,Cancelled
2707,650,2023-12-14 17:51:00,Completed
2708,857,2024-12-21 19:58:00,Completed
2709,1167,2023-09-20 16:29:00,Completed
2710,656,2024-08-27 21:49:00,Completed
2711,1102,2025-03-28 15:07:00,Processing
2712,545,2023-09-26 16:35:00,Completed
2713,217,2024-05-25 19:49:00,Completed
2714,416,2024-12-17 20:33:00,Completed
2715,1039,2024-09-15 18:47:00,Completed
2716,1049,2023-04-13 12:48:00,Processing
2717,921,2023-02-08 19:00:00,Cancelled
2718,26,2025-06-07 16:52:00,Processing
2719,48,2023-07-05 13:16:00,Completed
2720,81,2024-08-28 21:14:00,Completed
2721,1252,2023-06-15 15:08:00,Completed
2722,550,2024-08-23 19:31:00,Cancelled
2723,1443,2024-08-06 12:23:00,Completed
2724,1129,2025-09-23 17:19:00,Completed
2725,1300,2023-09-18 15:01:00,Cancelled
2726,1496,2025-03-24 14:16:00,Cancelled
2727,834,2023-09-03 15:53:00,Completed
2728,296,2023-09-27 22:44:00,Completed
2729,354,2024-08-02 11:19:00,Processing
2730,1077,2024-09-07 08:30:00,Completed
2731,306,2025-08-02 22:59:00,Completed
2732,72,2023-04-13 22:51:00,Processing
2733,1478,2023-09-07 14:34:00,Cancelled
2734,64,2023-09-20 13:01:00,Completed
2735,197,2024-09-26 17:00:00,Completed
2736,945,2023-02-07 20:49:00,Completed
2737,1341,2024-08-04 11:34:00,Processing
2738,1160,2023-10-03 18:24:00,Processing
2739,292,2023-09-11 21:59:00,Completed
2740,835,2023-02-19 10:35:00,Completed
2741,971,2023-05-08 14:03:00,Completed
2742,462,2024-08-06 13:09:00,Completed
2743,1327,2024-09-06 11:58:00,Cancelled
2744,553,2023-08-19 12:19:00,Processing
2745,972,2023-08-07 18:11:00,Processing
2746,1314,2025-08-08 22:08:00,Processing
2747,838,2023-12-27 12:46:00,Cancelled
2748,50,2025-09-27 19:22:00,Cancelled
2749,1107,2024-08-05 09:06:00,Cancelled
2750,1367,2023-08-06 20:27:00,Cancelled
2751,829,2025-09-09 15:35:00,Processing
2752,1053,2025-04-15 14:03:00,Completed
2753,1025,2025-09-09 08:32:00,Completed
2754,898,2025-02-19 09:36:00,Completed
2755,1005,2024-12-05 09:27:00,Completed
2756,90,2023-11-27 20:57:00,Completed
2757,805,2025-03-27 11:50:00,Completed
2758,472,2024-11-14 12:28:00,Completed
2759,1033,2023-09-11 12:27:00,Completed
2760,304,2025-03-03 10:12:00,Processing
2761,1406,2025-08-12 22:21:00,Completed
2762,427,2023-08-01 16:33:00,Processing
2763,510,2024-07-15 11:37:00,Completed
2764,1254,2023-08-04 12:07:00,Processing
2765,6,2023-02-13 17:48:00,Completed
2766,482,2023-04-15 19:53:00,Cancelled
2767,1379,2025-12-24 15:47:00,Cancelled
2768,92,2024-09-10 16:53:00,Completed
2769,1122,2024-05-13 11:02:00,Completed
2770,48,2025-12-17 12:43:00,Completed
2771,511,2024-08-24 21:15:00,Processing
2772,169,2023-02-11 09:42:00,Cancelled
2773,1138,2025-09-11 16:09:00,Cancelled
2774,633,2023-04-21 12:51:00,Completed
2775,141,2024-08-09 14:26:00,Completed
2776,915,2024-09-10 17:56:00,Completed
2777,829,2024-01-04 08:35:00,Completed
2778,547,2025-03-23 20:34:00,Completed
2779,1411,2025-08-21 11:32:00,Processing
2780,1222,2024-03-13 10:02:00,Cancelled
2781,710,2025-10-09 19:20:00,Completed
2782,958,2023-06-21 11:26:00,Completed
2783,328,2023-09-01 08:18:00,Completed
2784,327,2025-08-18 19:21:00,Completed
2785,1125,2023-02-21 10:50:00,Completed
2786,709,2025-09-04 22:02:00,Completed
2787,952,2025-08-09 14:26:00,Completed
2788,111,2023-08-17 10:29:00,Completed
2789,61,2023-03-07 22:08:00,Cancelled
2790,1285,2024-08-05 08:41:00,Completed
2791,1091,2025-09-24 14:27:00,Completed
2792,460,2025-05-10 14:46:00,Completed
2793,626,2025-08-15 14:14:00,Completed
2794,785,2023-08-11 11:00:00,Completed
2795,1023,2025-04-24 12:31:00,Completed
2796,532,2023-09-03 15:26:00,Cancelled
2797,347,2023-02-24 18:08:00,Processing
2798,1369,2023-08-17 14:54:00,Processing
2799,1441,2024-07-05 21:08:00,Completed
2800,157,2025-07-28 16:28:00,Cancelled
2801,553,2025-09-27 09:42:00,Completed
2802,1185,2023-06-01 08:26:00,Completed
2803,1046,2024-10-10 10:08:00,Completed
2804,642,2024-05-02 12:46:00,Processing
2805,775,2025-08-05 09:21:00,Processing
2806,518,2025-06-06 13:16:00,Cancelled
2807,353,2023-05-26 12:41:00,Completed
2808,254,2023-12-16 20:12:00,Cancelled
2809,1128,2023-10-08 08:54:00,Processing
2810,479,2024-09-17 21:55:00,Cancelled
2811,367,2025-09-19 20:26:00,Cancelled
2812,48,2024-01-12 21:06:00,Completed
2813,90,2023-09-10 11:42:00,Completed
2814,169,2025-08-04 19:25:00,Completed
2815,637,2025-11-14 08:52:00,Completed
2816,1018,2023-09-02 08:12:00,Completed
2817,128,2025-09-18 21:37:00,Cancelled
2818,1238,2023-09-02 08:13:00,Completed
2819,973,2023-09-24 09:37:00,Processing
2820,1336,2025-02-21 20:24:00,Completed
2821,727,2025-01-24 16:16:00,Completed
2822,1192,2025-09-27 16:21:00,Completed
2823,20,2025-08-15 13:14:00,Completed
2824,1086,2023-01-16 22:10:00,Cancelled
2825,1083,2025-10-17 19:00:00,Processing
2826,282,2024-01-23 11:29:00,Completed
2827,851,2023-11-23 16:07:00,Cancelled
2828,963,2023-08-22 17:56:00,Cancelled
2829,1298,2024-09-25 09:34:00,Completed
2830,994,2024-01-15 22:26:00,Cancelled
2831,218,2023-09-18 08:43:00,Cancelled
2832,751,2024-11-02 08:10:00,Completed
2833,1371,2024-08-07 22:25:00,Completed
2834,333,2023-08-26 14:38:00,Processing
2835,1130,2024-05-13 18:30:00,Completed
2836,797,2024-06-03 14:39:00,Completed
2837,504,2025-06-23 19:56:00,Completed
2838,184,2024-08-27 14:57:00,Completed
2839,298,2024-09-01 11:12:00,Completed
2840,96,2025-05-26 10:18:00,Completed
2841,1440,2025-12-18 21:14:00,Cancelled
2842,281,2024-05-17 09:14:00,Completed
2843,21,2024-07-20 20:51:00,Completed
2844,32,2024-01-05 09:23:00,Completed
2845,773,2024-11-13 19:18:00,Processing
2846,1461,2023-09-08 12:35:00,Completed
2847,192,2023-08-25 12:58:00,Processing
2848,862,2024-03-16 16:52:00,Cancelled
2849,870,2023-08-18 13:20:00,Completed
2850,281,2025-10-16 13:51:00,Completed
2851,275,2023-12-16 16:06:00,Completed
2852,742,2024-08-25 18:51:00,Cancelled
2853,946,2023-09-01 10:18:00,Completed
2854,892,2025-06-25 12:27:00,Processing
2855,960,2023-08-15 09:01:00,Processing
2856,417,2023-10-04 13:24:00,Completed
2857,1336,2024-04-16 18:46:00,Completed
2858,444,2023-05-08 16:01:00,Completed
2859,906,2024-05-17 21:20:00,Processing
2860,1376,2023-08-19 10:21:00,Completed
2861,808,2025-03-15 10:35:00,Cancelled
2862,615,2023-07-09 10:00:00,Processing
2863,1337,2024-03-16 09:55:00,Completed
2864,693,2023-07-16 14:44:00,Completed
2865,734,2025-09-24 16:53:00,Processing
2866,1244,2023-01-26 12:33:00,Cancelled
2867,806,2025-03-02 19:21:00,Completed
2868,482,2024-08-22 16:53:00,Cancelled
2869,297,2024-09-24 09:57:00,Completed
2870,1221,2024-05-25 08:20:00,Completed
2871,1397,2025-07-15 08:47:00,Processing
2872,1025,2025-10-23 13:22:00,Completed
2873,326,2024-12-23 21:01:00,Completed
2874,1080,2024-08-16 11:55:00,Processing
2875,267,2024-03-02 19:11:00,Completed
2876,1318,2023-02-25 09:53:00,Processing
2877,760,2025-07-20 09:31:00,Completed
2878,867,2023-09-06 17:56:00,Cancelled
2879,762,2023-09-19 16:14:00,Completed
2880,768,2023-07-19 08:13:00,Cancelled
2881,367,2023-08-24 14:36:00,Cancelled
2882,29,2023-05-06 18:25:00,Completed
2883,1015,2023-08-28 09:28:00,Processing
2884,40,2023-02-13 22:12:00,Processing
2885,81,2024-01-10 17:12:00,Completed
2886,379,2024-03-09 22:17:00,Processing
2887,1183,2023-10-06 17:17:00,Processing
2888,888,2023-01-18 11:36:00,Completed
2889,815,2024-08-12 17:46:00,Cancelled
2890,1127,2024-08-24 17:14:00,Completed
2891,947,2025-09-06 16:55:00,Completed
2892,328,2025-09-08 13:41:00,Completed
2893,612,2025-01-05 21:27:00,Processing
2894,927,2024-03-15 21:10:00,Cancelled
2895,1320,2024-08-19 15:16:00,Cancelled
2896,1284,2025-09-24 08:32:00,Cancelled
2897,891,2024-07-24 15:23:00,Processing
2898,45,2023-08-22 19:59:00,Completed
2899,1158,2023-03-06 20:04:00,Completed
2900,613,2023-05-09 16:36:00,Completed
2901,1198,2023-08-12 11:15:00,Completed
2902,355,2023-04-12 09:02:00,Completed
2903,767,2025-06-28 08:07:00,Cancelled
2904,1494,2023-05-11 20:45:00,Completed
2905,463,2024-11-26 16:18:00,Completed
2906,1278,2023-04-07 22:10:00,Completed
2907,505,2024-12-14 10:00:00,Cancelled
2908,55,2024-11-21 11:07:00,Completed
2909,552,2024-08-15 20:21:00,Cancelled
2910,805,2024-12-20 17:08:00,Completed
2911,242,2023-09-13 11:04:00,Processing
2912,942,2024-05-06 09:58:00,Completed
2913,787,2023-05-21 09:36:00,Completed
2914,918,2024-02-19 10:11:00,Processing
2915,915,2023-02-16 13:14:00,Processing
2916,263,2024-05-16 13:09:00,Cancelled
2917,1290,2024-08-05 19:01:00,Cancelled
2918,872,2023-04-01 08:36:00,Cancelled
2919,325,2025-11-09 13:55:00,Completed
2920,554,2023-08-03 13:44:00,Completed
2921,680,2024-08-09 11:46:00,Completed
2922,206,2025-05-08 18:53:00,Completed
2923,1060,2024-12-15 18:08:00,Completed
2924,955,2025-06-23 19:16:00,Completed
2925,315,2023-04-23 21:16:00,Completed
2926,1435,2025-12-06 19:59:00,Completed
2927,620,2025-01-14 15:40:00,Processing
2928,1177,2023-04-25 10:37:00,Cancelled
2929,1144,2024-09-28 17:03:00,Completed
2930,697,2024-05-14 12:03:00,Cancelled
2931,684,2025-06-24 16:33:00,Completed
2932,1109,2023-06-23 14:45:00,Processing
2933,277,2024-01-24 16:17:00,Processing
2934,988,2023-03-12 12:59:00,Completed
2935,1306,2024-02-26 17:25:00,Completed
2936,1138,2023-09-01 20:06:00,Cancelled
2937,376,2024-07-06 20:56:00,Completed
2938,916,2023-04-19 20:16:00,Completed
2939,1324,2023-08-26 10:15:00,Completed
2940,179,2024-03-20 08:50:00,Completed
2941,1241,2025-07-06 21:44:00,Processing
2942,82,2023-01-09 22:53:00,Completed
2943,108,2025-08-06 09:30:00,Completed
2944,1326,2023-08-20 09:03:00,Completed
2945,1178,2023-08-18 17:11:00,Completed
2946,329,2024-02-03 17:14:00,Processing
2947,12,2025-08-17 10:29:00,Processing
2948,1350,2023-09-13 09:59:00,Processing
2949,113,2024-03-13 12:13:00,Cancelled
2950,1461,2024-09-08 15:11:00,Completed
2951,556,2024-09-22 10:54:00,Completed
2952,1379,2023-08-26 14:07:00,Completed
2953,1317,2025-08-14 12:08:00,Completed
2954,1466,2023-09-27 12:07:00,Completed
2955,942,2023-07-17 13:30:00,Processing
2956,65,2024-04-26 12:38:00,Completed
2957,369,2025-05-14 20:04:00,Processing
2958,672,2024-09-01 09:53:00,Processing
2959,1270,2025-03-10 19:11:00,Completed
2960,346,2024-10-10 12:49:00,Completed
2961,160,2024-09-12 14:49:00,Completed
2962,403,2025-12-09 15:36:00,Completed
2963,339,2024-11-12 19:14:00,Processing
2964,281,2024-01-09 19:29:00,Completed
2965,406,2025-05-03 18:00:00,Completed
2966,1220,2024-09-21 22:20:00,Processing
2967,549,2023-09-08 13:49:00,Cancelled
2968,1236,2023-01-19 20:14:00,Processing
2969,1093,2023-09-02 12:31:00,Processing
2970,193,2024-09-09 11:29:00,Completed
2971,812,2025-09-27 18:54:00,Completed
2972,852,2024-10-05 18:56:00,Processing
2973,479,2024-02-12 18:19:00,Completed
2974,1064,2024-12-19 08:03:00,Completed
2975,928,2024-03-19 21:07:00,Completed
2976,1059,2024-09-21 21:53:00,Cancelled
2977,789,2023-08-12 14:48:00,Processing
2978,69,2024-04-23 11:28:00,Completed
2979,871,2025-04-01 14:30:00,Processing
2980,1364,2023-09-16 19:50:00,Completed
2981,1123,2023-08-14 14:56:00,Processing
2982,1177,2025-08-20 08:49:00,Cancelled
2983,926,2025-07-11 11:32:00,Completed
2984,1385,2025-01-13 15:48:00,Completed
2985,1173,2024-08-23 16:44:00,Cancelled
2986,1032,2024-01-24 21:20:00,Completed
2987,45,2025-12-05 10:53:00,Completed
2988,1423,2024-09-25 19:48:00,Completed
2989,1117,2024-10-01 14:25:00,Completed
2990,383,2023-07-25 10:36:00,Completed
2991,972,2023-12-19 10:49:00,Cancelled
2992,1261,2023-12-27 16:59:00,Completed
2993,1005,2023-07-23 13:56:00,Completed
2994,478,2024-08-18 14:52:00,Completed
2995,1251,2024-09-06 08:13:00,Cancelled
2996,1097,2025-04-03 18:49:00,Completed
2997,670,2024-12-23 08:07:00,Completed
2998,735,2025-07-15 08:24:00,Cancelled
2999,368,2023-11-15 11:00:00,Completed
3000,530,2025-05-08 16:58:00,Cancelled
3001,570,2025-01-23 10:50:00,Completed
3002,955,2025-07-16 16:55:00,Completed
3003,792,2025-09-22 11:43:00,Completed
3004,704,2025-01-04 14:41:00,Completed
3005,1190,2025-11-03 13:00:00,Completed
3006,920,2023-08-20 10:26:00,Completed
3007,88,2024-04-01 16:40:00,Cancelled
3008,65,2025-02-15 10:25:00,Completed
3009,1083,2023-07-18 10:41:00,Completed
3010,613,2025-08-22 21:01:00,Processing
3011,302,2025-12-11 17:11:00,Processing
3012,1293,2024-09-18 08:27:00,Cancelled
3013,1404,2023-07-28 09:10:00,Processing
3014,832,2024-08-17 10:53:00,Completed
3015,492,2025-08-21 20:51:00,Completed
3016,863,2023-05-09 12:13:00,Completed
3017,1219,2024-03-21 12:21:00,Cancelled
3018,1394,2024-02-06 08:47:00,Completed
3019,1356,2025-08-22 22:23:00,Completed
3020,836,2025-08-05 11:29:00,Completed
3021,510,2023-09-19 15:25:00,Completed
3022,512,2025-09-01 10:58:00,Completed
3023,497,2024-09-02 13:22:00,Completed
3024,1431,2024-08-23 16:52:00,Processing
3025,753,2024-04-28 14:52:00,Completed
3026,1045,2025-09-28 19:36:00,Processing
3027,1021,2023-05-23 14:26:00,Completed
3028,405,2023-08-13 14:51:00,Processing
3029,1238,2025-07-10 17:04:00,Completed
3030,764,2025-09-28 22:42:00,Completed
3031,277,2025-09-06 17:33:00,Processing
3032,378,2023-12-20 10:00:00,Processing
3033,854,2024-09-19 17:26:00,Completed
3034,388,2024-08-19 22:47:00,Cancelled
3035,1123,2023-09-28 14:35:00,Cancelled
3036,951,2025-12-06 13:58:00,Processing
3037,26,2024-09-17 10:03:00,Cancelled
3038,516,2025-02-11 11:38:00,Cancelled
3039,389,2025-08-13 08:01:00,Completed
3040,137,2024-09-13 10:53:00,Cancelled
3041,1484,2025-05-24 18:42:00,Completed
3042,70,2024-12-03 11:19:00,Completed
3043,35,2023-12-16 13:09:00,Cancelled
3044,963,2023-09-21 13:53:00,Processing
3045,609,2023-03-10 22:00:00,Completed
3046,1272,2025-01-17 10:14:00,Completed
3047,476,2023-10-14 14:38:00,Completed
3048,1275,2024-12-13 10:58:00,Cancelled
3049,1117,2023-06-13 16:08:00,Completed
3050,175,2024-04-21 22:00:00,Processing
3051,1261,2024-11-14 17:21:00,Processing
3052,314,2025-05-28 21:00:00,Completed
3053,508,2024-02-23 10:20:00,Completed
3054,149,2025-09-28 14:06:00,Completed
3055,107,2024-04-21 10:04:00,Processing
3056,717,2023-08-25 17:48:00,Completed
3057,93,2023-12-24 21:37:00,Cancelled
3058,1480,2023-11-16 11:13:00,Processing
3059,83,2023-08-26 12:54:00,Completed
3060,564,2024-08-25 12:31:00,Processing
3061,53,2024-11-14 21:08:00,Completed
3062,646,2023-01-23 21:30:00,Processing
3063,659,2023-12-03 20:30:00,Completed
3064,1410,2025-06-03 15:44:00,Completed
3065,1347,2023-12-12 09:17:00,Completed
3066,786,2023-01-20 21:04:00,Cancelled
3067,726,2025-09-18 19:05:00,Completed
3068,658,2024-09-22 13:15:00,Cancelled
3069,1365,2023-01-21 15:52:00,Processing
3070,6,2023-08-27 20:00:00,Completed
3071,654,2024-09-01 20:15:00,Cancelled
3072,1458,2025-08-26 16:01:00,Completed
3073,1206,2024-08-25 19:46:00,Completed
3074,489,2025-09-22 12:40:00,Completed
3075,1352,2024-01-05 14:20:00,Completed
3076,1246,2025-09-10 19:27:00,Cancelled
3077,424,2023-06-24 14:08:00,Completed
3078,114,2023-10-10 12:54:00,Completed
3079,1031,2025-07-16 08:32:00,Cancelled
3080,1144,2024-01-20 10:02:00,Completed
3081,1228,2025-11-27 19:52:00,Completed
3082,456,2023-08-26 14:24:00,Completed
3083,198,2024-11-11 16:03:00,Completed
3084,334,2024-08-04 17:41:00,Processing
3085,67,2024-03-05 08:20:00,Completed
3086,1231,2024-10-16 12:23:00,Completed
3087,607,2024-01-28 16:43:00,Completed
3088,1312,2023-08-10 14:47:00,Completed
3089,1265,2025-08-19 12:26:00,Processing
3090,794,2024-09-06 11:20:00,Cancelled
3091,770,2023-08-05 19:24:00,Completed
3092,1095,2024-09-16 21:35:00,Processing
3093,13,2023-11-13 08:21:00,Completed
3094,806,2023-09-08 14:53:00,Completed
3095,760,2023-08-21 18:27:00,Completed
3096,17,2025-02-01 21:13:00,Cancelled
3097,90,2025-08-02 20:47:00,Completed
3098,1309,2023-08-01 17:16:00,Completed
3099,324,2025-09-25 13:36:00,Processing
3100,1426,2025-08-19 18:52:00,Completed
3101,804,2023-09-02 10:55:00,Processing
3102,715,2024-06-09 20:17:00,Cancelled
3103,281,2023-09-23 12:59:00,Completed
3104,462,2025-08-21 16:07:00,Cancelled
3105,1220,2024-09-17 11:18:00,Completed
3106,677,2024-03-28 10:38:00,Completed
3107,306,2023-10-02 13:44:00,Processing
3108,779,2023-09-04 20:26:00,Completed
3109,635,2025-10-01 12:28:00,Completed
3110,864,2024-08-12 20:04:00,Completed
3111,1033,2024-09-07 18:00:00,Completed
3112,904,2023-02-14 15:51:00,Completed
3113,648,2024-09-19 08:23:00,Completed
3114,368,2024-08-08 17:20:00,Completed
3115,906,2025-09-09 19:47:00,Completed
3116,438,2023-06-23 22:29:00,Cancelled
3117,112,2024-02-19 22:47:00,Completed
3118,1317,2025-11-13 14:47:00,Completed
3119,1472,2024-07-11 14:56:00,Completed
3120,1135,2023-09-23 17:31:00,Completed
3121,1285,2025-07-18 08:23:00,Processing
3122,101,2023-10-28 15:51:00,Completed
3123,1111,2024-08-26 18:06:00,Cancelled
3124,381,2023-09-14 15:15:00,Completed
3125,389,2023-12-23 15:13:00,Completed
3126,431,2025-07-10 12:02:00,Completed
3127,1149,2023-08-27 14:59:00,Processing
3128,771,2025-03-09 10:28:00,Processing
3129,485,2025-03-08 19:34:00,Completed
3130,1335,2023-08-22 10:01:00,Cancelled
3131,193,2024-01-03 14:39:00,Completed
3132,467,2023-05-05 11:19:00,Processing
3133,1352,2023-11-05 22:38:00,Completed
3134,1378,2024-09-28 09:21:00,Completed
3135,1414,2024-09-02 22:59:00,Processing
3136,663,2024-12-20 09:12:00,Cancelled
3137,453,2023-09-26 12:15:00,Completed
3138,1380,2023-09-21 19:49:00,Completed
3139,263,2024-10-07 11:04:00,Processing
3140,1487,2025-01-13 14:59:00,Completed
3141,1496,2024-09-01 11:35:00,Completed
3142,108,2023-08-11 17:20:00,Completed
3143,1278,2025-03-21 12:05:00,Completed
3144,1312,2024-05-24 08:08:00,Processing
3145,554,2023-07-16 20:48:00,Completed
3146,1037,2023-07-05 13:36:00,Completed
3147,881,2023-08-08 19:25:00,Completed
3148,1042,2025-07-26 12:26:00,Completed
3149,580,2025-06-20 15:41:00,Cancelled
3150,428,2023-04-19 19:49:00,Cancelled
3151,1392,2024-11-23 12:53:00,Cancelled
3152,159,2024-11-14 08:37:00,Cancelled
3153,646,2024-09-20 19:51:00,Completed
3154,293,2024-07-10 11:08:00,Completed
3155,456,2025-09-04 10:06:00,Completed
3156,1472,2025-11-26 18:04:00,Completed
3157,675,2025-09-08 12:01:00,Completed
3158,1434,2023-09-14 19:44:00,Completed
3159,282,2023-11-23 22:19:00,Processing
3160,615,2023-03-11 14:45:00,Processing
3161,1033,2025-11-25 16:33:00,Completed
3162,264,2023-11-21 15:03:00,Completed
3163,1347,2025-05-03 14:33:00,Completed
3164,788,2025-08-23 19:16:00,Cancelled
3165,1316,2024-10-24 17:38:00,Cancelled
3166,556,2024-09-17 14:43:00,Processing
3167,1277,2024-07-07 22:43:00,Cancelled
3168,495,2023-10-05 11:25:00,Completed
3169,104,2025-08-14 09:24:00,Processing
3170,272,2023-09-12 22:20:00,Processing
3171,1402,2025-05-11 15:42:00,Cancelled
3172,817,2024-09-16 13:06:00,Completed
3173,522,2024-01-01 08:24:00,Cancelled
3174,915,2024-07-26 16:54:00,Completed
3175,597,2025-08-14 14:22:00,Completed
3176,666,2023-09-28 12:16:00,Completed
3177,1050,2025-05-01 10:51:00,Completed
3178,413,2025-11-14 08:32:00,Completed
3179,652,2024-02-15 08:15:00,Processing
3180,398,2023-05-26 22:17:00,Completed
3181,435,2025-01-06 08:51:00,Completed
3182,1498,2023-11-08 08:38:00,Completed
3183,142,2023-08-19 20:27:00,Completed
3184,1244,2024-12-16 10:53:00,Completed
3185,690,2023-02-07 13:24:00,Cancelled
3186,554,2025-09-02 15:13:00,Completed
3187,774,2025-11-01 17:20:00,Processing
3188,1312,2025-12-09 18:01:00,Completed
3189,1198,2025-01-05 18:27:00,Completed
3190,346,2025-05-05 18:55:00,Completed
3191,478,2023-08-11 16:17:00,Cancelled
3192,36,2024-09-05 08:14:00,Completed
3193,1155,2025-10-16 12:34:00,Processing
3194,943,2024-02-22 12:04:00,Cancelled
3195,872,2025-08-07 08:32:00,Cancelled
3196,1483,2023-06-26 18:33:00,Processing
3197,1427,2025-05-04 17:26:00,Completed
3198,502,2025-03-14 08:47:00,Completed
3199,1480,2025-09-06 15:26:00,Processing
3200,600,2025-09-07 19:00:00,Processing
3201,826,2023-04-22 18:58:00,Completed
3202,761,2023-11-26 20:05:00,Processing
3203,1108,2025-08-13 21:23:00,Completed
3204,1154,2024-11-19 21:01:00,Processing
3205,313,2023-08-08 18:30:00,Completed
3206,923,2025-12-01 10:56:00,Completed
3207,467,2024-12-02 08:45:00,Processing
3208,648,2024-11-21 18:28:00,Completed
3209,1375,2025-09-15 17:20:00,Completed
3210,145,2025-07-16 13:20:00,Completed
3211,1216,2025-08-27 15:47:00,Completed
3212,948,2025-08-11 15:38:00,Completed
3213,1143,2025-09-06 14:52:00,Cancelled
3214,431,2025-09-14 11:33:00,Completed
3215,319,2023-07-03 10:15:00,Cancelled
3216,818,2025-08-21 20:42:00,Cancelled
3217,58,2025-02-18 22:51:00,Cancelled
3218,205,2023-11-17 18:24:00,Completed
3219,1047,2023-01-21 21:31:00,Completed
3220,823,2024-12-02 21:07:00,Completed
3221,932,2025-09-25 10:37:00,Cancelled
3222,295,2024-04-08 12:57:00,Cancelled
3223,1358,2024-12-15 22:02:00,Completed
3224,1462,2024-09-11 15:32:00,Cancelled
3225,848,2025-04-07 13:22:00,Processing
3226,28,2024-02-25 10:53:00,Completed
3227,206,2024-08-22 21:49:00,Completed
3228,902,2025-06-05 18:05:00,Cancelled
3229,980,2025-04-17 12:45:00,Completed
3230,540,2023-08-04 09:19:00,Completed
3231,632,2024-02-25 10:59:00,Completed
3232,1328,2024-04-13 16:28:00,Completed
3233,665,2025-11-20 09:47:00,Completed
3234,1194,2025-10-20 15:34:00,Completed
3235,292,2023-05-26 20:40:00,Completed
3236,732,2024-05-14 15:36:00,Completed
3237,51,2023-07-24 21:27:00,Completed
3238,45,2023-03-20 13:30:00,Completed
3239,1022,2025-02-12 17:31:00,Completed
3240,928,2025-12-23 18:09:00,Processing
3241,479,2023-11-25 19:13:00,Completed
3242,280,2025-06-18 13:58:00,Completed
3243,1316,2023-04-08 10:19:00,Completed
3244,770,2025-09-21 19:16:00,Cancelled
3245,507,2025-07-01 15:58:00,Completed
3246,615,2024-10-23 12:24:00,Completed
3247,1490,2023-09-18 12:41:00,Completed
3248,1285,2024-08-14 09:28:00,Completed
3249,690,2023-03-03 16:42:00,Completed
3250,829,2025-05-04 11:50:00,Completed
3251,561,2025-01-23 17:16:00,Cancelled
3252,417,2025-10-10 08:47:00,Completed
3253,1212,2025-11-13 12:42:00,Completed
3254,413,2023-07-28 18:22:00,Completed
3255,1178,2025-07-23 21:11:00,Completed
3256,1143,2023-10-15 09:38:00,Processing
3257,851,2024-02-01 10:20:00,Processing
3258,493,2024-08-05 20:54:00,Completed
3259,274,2025-04-09 17:37:00,Cancelled
3260,82,2023-04-24 15:27:00,Cancelled
3261,453,2024-12-24 08:06:00,Processing
3262,927,2025-08-21 12:17:00,Processing
3263,247,2024-08-07 11:49:00,Completed
3264,129,2024-09-12 14:56:00,Completed
3265,287,2024-02-18 14:15:00,Processing
3266,263,2024-09-24 22:41:00,Processing
3267,1255,2025-08-21 10:31:00,Processing
3268,770,2024-05-20 08:01:00,Completed
3269,1122,2024-08-24 20:21:00,Completed
3270,131,2025-04-27 22:50:00,Completed
3271,591,2025-09-16 10:11:00,Cancelled
3272,1098,2023-05-16 20:15:00,Completed
3273,136,2024-05-13 19:47:00,Completed
3274,766,2025-12-27 11:09:00,Completed
3275,191,2023-09-17 16:29:00,Cancelled
3276,649,2023-08-10 08:37:00,Completed
3277,585,2023-07-14 09:32:00,Completed
3278,107,2025-06-17 08:03:00,Completed
3279,1481,2025-04-03 12:13:00,Cancelled
3280,173,2024-08-09 11:27:00,Processing
3281,1096,2024-08-26 08:31:00,Cancelled
3282,159,2025-01-20 18:25:00,Cancelled
3283,656,2024-09-25 15:53:00,Completed
3284,833,2025-01-05 21:27:00,Cancelled
3285,1345,2023-08-12 12:11:00,Completed
3286,26,2024-08-07 08:11:00,Cancelled
3287,885,2024-06-23 08:43:00,Completed
3288,283,2023-08-04 12:50:00,Completed
3289,56,2024-01-04 13:04:00,Completed
3290,655,2025-03-01 09:55:00,Processing
3291,870,2023-08-05 10:54:00,Completed
3292,570,2023-09-08 21:37:00,Completed
3293,378,2025-09-13 10:41:00,Completed
3294,196,2025-01-28 09:07:00,Completed
3295,525,2025-08-19 09:12:00,Completed
3296,1315,2023-09-04 20:13:00,Completed
3297,499,2025-06-27 21:26:00,Completed
3298,683,2023-08-17 14:19:00,Completed
3299,1249,2024-01-06 12:37:00,Cancelled
3300,881,2024-08-24 08:46:00,Cancelled
3301,731,2023-10-21 18:30:00,Completed
3302,567,2025-06-06 17:30:00,Completed
3303,730,2024-02-11 19:11:00,Processing
3304,828,2024-12-28 09:17:00,Processing
3305,799,2023-08-28 18:32:00,Completed
3306,1269,2024-02-09 15:50:00,Completed
3307,449,2023-12-23 13:10:00,Completed
3308,905,2024-07-14 19:20:00,Completed
3309,693,2023-07-05 20:40:00,Cancelled
3310,1130,2024-03-10 11:56:00,Processing
3311,1012,2025-08-11 15:05:00,Completed
3312,1313,2024-07-07 19:40:00,Cancelled
3313,460,2024-09-14 16:21:00,Cancelled
3314,879,2023-01-14 20:06:00,Processing
3315,1497,2025-09-19 18:15:00,Cancelled
3316,1247,2025-02-14 09:22:00,Completed
3317,1380,2025-09-26 16:41:00,Completed
3318,1423,2024-08-01 15:51:00,Completed
3319,971,2023-09-23 10:49:00,Completed
3320,196,2024-07-27 15:35:00,Completed
3321,1139,2023-09-19 11:07:00,Completed
3322,251,2024-08-19 20:19:00,Processing
3323,813,2023-09-27 10:47:00,Cancelled
3324,1297,2023-09-12 20:25:00,Completed
3325,392,2025-08-24 22:37:00,Cancelled
3326,1292,2024-09-27 17:16:00,Cancelled
3327,1362,2023-02-06 18:26:00,Processing
3328,1472,2024-02-20 14:28:00,Completed
3329,844,2025-04-07 13:14:00,Cancelled
3330,228,2023-09-04 10:22:00,Cancelled
3331,57,2023-04-19 17:17:00,Cancelled
3332,70,2023-08-09 12:13:00,Processing
3333,1364,2024-04-22 12:34:00,Completed
3334,577,2023-11-26 19:16:00,Completed
3335,1492,2023-07-16 17:13:00,Completed
3336,152,2024-02-04 14:00:00,Completed
3337,1185,2025-02-25 08:03:00,Completed
3338,1344,2023-01-05 16:35:00,Processing
3339,855,2023-11-02 19:04:00,Cancelled
3340,1234,2023-08-04 21:49:00,Completed
3341,529,2025-06-10 16:16:00,Completed
3342,123,2023-08-14 08:44:00,Processing
3343,1159,2025-08-07 22:34:00,Processing
3344,121,2023-09-04 21:44:00,Completed
3345,1015,2023-08-26 19:06:00,Cancelled
3346,1397,2024-01-05 12:57:00,Processing
3347,1371,2023-08-10 09:07:00,Completed
3348,1093,2024-05-11 10:58:00,Processing
3349,1428,2023-12-07 14:30:00,Cancelled
3350,755,2024-09-07 17:04:00,Completed
3351,1135,2023-09-10 17:07:00,Processing
3352,251,2025-03-08 18:09:00,Completed
3353,714,2024-02-23 11:05:00,Completed
3354,447,2024-09-22 10:24:00,Completed
3355,833,2025-09-11 10:20:00,Completed
3356,1344,2024-02-01 10:40:00,Completed
3357,580,2024-02-23 15:37:00,Cancelled
3358,1224,2025-11-17 22:58:00,Completed
3359,873,2024-11-19 17:14:00,Completed
3360,63,2024-09-14 15:22:00,Processing
3361,427,2024-09-05 21:11:00,Processing
3362,1307,2025-08-13 14:08:00,Completed
3363,830,2024-09-28 08:30:00,Completed
3364,1359,2023-09-04 21:14:00,Completed
3365,775,2025-07-28 10:16:00,Completed
3366,1435,2025-02-01 08:40:00,Processing
3367,838,2025-05-26 20:06:00,Processing
3368,278,2025-09-14 10:12:00,Cancelled
3369,1475,2023-08-05 11:09:00,Cancelled
3370,304,2023-08-10 08:34:00,Completed
3371,965,2024-11-07 13:38:00,Cancelled
3372,1220,2024-09-03 08:46:00,Cancelled
3373,549,2024-02-08 13:56:00,Completed
3374,1443,2023-06-22 08:52:00,Completed
3375,398,2024-10-05 10:49:00,Cancelled
3376,1213,2023-01-26 22:27:00,Completed
3377,241,2025-06-16 16:02:00,Cancelled
3378,952,2025-08-18 08:54:00,Completed
3379,49,2024-09-28 19:21:00,Completed
3380,618,2023-03-26 20:32:00,Completed
3381,1344,2024-09-26 15:18:00,Completed
3382,1128,2023-08-01 14:14:00,Completed
3383,1020,2025-01-22 11:29:00,Cancelled
3384,1199,2023-02-08 21:42:00,Cancelled
3385,1486,2025-04-27 19:25:00,Cancelled
3386,1180,2023-09-18 13:22:00,Processing
3387,763,2025-01-18 20:17:00,Completed
3388,1180,2025-09-20 14:36:00,Completed
3389,1413,2024-08-17 17:51:00,Cancelled
3390,879,2023-08-13 13:26:00,Processing
3391,493,2023-05-12 15:57:00,Completed
3392,170,2024-09-14 09:59:00,Completed
3393,857,2025-05-19 22:35:00,Completed
3394,287,2024-08-17 12:12:00,Processing
3395,1481,2024-03-21 17:54:00,Processing
3396,606,2024-09-28 22:11:00,Completed
3397,19,2025-08-08 19:09:00,Completed
3398,357,2023-08-25 08:17:00,Completed
3399,931,2025-08-24 13:21:00,Completed
3400,816,2025-09-11 15:18:00,Cancelled
3401,59,2024-09-19 20:24:00,Completed
3402,333,2024-09-02 11:48:00,Completed
3403,454,2025-09-22 17:18:00,Completed
3404,372,2023-06-21 16:58:00,Completed
3405,1076,2024-09-01 22:53:00,Completed
3406,1240,2024-08-15 10:06:00,Processing
3407,606,2023-03-01 12:05:00,Processing
3408,951,2025-03-04 13:43:00,Completed
3409,1210,2023-07-20 11:30:00,Completed
3410,812,2023-06-25 08:13:00,Completed
3411,473,2025-08-10 16:49:00,Completed
3412,16,2023-09-04 18:37:00,Completed
3413,218,2025-08-07 13:39:00,Completed
3414,1003,2025-12-02 08:03:00,Completed
3415,377,2025-06-14 09:24:00,Completed
3416,378,2024-09-23 15:04:00,Cancelled
3417,755,2024-05-01 19:28:00,Cancelled
3418,1274,2023-09-26 20:22:00,Completed
3419,280,2025-09-21 18:29:00,Processing
3420,1095,2023-09-10 15:46:00,Completed
3421,502,2024-08-20 12:48:00,Completed
3422,402,2025-02-03 18:28:00,Processing
3423,877,2024-06-02 13:11:00,Processing
3424,1328,2024-08-26 17:10:00,Cancelled
3425,178,2025-10-18 08:26:00,Completed
3426,1478,2025-08-08 09:43:00,Completed
3427,801,2024-10-01 14:40:00,Processing
3428,1296,2024-08-05 10:12:00,Processing
3429,253,2025-08-03 21:08:00,Processing
3430,1303,2025-11-12 14:14:00,Processing
3431,172,2023-08-20 12:12:00,Completed
3432,83,2023-04-15 21:21:00,Completed
3433,1167,2025-03-28 11:44:00,Completed
3434,425,2023-09-20 18:40:00,Cancelled
3435,779,2024-03-16 20:34:00,Completed
3436,212,2024-04-26 18:31:00,Processing
3437,702,2025-09-07 22:33:00,Completed
3438,85,2023-09-22 21:01:00,Processing
3439,724,2023-07-10 10:27:00,Processing
3440,452,2024-08-16 10:17:00,Completed
3441,708,2023-04-16 21:23:00,Processing
3442,644,2024-07-09 16:28:00,Cancelled
3443,602,2025-03-09 21:51:00,Cancelled
3444,590,2025-08-01 12:26:00,Completed
3445,645,2023-12-05 17:26:00,Completed
3446,785,2025-02-05 21:43:00,Completed
3447,864,2023-07-23 15:11:00,Cancelled
3448,474,2025-08-20 15:37:00,Completed
3449,528,2025-03-03 10:36:00,Completed
3450,617,2024-06-01 10:09:00,Completed
3451,600,2024-01-10 22:22:00,Processing
3452,1481,2025-03-12 09:55:00,Cancelled
3453,597,2025-10-01 11:14:00,Cancelled
3454,1085,2023-09-18 18:53:00,Completed
3455,498,2023-03-23 08:59:00,Cancelled
3456,1431,2025-08-23 22:25:00,Processing
3457,820,2025-07-07 14:40:00,Completed
3458,1375,2023-11-14 11:00:00,Completed
3459,138,2023-03-01 21:53:00,Completed
3460,1475,2025-11-09 10:24:00,Completed
3461,1113,2023-08-14 21:28:00,Cancelled
3462,781,2023-11-06 19:34:00,Cancelled
3463,831,2024-02-23 11:24:00,Completed
3464,688,2025-12-10 22:27:00,Cancelled
3465,273,2023-06-14 12:36:00,Completed
3466,233,2023-09-25 21:05:00,Cancelled
3467,441,2024-08-03 09:57:00,Completed
3468,598,2024-09-26 22:33:00,Completed
3469,1108,2023-08-10 12:40:00,Completed
3470,126,2024-08-03 13:25:00,Processing
3471,1043,2024-08-27 13:12:00,Cancelled
3472,1300,2025-08-16 12:29:00,Completed
3473,722,2025-08-20 18:00:00,Completed
3474,826,2025-07-10 15:07:00,Processing
3475,924,2025-08-20 08:09:00,Processing
3476,1346,2023-12-17 19:35:00,Completed
3477,991,2025-08-04 13:33:00,Processing
3478,869,2025-02-03 17:36:00,Processing
3479,790,2024-08-22 11:10:00,Processing
3480,135,2024-06-28 08:21:00,Cancelled
3481,425,2024-09-21 16:04:00,Cancelled
3482,713,2024-08-18 13:15:00,Completed
3483,491,2023-12-25 20:32:00,Completed
3484,579,2023-08-04 15:57:00,Processing
3485,687,2025-09-18 21:17:00,Processing
3486,877,2025-04-01 21:55:00,Completed
3487,14,2023-06-07 10:57:00,Processing
3488,367,2024-07-19 16:51:00,Completed
3489,523,2024-09-26 19:45:00,Completed
3490,338,2024-09-10 14:06:00,Completed
3491,10,2025-04-01 16:58:00,Cancelled
3492,967,2023-01-21 15:48:00,Completed
3493,1138,2025-10-26 15:30:00,Processing
3494,238,2023-11-10 10:20:00,Completed
3495,1420,2025-11-13 11:00:00,Cancelled
3496,126,2023-02-05 09:03:00,Completed
3497,1468,2024-09-22 12:31:00,Completed
3498,1389,2023-09-28 21:44:00,Processing
3499,962,2023-07-04 18:37:00,Cancelled
3500,1293,2024-09-23 17:27:00,Completed
3501,817,2024-07-10 08:38:00,Cancelled
3502,1482,2025-08-07 12:49:00,Completed
3503,33,2023-06-05 10:59:00,Completed
3504,284,2025-09-07 20:29:00,Cancelled
3505,411,2025-08-19 09:48:00,Completed
3506,500,2025-10-01 13:44:00,Completed
3507,980,2025-08-25 09:21:00,Processing
3508,1312,2025-09-02 19:44:00,Completed
3509,90,2023-08-14 08:01:00,Cancelled
3510,67,2023-11-19 19:13:00,Completed
3511,960,2024-11-28 11:14:00,Completed
3512,592,2025-04-12 15:57:00,Completed
3513,1230,2023-09-16 17:05:00,Completed
3514,788,2023-11-14 18:24:00,Completed
3515,1391,2023-01-07 09:31:00,Completed
3516,1347,2024-03-25 16:09:00,Completed
3517,805,2025-08-24 15:42:00,Completed
3518,595,2023-08-23 22:47:00,Completed
3519,43,2025-08-03 12:42:00,Processing
3520,36,2024-08-18 20:21:00,Completed
3521,427,2023-02-13 18:12:00,Completed
3522,1321,2025-04-11 22:26:00,Completed
3523,782,2025-04-26 08:05:00,Completed
3524,117,2025-08-17 21:38:00,Cancelled
3525,481,2023-11-04 19:00:00,Completed
3526,1089,2023-08-11 19:17:00,Completed
3527,687,2025-12-25 10:39:00,Completed
3528,1274,2025-09-23 11:40:00,Processing
3529,855,2024-09-13 10:34:00,Completed
3530,1049,2023-08-22 18:27:00,Cancelled
3531,137,2024-12-10 20:29:00,Completed
3532,938,2023-04-03 21:55:00,Completed
3533,75,2024-04-22 20:47:00,Completed
3534,18,2025-04-20 15:39:00,Cancelled
3535,595,2023-08-24 12:08:00,Processing
3536,1242,2023-07-24 21:22:00,Completed
3537,1492,2023-10-14 15:44:00,Completed
3538,1043,2024-03-22 16:34:00,Completed
3539,838,2023-11-22 18:22:00,Completed
3540,180,2025-03-15 22:25:00,Completed
3541,1213,2023-09-14 15:32:00,Cancelled
3542,23,2025-04-15 18:25:00,Completed
3543,810,2024-08-15 12:37:00,Cancelled
3544,496,2024-02-05 13:21:00,Cancelled
3545,977,2024-07-11 17:53:00,Processing
3546,779,2024-08-18 13:47:00,Cancelled
3547,51,2024-08-23 22:18:00,Completed
3548,903,2023-07-11 15:35:00,Cancelled
3549,386,2025-08-19 21:22:00,Processing
3550,719,2023-10-03 18:07:00,Completed
3551,1077,2024-09-25 08:00:00,Cancelled
3552,377,2024-08-17 15:35:00,Processing
3553,716,2025-01-21 11:41:00,Completed
3554,290,2025-08-04 19:56:00,Completed
3555,697,2025-09-27 18:02:00,Processing
3556,564,2023-01-13 18:41:00,Cancelled
3557,706,2023-03-08 21:12:00,Processing
3558,1239,2023-11-01 14:10:00,Completed
3559,28,2024-01-05 20:16:00,Completed
3560,789,2025-03-09 19:51:00,Cancelled
3561,925,2024-09-01 19:51:00,Completed
3562,1014,2025-09-10 14:42:00,Cancelled
3563,753,2024-10-09 08:46:00,Processing
3564,1112,2024-06-21 12:16:00,Completed
3565,449,2024-08-09 14:41:00,Processing
3566,1125,2025-07-12 22:55:00,Cancelled
3567,407,2025-05-17 11:50:00,Completed
3568,1151,2025-06-21 16:27:00,Completed
3569,853,2024-09-27 12:33:00,Completed
3570,493,2023-09-16 13:33:00,Processing
3571,10,2025-05-08 10:49:00,Processing
3572,1250,2025-09-10 11:55:00,Processing
3573,1223,2025-08-12 08:48:00,Completed
3574,654,2023-08-20 10:34:00,Completed
3575,822,2024-08-02 15:12:00,Completed
3576,353,2025-12-02 19:29:00,Processing
3577,466,2025-03-28 17:20:00,Completed
3578,1301,2024-01-08 16:59:00,Completed
3579,130,2024-09-04 13:02:00,Completed
3580,1412,2025-05-11 08:42:00,Completed
3581,1152,2023-09-08 22:04:00,Completed
3582,951,2025-08-27 11:48:00,Processing
3583,1271,2024-08-04 10:15:00,Completed
3584,1180,2023-08-13 13:11:00,Processing
3585,542,2023-07-06 20:42:00,Completed
3586,228,2025-09-16 11:33:00,Completed
3587,1135,2025-06-10 13:05:00,Completed
3588,1295,2024-12-27 22:40:00,Completed
3589,1198,2023-08-16 18:57:00,Completed
3590,705,2024-08-23 15:44:00,Completed
3591,856,2023-11-28 09:26:00,Processing
3592,410,2023-07-04 21:08:00,Completed
3593,1368,2024-06-14 19:46:00,Completed
3594,872,2024-03-25 14:01:00,Cancelled
3595,528,2025-09-13 10:00:00,Cancelled
3596,1273,2023-04-03 17:53:00,Processing
3597,493,2023-04-20 17:21:00,Completed
3598,893,2025-01-10 13:02:00,Completed
3599,1477,2025-11-05 22:52:00,Completed
3600,1387,2025-10-08 18:51:00,Completed
3601,355,2023-08-27 20:33:00,Cancelled
3602,1087,2023-09-28 22:05:00,Completed
3603,1332,2023-09-20 21:15:00,Processing
3604,610,2024-08-18 10:50:00,Completed
3605,220,2023-09-12 20:23:00,Processing
3606,776,2024-08-04 19:21:00,Completed
3607,1210,2023-05-07 22:05:00,Cancelled
3608,1449,2023-04-14 22:39:00,Completed
3609,461,2023-03-22 17:30:00,Processing
3610,244,2025-06-01 14:09:00,Cancelled
3611,235,2025-12-05 14:57:00,Completed
3612,132,2024-08-17 09:53:00,Processing
3613,290,2025-01-24 16:31:00,Completed
3614,1267,2023-08-13 17:57:00,Completed
3615,660,2024-09-14 20:30:00,Completed
3616,56,2024-09-16 08:28:00,Completed
3617,710,2025-02-12 21:12:00,Completed
3618,521,2024-08-26 10:00:00,Completed
3619,1324,2024-11-08 16:31:00,Cancelled
3620,1256,2023-05-21 13:56:00,Completed
3621,349,2025-09-15 20:25:00,Completed
3622,487,2025-05-01 17:49:00,Completed
3623,560,2024-10-22 13:19:00,Completed
3624,1099,2025-04-26 14:34:00,Cancelled
3625,198,2023-08-27 16:42:00,Completed
3626,915,2023-09-04 11:15:00,Completed
3627,769,2023-09-06 10:00:00,Completed
3628,482,2025-03-12 20:15:00,Completed
3629,65,2025-02-25 18:24:00,Cancelled
3630,249,2025-07-08 14:53:00,Completed
3631,487,2025-02-21 19:30:00,Completed
3632,780,2025-09-21 15:27:00,Processing
3633,378,2023-09-05 09:16:00,Completed
3634,104,2024-10-04 14:15:00,Completed
3635,1149,2024-01-26 18:42:00,Cancelled
3636,1243,2024-08-15 08:33:00,Completed
3637,166,2023-12-25 09:39:00,Completed
3638,1317,2024-09-14 17:30:00,Completed
3639,1264,2024-09-27 09:38:00,Completed
3640,929,2024-04-15 15:46:00,Completed
3641,1410,2025-07-25 10:54:00,Processing
3642,493,2025-08-05 19:25:00,Processing
3643,903,2025-08-12 13:31:00,Completed
3644,940,2023-09-24 12:52:00,Completed
3645,340,2025-09-22 14:04:00,Completed
3646,609,2024-03-16 14:13:00,Completed
3647,2,2024-02-03 20:29:00,Processing
3648,199,2025-08-12 10:18:00,Cancelled
3649,465,2023-11-24 14:13:00,Processing
3650,537,2024-09-13 13:24:00,Cancelled
3651,1158,2024-10-01 11:24:00,Cancelled
3652,1145,2023-09-18 11:31:00,Cancelled
3653,1313,2023-04-23 21:05:00,Completed
3654,1181,2023-03-25 19:38:00,Completed
3655,1355,2025-08-13 13:38:00,Completed
3656,574,2023-09-02 14:47:00,Completed
3657,1186,2023-09-06 10:32:00,Completed
3658,576,2024-08-01 09:34:00,Completed
3659,915,2025-07-21 08:54:00,Processing
3660,686,2025-12-24 20:53:00,Cancelled
3661,1344,2024-10-10 17:39:00,Processing
3662,1279,2025-08-28 10:06:00,Processing
3663,255,2023-09-26 13:26:00,Completed
3664,1059,2025-08-01 14:04:00,Processing
3665,433,2025-06-14 21:15:00,Completed
3666,836,2023-03-20 15:23:00,Completed
3667,919,2023-07-04 14:38:00,Completed
3668,1247,2024-08-03 17:53:00,Completed
3669,1077,2025-12-19 08:25:00,Cancelled
3670,342,2025-08-21 21:00:00,Processing
3671,158,2024-06-07 20:43:00,Completed
3672,236,2024-08-14 22:07:00,Completed
3673,158,2024-11-11 12:37:00,Completed
3674,93,2024-01-08 15:43:00,Completed
3675,1232,2024-06-17 20:21:00,Cancelled
3676,461,2024-04-22 17:58:00,Cancelled
3677,1123,2023-09-24 11:38:00,Completed
3678,298,2024-06-04 15:51:00,Completed
3679,143,2025-03-11 16:56:00,Completed
3680,1289,2025-05-27 15:55:00,Processing
3681,368,2023-03-23 11:25:00,Completed
3682,249,2025-04-19 17:16:00,Completed
3683,529,2023-11-09 13:14:00,Completed
3684,643,2024-08-20 11:00:00,Processing
3685,1225,2024-06-25 17:02:00,Cancelled
3686,878,2025-06-26 17:34:00,Processing
3687,278,2025-08-18 19:39:00,Cancelled
3688,361,2025-09-21 20:57:00,Completed
3689,674,2025-02-14 14:32:00,Completed
3690,137,2023-09-07 22:27:00,Processing
3691,59,2024-02-16 18:14:00,Completed
3692,23,2025-05-05 18:10:00,Completed
3693,554,2023-11-26 21:46:00,Completed
3694,126,2024-04-06 19:15:00,Processing
3695,641,2024-02-18 09:41:00,Completed
3696,595,2024-09-05 18:42:00,Completed
3697,323,2025-09-01 19:38:00,Completed
3698,900,2024-08-04 18:47:00,Cancelled
3699,873,2025-09-14 12:00:00,Cancelled
3700,1180,2024-09-12 11:39:00,Cancelled
3701,1270,2025-08-15 08:20:00,Completed
3702,1304,2023-09-03 18:40:00,Cancelled
3703,115,2025-03-13 21:04:00,Completed
3704,56,2025-09-11 17:17:00,Completed
3705,1184,2025-01-21 10:15:00,Processing
3706,783,2025-09-20 10:49:00,Completed
3707,1168,2024-09-03 17:16:00,Completed
3708,134,2025-04-20 18:01:00,Cancelled
3709,473,2024-08-10 08:24:00,Processing
3710,1380,2023-04-09 14:12:00,Completed
3711,615,2025-12-08 11:16:00,Completed
3712,968,2024-09-14 22:39:00,Completed
3713,1499,2023-06-26 12:11:00,Completed
3714,511,2025-07-20 10:35:00,Completed
3715,704,2023-04-11 21:53:00,Completed
3716,1183,2024-09-20 12:56:00,Processing
3717,1294,2023-09-26 22:38:00,Processing
3718,581,2024-08-27 21:30:00,Processing
3719,673,2023-08-26 16:33:00,Completed
3720,10,2023-12-11 12:08:00,Cancelled
3721,1042,2024-09-10 19:46:00,Cancelled
3722,1322,2024-11-14 14:28:00,Cancelled
3723,1104,2025-10-01 14:44:00,Completed
3724,938,2025-01-28 21:55:00,Processing
3725,1197,2023-09-20 15:58:00,Completed
3726,166,2023-04-26 16:16:00,Processing
3727,211,2024-09-14 14:46:00,Completed
3728,1,2025-09-01 18:06:00,Processing
3729,1007,2025-08-07 12:44:00,Completed
3730,754,2025-07-19 16:20:00,Completed
3731,570,2024-01-21 13:50:00,Processing
3732,837,2025-04-16 13:19:00,Completed
3733,278,2025-05-06 20:35:00,Processing
3734,148,2024-11-19 10:57:00,Completed
3735,913,2023-08-28 10:21:00,Completed
3736,1398,2023-10-14 19:11:00,Processing
3737,617,2025-02-21 14:48:00,Completed
3738,1060,2025-08-25 19:26:00,Cancelled
3739,107,2025-09-17 13:14:00,Completed
3740,1475,2023-08-28 20:09:00,Processing
3741,1125,2025-09-03 20:39:00,Completed
3742,4,2024-11-28 13:09:00,Processing
3743,942,2024-10-02 22:13:00,Processing
3744,671,2024-08-24 14:13:00,Completed
3745,623,2025-09-13 16:49:00,Cancelled
3746,774,2025-04-08 09:34:00,Completed
3747,1381,2023-09-15 18:26:00,Completed
3748,977,2025-01-15 22:14:00,Completed
3749,915,2024-09-15 15:56:00,Processing
3750,355,2025-03-13 11:25:00,Processing
3751,1103,2024-11-20 22:58:00,Cancelled
3752,1240,2024-05-26 15:49:00,Completed
3753,1256,2024-04-10 21:32:00,Completed
3754,284,2025-08-15 19:29:00,Completed
3755,57,2023-10-14 16:30:00,Completed
3756,52,2024-01-28 15:26:00,Processing
3757,727,2023-09-12 11:19:00,Completed
3758,156,2024-04-21 20:13:00,Completed
3759,1274,2025-08-21 19:02:00,Cancelled
3760,569,2025-09-12 14:22:00,Cancelled
3761,308,2023-05-11 11:33:00,Completed
3762,1341,2025-04-11 10:58:00,Completed
3763,1387,2023-07-02 18:43:00,Completed
3764,76,2024-12-24 09:04:00,Completed
3765,503,2024-06-27 14:04:00,Completed
3766,1229,2025-11-19 17:47:00,Processing
3767,644,2023-08-22 22:20:00,Cancelled
3768,441,2025-05-13 14:04:00,Completed
3769,1496,2024-07-03 16:41:00,Processing
3770,1047,2024-05-24 15:46:00,Cancelled
3771,843,2024-07-18 22:09:00,Cancelled
3772,33,2025-08-12 14:21:00,Cancelled
3773,1201,2024-08-09 19:10:00,Completed
3774,1417,2023-08-19 19:11:00,Processing
3775,866,2024-06-09 21:30:00,Completed
3776,1277,2025-03-03 12:03:00,Completed
3777,138,2023-11-13 14:02:00,Completed
3778,993,2024-04-07 16:37:00,Completed
3779,519,2024-11-11 10:16:00,Processing
3780,613,2024-01-07 13:38:00,Completed
3781,578,2023-08-24 11:50:00,Cancelled
3782,985,2025-09-03 16:58:00,Processing
3783,848,2024-10-16 12:06:00,Completed
3784,185,2023-02-17 18:12:00,Completed
3785,290,2024-04-09 22:26:00,Completed
3786,1095,2023-09-21 10:44:00,Completed
3787,1002,2025-06-20 20:39:00,Completed
3788,1183,2025-08-06 16:24:00,Completed
3789,740,2025-02-13 15:22:00,Cancelled
3790,365,2023-02-19 11:19:00,Cancelled
3791,1172,2023-01-24 08:12:00,Cancelled
3792,134,2024-04-09 10:45:00,Cancelled
3793,355,2024-02-23 17:56:00,Completed
3794,1177,2024-04-25 21:03:00,Cancelled
3795,209,2023-09-05 15:57:00,Completed
3796,605,2023-05-24 14:05:00,Completed
3797,511,2023-09-12 11:54:00,Completed
3798,129,2024-08-02 20:19:00,Completed
3799,22,2024-02-22 19:06:00,Completed
3800,1263,2025-12-18 12:42:00,Completed
3801,655,2024-07-08 19:51:00,Completed
3802,667,2024-08-20 17:06:00,Completed
3803,833,2025-12-09 13:09:00,Completed
3804,854,2024-12-24 20:06:00,Completed
3805,859,2023-07-21 14:44:00,Cancelled
3806,192,2023-08-06 18:16:00,Completed
3807,253,2024-07-27 16:59:00,Completed
3808,312,2025-09-12 22:40:00,Processing
3809,350,2025-12-19 20:24:00,Completed
3810,63,2025-09-16 17:51:00,Completed
3811,8,2023-08-05 18:51:00,Completed
3812,1009,2023-11-21 15:03:00,Completed
3813,324,2023-09-28 12:35:00,Completed
3814,1261,2024-05-26 11:35:00,Processing
3815,251,2023-02-10 13:11:00,Completed
3816,679,2025-01-23 22:09:00,Cancelled
3817,819,2023-01-10 16:01:00,Completed
3818,373,2024-09-28 12:56:00,Processing
3819,540,2024-07-23 17:21:00,Completed
3820,1471,2025-08-21 16:46:00,Cancelled
3821,1035,2024-05-07 08:06:00,Processing
3822,675,2025-07-26 10:14:00,Cancelled
3823,1145,2024-11-15 19:56:00,Processing
3824,712,2024-12-20 21:15:00,Completed
3825,422,2024-01-14 18:08:00,Completed
3826,1212,2023-02-26 19:55:00,Completed
3827,1139,2024-09-16 21:37:00,Completed
3828,1363,2024-02-25 17:39:00,Completed
3829,439,2025-09-04 20:46:00,Completed
3830,1068,2025-06-24 11:35:00,Completed
3831,1471,2025-08-19 19:48:00,Completed
3832,532,2024-01-12 11:19:00,Processing
3833,263,2025-09-03 19:26:00,Processing
3834,441,2025-09-24 11:08:00,Processing
3835,1011,2023-05-28 16:48:00,Cancelled
3836,828,2025-07-27 20:21:00,Processing
3837,1411,2025-08-12 20:42:00,Cancelled
3838,1359,2023-03-17 22:10:00,Cancelled
3839,4,2023-03-08 13:13:00,Completed
3840,895,2025-07-18 19:19:00,Processing
3841,994,2024-11-01 17:25:00,Completed
3842,664,2025-09-24 12:36:00,Completed
3843,1178,2024-08-08 13:40:00,Completed
3844,167,2024-09-22 20:45:00,Completed
3845,1229,2025-09-09 16:45:00,Processing
3846,567,2023-02-23 18:18:00,Cancelled
3847,791,2025-03-14 15:20:00,Completed
3848,1336,2023-12-16 14:16:00,Completed
3849,459,2024-06-26 13:04:00,Completed
3850,1314,2024-08-20 14:28:00,Cancelled
3851,1227,2024-08-26 08:36:00,Completed
3852,719,2025-03-02 21:07:00,Processing
3853,393,2023-09-19 15:41:00,Completed
3854,354,2024-09-25 16:50:00,Completed
3855,626,2025-10-13 14:35:00,Completed
3856,1163,2025-05-14 18:44:00,Completed
3857,170,2025-01-09 08:50:00,Completed
3858,403,2024-02-27 21:21:00,Completed
3859,899,2025-09-13 19:31:00,Completed
3860,709,2024-09-01 13:15:00,Cancelled
3861,316,2024-09-16 21:17:00,Processing
3862,1297,2025-08-02 18:21:00,Completed
3863,810,2025-05-20 17:04:00,Completed
3864,1228,2025-09-14 15:47:00,Completed
3865,1027,2024-03-03 22:56:00,Completed
3866,658,2025-04-18 11:55:00,Completed
3867,1380,2024-06-18 10:05:00,Completed
3868,792,2023-04-20 13:25:00,Processing
3869,1314,2025-09-01 15:35:00,Cancelled
3870,46,2024-02-22 20:57:00,Cancelled
3871,1428,2025-12-17 09:29:00,Processing
3872,768,2024-09-10 09:50:00,Completed
3873,1238,2023-08-14 22:17:00,Cancelled
3874,1109,2023-04-17 20:41:00,Completed
3875,1358,2025-10-15 14:22:00,Processing
3876,654,2025-10-01 13:20:00,Completed
3877,1486,2025-08-21 21:19:00,Completed
3878,885,2025-10-04 13:55:00,Processing
3879,1155,2023-01-27 17:17:00,Cancelled
3880,111,2024-04-10 21:07:00,Completed
3881,432,2024-10-04 08:42:00,Completed
3882,225,2023-05-15 15:54:00,Completed
3883,590,2025-04-22 09:52:00,Completed
3884,1422,2025-03-12 13:29:00,Cancelled
3885,690,2024-08-11 12:41:00,Processing
3886,633,2023-09-21 13:29:00,Completed
3887,1269,2025-08-28 10:34:00,Completed
3888,764,2024-12-26 21:22:00,Processing
3889,1225,2024-06-17 09:41:00,Processing
3890,825,2023-09-21 18:07:00,Completed
3891,841,2023-09-15 08:19:00,Completed
3892,953,2023-09-21 19:06:00,Completed
3893,1495,2024-10-24 20:51:00,Completed
3894,596,2023-06-19 13:02:00,Cancelled
3895,1460,2023-05-12 19:49:00,Processing
3896,76,2023-04-20 21:24:00,Completed
3897,40,2023-12-22 08:42:00,Completed
3898,215,2024-07-15 17:50:00,Completed
3899,1177,2023-07-23 17:11:00,Cancelled
3900,641,2024-07-23 10:07:00,Completed
3901,1185,2023-12-14 15:25:00,Completed
3902,723,2023-10-08 13:56:00,Completed
3903,1441,2025-01-16 08:29:00,Completed
3904,273,2025-05-25 09:13:00,Completed
3905,708,2023-12-01 09:17:00,Completed
3906,97,2025-05-06 15:40:00,Completed
3907,1259,2023-04-11 15:45:00,Cancelled
3908,848,2024-02-23 12:33:00,Completed
3909,402,2025-01-22 08:58:00,Processing
3910,1380,2025-09-25 18:27:00,Completed
3911,1149,2023-08-17 10:54:00,Completed
3912,372,2025-10-26 17:16:00,Completed
3913,290,2025-11-13 14:37:00,Completed
3914,182,2023-04-26 20:10:00,Completed
3915,541,2025-06-28 10:51:00,Processing
3916,170,2023-11-19 20:09:00,Completed
3917,1268,2024-09-15 12:40:00,Completed
3918,774,2024-03-12 18:52:00,Completed
3919,574,2024-02-17 09:51:00,Cancelled
3920,1364,2025-08-13 22:28:00,Completed
3921,1047,2023-03-02 11:35:00,Cancelled
3922,206,2025-10-27 19:27:00,Cancelled
3923,617,2023-05-28 15:05:00,Completed
3924,783,2025-08-03 12:42:00,Cancelled
3925,500,2023-09-02 22:06:00,Completed
3926,379,2024-08-13 08:12:00,Completed
3927,1041,2024-07-10 15:58:00,Processing
3928,95,2025-07-22 18:30:00,Processing
3929,223,2025-09-13 10:47:00,Cancelled
3930,765,2023-10-23 21:04:00,Processing
3931,380,2023-01-10 16:33:00,Cancelled
3932,809,2025-09-04 16:24:00,Cancelled
3933,456,2023-08-13 21:19:00,Completed
3934,821,2024-10-10 09:37:00,Cancelled
3935,171,2024-08-20 18:01:00,Processing
3936,513,2025-09-21 08:14:00,Completed
3937,268,2024-02-23 17:28:00,Completed
3938,253,2025-09-18 17:06:00,Completed
3939,814,2025-09-15 08:29:00,Completed
3940,359,2023-04-03 17:15:00,Processing
3941,1493,2023-06-06 14:50:00,Completed
3942,288,2023-08-18 19:32:00,Processing
3943,752,2024-03-28 21:59:00,Cancelled
3944,475,2023-06-18 11:48:00,Cancelled
3945,611,2023-12-21 09:00:00,Processing
3946,742,2024-09-28 09:30:00,Completed
3947,693,2024-08-25 19:45:00,Completed
3948,251,2023-02-10 08:58:00,Completed
3949,309,2025-08-19 13:23:00,Cancelled
3950,1301,2025-12-19 08:59:00,Completed
3951,695,2025-10-16 09:54:00,Processing
3952,1433,2023-09-14 16:28:00,Completed
3953,1174,2024-09-23 14:00:00,Completed
3954,191,2024-08-25 18:40:00,Cancelled
3955,1210,2024-09-13 16:16:00,Completed
3956,1142,2024-07-15 15:55:00,Processing
3957,125,2023-08-10 13:41:00,Cancelled
3958,1467,2024-04-27 09:40:00,Processing
3959,485,2023-08-09 17:50:00,Processing
3960,1480,2025-10-09 21:21:00,Completed
3961,1,2024-11-28 08:37:00,Completed
3962,1436,2024-04-27 09:34:00,Completed
3963,706,2024-09-28 12:10:00,Processing
3964,106,2024-12-12 21:37:00,Completed
3965,978,2024-02-04 08:30:00,Cancelled
3966,969,2024-09-12 12:43:00,Completed
3967,857,2024-11-19 20:29:00,Completed
3968,341,2024-04-10 16:21:00,Completed
3969,1394,2023-12-01 17:32:00,Completed
3970,1404,2024-06-24 14:00:00,Processing
3971,777,2025-12-06 22:55:00,Processing
3972,139,2023-07-26 16:30:00,Completed
3973,1280,2024-10-15 17:23:00,Processing
3974,84,2025-09-05 14:14:00,Processing
3975,960,2025-09-03 18:50:00,Completed
3976,113,2024-06-04 10:35:00,Cancelled
3977,860,2023-08-14 16:57:00,Completed
3978,589,2023-08-22 20:15:00,Completed
3979,294,2023-04-09 12:24:00,Completed
3980,822,2025-07-19 12:45:00,Completed
3981,1393,2023-09-21 10:12:00,Completed
3982,897,2025-06-25 10:38:00,Completed
3983,186,2023-04-16 19:53:00,Completed
3984,68,2024-05-09 16:56:00,Cancelled
3985,689,2024-06-08 09:07:00,Cancelled
3986,1294,2025-05-06 13:22:00,Completed
3987,294,2025-06-08 15:26:00,Completed
3988,271,2024-08-16 16:55:00,Processing
3989,1128,2025-10-18 14:01:00,Completed
3990,87,2023-03-06 09:15:00,Completed
3991,985,2023-02-20 19:57:00,Completed
3992,1148,2024-04-19 20:36:00,Completed
3993,1106,2024-10-06 22:56:00,Cancelled
3994,1018,2023-02-09 20:10:00,Completed
3995,1163,2024-03-19 21:07:00,Processing
3996,1366,2025-09-04 14:00:00,Completed
3997,399,2023-11-01 15:00:00,Completed
3998,664,2023-03-17 15:19:00,Completed
3999,1403,2023-08-05 18:10:00,Completed
4000,169,2025-06-10 13:17:00,Completed
4001,816,2024-12-05 18:55:00,Completed
4002,114,2024-03-28 15:20:00,Completed
4003,201,2024-09-09 12:10:00,Completed
4004,471,2025-09-18 22:49:00,Completed
4005,599,2025-04-07 08:36:00,Completed
4006,1040,2024-08-23 16:13:00,Processing
4007,1096,2025-07-02 20:05:00,Completed
4008,688,2024-03-08 10:25:00,Processing
4009,155,2024-11-11 16:45:00,Completed
4010,1272,2025-02-12 08:46:00,Completed
4011,1159,2024-10-22 10:01:00,Cancelled
4012,265,2024-08-02 09:54:00,Cancelled
4013,317,2025-06-05 11:14:00,Completed
4014,1158,2024-05-19 18:54:00,Completed
4015,977,2025-08-19 22:06:00,Completed
4016,1097,2025-06-26 09:04:00,Processing
4017,433,2025-02-10 17:10:00,Completed
4018,956,2024-10-10 19:54:00,Completed
4019,635,2023-09-27 11:37:00,Processing
4020,325,2024-08-17 22:34:00,Completed
4021,1420,2023-09-24 15:15:00,Processing
4022,1451,2024-05-10 11:40:00,Completed
4023,405,2025-05-20 22:29:00,Cancelled
4024,1015,2023-07-12 15:07:00,Completed
4025,832,2025-04-17 21:43:00,Completed
4026,321,2025-01-25 20:14:00,Completed
4027,1094,2025-09-05 12:30:00,Cancelled
4028,858,2023-01-19 12:00:00,Cancelled
4029,135,2024-10-08 15:26:00,Completed
4030,590,2023-03-05 13:16:00,Cancelled
4031,315,2023-08-02 17:48:00,Completed
4032,1471,2024-01-04 18:21:00,Completed
4033,956,2023-08-25 15:11:00,Completed
4034,812,2024-05-16 21:21:00,Processing
4035,1171,2023-02-17 12:08:00,Cancelled
4036,457,2023-12-17 19:17:00,Processing
4037,628,2023-08-27 20:48:00,Completed
4038,1263,2024-10-26 15:51:00,Completed
4039,723,2023-01-26 10:10:00,Processing
4040,335,2025-08-13 13:00:00,Completed
4041,1474,2023-08-19 08:45:00,Completed
4042,886,2024-07-03 21:53:00,Completed
4043,617,2023-10-08 21:47:00,Completed
4044,652,2024-01-23 22:18:00,Completed
4045,1314,2023-09-20 10:46:00,Completed
4046,887,2024-05-19 11:39:00,Completed
4047,627,2023-07-19 08:17:00,Completed
4048,435,2025-12-28 10:50:00,Completed
4049,358,2025-04-11 15:12:00,Completed
4050,1047,2023-04-01 22:30:00,Completed
4051,568,2024-08-02 10:14:00,Processing
4052,636,2023-03-10 20:30:00,Completed
4053,45,2025-06-07 19:52:00,Processing
4054,323,2023-09-02 13:58:00,Completed
4055,819,2023-08-11 09:52:00,Completed
4056,999,2025-09-11 16:54:00,Processing
4057,111,2025-05-21 19:03:00,Completed
4058,312,2023-05-11 14:19:00,Completed
4059,162,2025-06-27 13:54:00,Completed
4060,270,2024-08-16 20:33:00,Completed
4061,1201,2023-06-01 13:45:00,Completed
4062,1494,2025-09-25 09:39:00,Processing
4063,226,2024-06-12 15:07:00,Processing
4064,886,2023-08-09 14:15:00,Completed
4065,882,2023-03-28 21:04:00,Cancelled
4066,1346,2024-07-08 13:08:00,Completed
4067,2,2024-02-11 08:18:00,Completed
4068,113,2024-07-17 20:22:00,Processing
4069,1220,2024-02-10 11:43:00,Completed
4070,1419,2024-08-24 20:37:00,Completed
4071,224,2023-09-25 20:26:00,Completed
4072,103,2025-08-16 21:32:00,Cancelled
4073,1026,2025-08-02 12:51:00,Processing
4074,1345,2023-08-18 16:07:00,Processing
4075,1041,2024-06-03 16:52:00,Completed
4076,862,2025-09-21 08:42:00,Cancelled
4077,782,2024-11-18 20:10:00,Processing
4078,981,2023-01-16 10:45:00,Processing
4079,321,2023-11-04 18:42:00,Completed
4080,917,2023-10-07 13:26:00,Completed
4081,37,2024-01-18 11:03:00,Processing
4082,1237,2024-11-25 17:37:00,Cancelled
4083,761,2023-06-10 17:35:00,Completed
4084,844,2024-05-13 15:16:00,Cancelled
4085,73,2024-09-15 13:04:00,Cancelled
4086,692,2024-02-14 12:22:00,Processing
4087,94,2024-06-27 14:13:00,Completed
4088,510,2023-10-07 17:59:00,Completed
4089,34,2025-09-17 21:22:00,Processing
4090,679,2023-09-23 15:30:00,Completed
4091,38,2025-09-16 19:35:00,Processing
4092,222,2025-07-04 13:18:00,Cancelled
4093,985,2025-08-05 12:42:00,Completed
4094,284,2024-05-11 13:01:00,Completed
4095,701,2024-01-17 19:46:00,Completed
4096,1364,2025-11-27 11:36:00,Processing
4097,823,2025-11-17 15:08:00,Completed
4098,774,2023-08-07 20:50:00,Completed
4099,510,2025-08-01 08:37:00,Completed
4100,597,2023-09-20 22:14:00,Completed
4101,1008,2025-05-04 15:36:00,Cancelled
4102,1319,2024-09-14 20:24:00,Completed
4103,1049,2025-04-12 09:33:00,Cancelled
4104,774,2023-08-15 20:20:00,Processing
4105,115,2023-08-02 10:14:00,Completed
4106,80,2024-09-15 21:54:00,Completed
4107,378,2024-09-17 17:47:00,Completed
4108,538,2023-03-25 21:32:00,Completed
4109,690,2023-07-02 19:34:00,Completed
4110,369,2023-10-17 16:18:00,Completed
4111,996,2025-12-18 14:51:00,Completed
4112,853,2023-09-13 17:20:00,Cancelled
4113,578,2024-08-05 10:51:00,Completed
4114,1422,2025-09-07 19:04:00,Completed
4115,946,2023-05-12 08:14:00,Completed
4116,226,2025-08-13 18:24:00,Cancelled
4117,250,2024-12-25 11:42:00,Cancelled
4118,838,2023-08-09 15:59:00,Completed
4119,1027,2025-02-27 09:52:00,Cancelled
4120,1261,2023-07-22 18:38:00,Completed
4121,623,2025-11-18 18:49:00,Completed
4122,593,2023-04-09 09:17:00,Completed
4123,406,2023-02-28 21:35:00,Completed
4124,640,2023-06-03 19:45:00,Completed
4125,321,2024-10-28 17:42:00,Completed
4126,635,2024-11-12 14:00:00,Cancelled
4127,563,2023-07-15 09:18:00,Cancelled
4128,940,2025-08-07 09:16:00,Completed
4129,799,2024-08-25 10:29:00,Completed
4130,1355,2024-01-15 19:17:00,Completed
4131,456,2023-10-09 12:39:00,Cancelled
4132,1257,2025-12-08 11:38:00,Completed
4133,1451,2023-09-03 10:52:00,Processing
4134,616,2023-09-01 11:10:00,Processing
4135,924,2024-08-23 18:35:00,Completed
4136,713,2024-07-08 09:43:00,Completed
4137,167,2023-12-13 18:21:00,Completed
4138,834,2023-08-13 08:24:00,Completed
4139,44,2023-09-17 14:29:00,Cancelled
4140,616,2025-09-17 12:33:00,Completed
4141,958,2023-04-13 20:06:00,Completed
4142,110,2024-01-25 09:28:00,Processing
4143,455,2025-12-10 17:12:00,Completed
4144,76,2024-02-03 15:06:00,Cancelled
4145,1441,2024-01-09 17:01:00,Completed
4146,191,2024-08-26 13:21:00,Cancelled
4147,867,2024-08-08 18:42:00,Cancelled
4148,621,2025-07-23 22:21:00,Completed
4149,332,2023-02-16 20:43:00,Completed
4150,433,2025-08-01 22:59:00,Completed
4151,638,2025-12-19 10:24:00,Processing
4152,713,2023-02-24 17:30:00,Processing
4153,483,2023-04-19 21:19:00,Processing
4154,1423,2023-09-23 19:09:00,Completed
4155,1148,2024-07-28 13:42:00,Completed
4156,1274,2023-07-18 15:42:00,Completed
4157,535,2025-08-09 17:12:00,Completed
4158,987,2025-08-14 08:23:00,Completed
4159,1146,2025-08-27 13:29:00,Cancelled
4160,257,2023-02-13 10:21:00,Completed
4161,806,2025-11-20 11:59:00,Completed
4162,539,2024-08-27 17:34:00,Cancelled
4163,918,2023-09-22 18:41:00,Completed
4164,739,2024-08-20 19:15:00,Completed
4165,1355,2023-02-24 16:25:00,Processing
4166,1195,2023-08-20 21:54:00,Completed
4167,675,2023-03-13 08:00:00,Completed
4168,1366,2023-02-22 20:47:00,Completed
4169,171,2024-07-03 21:37:00,Processing
4170,395,2025-09-25 19:39:00,Cancelled
4171,168,2023-04-01 08:43:00,Cancelled
4172,1049,2023-04-17 21:19:00,Processing
4173,1174,2025-09-16 10:12:00,Completed
4174,151,2023-09-17 09:31:00,Processing
4175,1287,2023-07-28 22:23:00,Completed
4176,1485,2024-08-05 09:49:00,Cancelled
4177,1121,2023-01-14 11:48:00,Completed
4178,1078,2025-05-04 15:24:00,Completed
4179,1307,2025-04-27 08:09:00,Completed
4180,847,2024-07-20 11:27:00,Cancelled
4181,388,2024-12-19 09:26:00,Processing
4182,890,2024-08-05 11:50:00,Cancelled
4183,1365,2023-04-22 10:21:00,Completed
4184,1093,2023-07-26 15:58:00,Completed
4185,359,2024-04-15 17:16:00,Cancelled
4186,1280,2025-08-06 13:11:00,Cancelled
4187,849,2024-09-25 11:51:00,Processing
4188,1441,2025-11-04 21:56:00,Completed
4189,153,2024-04-08 08:27:00,Completed
4190,50,2025-01-11 16:31:00,Processing
4191,175,2024-09-20 18:42:00,Completed
4192,1312,2024-03-25 15:33:00,Processing
4193,1249,2023-09-19 09:44:00,Completed
4194,33,2025-07-08 15:10:00,Completed
4195,845,2023-07-13 19:01:00,Completed
4196,299,2023-09-03 16:50:00,Completed
4197,359,2025-09-15 20:14:00,Processing
4198,1170,2023-06-16 21:37:00,Completed
4199,710,2023-03-09 19:28:00,Completed
4200,1398,2023-09-22 11:25:00,Processing
4201,25,2023-07-05 13:25:00,Processing
4202,883,2023-09-18 12:46:00,Completed
4203,421,2023-08-18 08:23:00,Processing
4204,511,2023-11-23 10:36:00,Completed
4205,1287,2024-11-05 16:29:00,Completed
4206,351,2023-09-22 19:33:00,Cancelled
4207,416,2023-09-08 19:27:00,Completed
4208,596,2025-08-01 15:08:00,Completed
4209,132,2025-01-18 12:08:00,Cancelled
4210,963,2024-02-14 18:45:00,Completed
4211,1004,2025-04-21 14:20:00,Completed
4212,322,2025-06-12 13:05:00,Completed
4213,38,2024-01-17 09:39:00,Completed
4214,1411,2025-03-05 14:56:00,Completed
4215,426,2025-08-14 08:28:00,Completed
4216,265,2023-08-24 18:33:00,Completed
4217,6,2025-05-22 10:56:00,Completed
4218,405,2024-08-19 09:27:00,Cancelled
4219,290,2025-08-28 14:45:00,Processing
4220,453,2023-07-20 14:53:00,Cancelled
4221,966,2025-01-08 11:54:00,Completed
4222,521,2024-09-03 08:24:00,Completed
4223,893,2024-09-01 08:43:00,Cancelled
4224,589,2024-06-18 08:06:00,Completed
4225,1493,2025-09-10 10:37:00,Processing
4226,1420,2023-12-05 12:06:00,Completed
4227,735,2023-08-21 17:51:00,Processing
4228,1261,2025-07-04 19:46:00,Completed
4229,251,2024-06-12 10:44:00,Completed
4230,1427,2023-08-11 16:53:00,Cancelled
4231,396,2024-05-08 13:58:00,Completed
4232,118,2025-05-16 14:11:00,Completed
4233,1386,2023-01-25 09:05:00,Completed
4234,676,2023-06-17 18:27:00,Completed
4235,949,2024-11-18 10:25:00,Completed
4236,453,2023-05-18 17:01:00,Completed
4237,41,2024-06-26 22:34:00,Cancelled
4238,15,2025-10-04 21:34:00,Processing
4239,139,2024-03-06 17:57:00,Completed
4240,754,2025-09-22 19:23:00,Cancelled
4241,371,2023-09-19 14:28:00,Completed
4242,912,2024-02-04 18:12:00,Processing
4243,1214,2025-09-25 13:29:00,Processing
4244,293,2024-06-25 21:43:00,Completed
4245,180,2024-09-17 17:29:00,Completed
4246,224,2024-03-06 09:49:00,Completed
4247,413,2024-12-25 14:03:00,Completed
4248,1053,2023-09-22 19:04:00,Completed
4249,1376,2025-11-19 17:46:00,Completed
4250,15,2025-10-09 14:57:00,Completed
4251,240,2025-09-19 22:55:00,Cancelled
4252,260,2024-09-23 14:59:00,Completed
4253,452,2023-10-24 16:56:00,Cancelled
4254,1386,2024-03-17 13:46:00,Cancelled
4255,1260,2025-08-18 20:49:00,Completed
4256,481,2025-04-02 19:58:00,Cancelled
4257,18,2025-08-16 17:18:00,Cancelled
4258,1193,2025-05-26 12:20:00,Processing
4259,1401,2025-05-09 09:54:00,Completed
4260,926,2024-03-24 14:08:00,Processing
4261,1312,2024-08-10 20:28:00,Completed
4262,1164,2023-01-26 19:16:00,Completed
4263,699,2025-11-07 22:39:00,Cancelled
4264,675,2025-12-24 08:29:00,Cancelled
4265,1442,2025-06-17 21:20:00,Processing
4266,1040,2023-10-11 14:42:00,Cancelled
4267,148,2024-05-27 11:19:00,Completed
4268,1002,2025-09-21 18:06:00,Processing
4269,954,2024-08-11 18:01:00,Completed
4270,1008,2025-07-19 10:09:00,Completed
4271,405,2025-06-10 08:15:00,Completed
4272,838,2025-06-05 16:21:00,Completed
4273,1492,2023-08-27 18:51:00,Processing
4274,646,2023-08-11 19:42:00,Completed
4275,244,2024-03-09 17:44:00,Completed
4276,386,2023-04-09 15:31:00,Completed
4277,599,2024-06-02 17:15:00,Completed
4278,643,2024-09-02 22:09:00,Completed
4279,84,2024-09-03 11:26:00,Completed
4280,544,2024-10-26 14:07:00,Completed
4281,221,2025-12-03 18:09:00,Processing
4282,1387,2025-01-27 14:20:00,Completed
4283,897,2025-03-06 21:09:00,Cancelled
4284,1330,2023-01-12 14:18:00,Completed
4285,859,2025-04-22 08:59:00,Completed
4286,760,2024-09-19 13:03:00,Completed
4287,836,2023-07-01 15:31:00,Processing
4288,1104,2025-05-26 11:14:00,Completed
4289,1000,2024-04-19 19:38:00,Completed
4290,539,2025-01-01 16:11:00,Completed
4291,820,2025-08-14 22:59:00,Cancelled
4292,36,2023-03-05 08:36:00,Processing
4293,768,2024-07-04 15:49:00,Cancelled
4294,77,2024-10-01 22:46:00,Completed
4295,698,2025-08-02 11:37:00,Completed
4296,518,2024-10-14 17:30:00,Completed
4297,235,2024-08-18 18:12:00,Completed
4298,1406,2023-02-24 17:10:00,Cancelled
4299,774,2025-02-01 21:21:00,Completed
4300,51,2024-08-14 08:55:00,Completed
4301,1146,2023-11-08 18:29:00,Processing
4302,573,2023-01-11 12:39:00,Cancelled
4303,664,2024-11-15 20:10:00,Cancelled
4304,298,2023-03-06 19:42:00,Cancelled
4305,1421,2025-02-06 14:36:00,Cancelled
4306,109,2024-09-12 16:37:00,Completed
4307,282,2025-10-14 08:54:00,Cancelled
4308,854,2025-07-27 12:28:00,Completed
4309,1423,2025-09-06 13:29:00,Completed
4310,928,2025-05-16 15:35:00,Cancelled
4311,535,2023-12-09 14:20:00,Processing
4312,959,2024-01-14 09:09:00,Cancelled
4313,1053,2025-03-18 12:09:00,Processing
4314,1070,2023-03-17 20:09:00,Processing
4315,1408,2025-09-09 09:28:00,Completed
4316,3,2024-09-03 18:33:00,Processing
4317,69,2024-09-18 16:00:00,Completed
4318,153,2025-07-13 12:30:00,Cancelled
4319,754,2025-09-19 16:12:00,Completed
4320,357,2024-09-08 13:43:00,Completed
4321,171,2024-02-19 17:05:00,Cancelled
4322,1140,2025-08-17 15:00:00,Completed
4323,966,2023-07-16 21:57:00,Completed
4324,752,2023-09-21 09:46:00,Completed
4325,966,2024-08-08 14:35:00,Cancelled
4326,764,2025-07-15 19:09:00,Completed
4327,845,2023-06-03 09:02:00,Cancelled
4328,2,2023-01-27 09:31:00,Cancelled
4329,742,2023-01-12 08:09:00,Completed
4330,1363,2024-03-22 20:59:00,Completed
4331,1441,2025-01-03 08:43:00,Completed
4332,1270,2024-09-09 18:29:00,Completed
4333,1311,2023-07-11 17:55:00,Processing
4334,634,2024-03-12 10:24:00,Cancelled
4335,529,2025-01-10 09:25:00,Completed
4336,232,2024-04-15 12:02:00,Completed
4337,191,2023-08-28 15:50:00,Processing
4338,810,2025-12-15 14:34:00,Completed
4339,1385,2024-01-27 16:20:00,Completed
4340,1017,2023-10-10 17:42:00,Completed
4341,744,2025-09-17 16:05:00,Completed
4342,559,2025-11-02 11:52:00,Completed
4343,1031,2024-08-22 13:28:00,Completed
4344,544,2024-09-07 10:16:00,Completed
4345,499,2024-09-24 17:06:00,Completed
4346,239,2023-01-23 16:23:00,Completed
4347,1095,2024-07-17 17:35:00,Completed
4348,1222,2023-02-08 13:52:00,Cancelled
4349,844,2023-04-02 21:42:00,Processing
4350,1482,2025-09-23 22:54:00,Cancelled
4351,18,2023-03-22 21:26:00,Completed
4352,318,2024-10-22 22:08:00,Completed
4353,686,2024-08-27 17:33:00,Processing
4354,1123,2023-03-03 21:48:00,Completed
4355,964,2025-09-15 12:24:00,Completed
4356,604,2023-10-04 15:46:00,Cancelled
4357,517,2025-03-03 12:27:00,Completed
4358,939,2023-11-02 20:17:00,Completed
4359,296,2025-03-14 15:55:00,Processing
4360,1270,2025-12-15 17:34:00,Cancelled
4361,945,2024-09-11 16:16:00,Processing
4362,604,2023-08-04 22:39:00,Completed
4363,1479,2025-04-14 22:58:00,Completed
4364,1416,2024-07-06 19:29:00,Completed
4365,1359,2023-12-07 12:24:00,Completed
4366,1057,2025-08-27 12:53:00,Cancelled
4367,587,2024-04-14 19:50:00,Completed
4368,834,2023-02-12 14:35:00,Processing
4369,279,2025-08-28 22:03:00,Processing
4370,58,2025-12-09 16:01:00,Completed
4371,476,2023-08-23 10:28:00,Completed
4372,495,2023-09-22 10:51:00,Processing
4373,139,2025-03-10 12:29:00,Completed
4374,857,2023-02-05 18:04:00,Completed
4375,1114,2025-08-18 22:31:00,Cancelled
4376,98,2024-06-23 22:19:00,Completed
4377,1276,2025-09-13 11:22:00,Processing
4378,668,2025-02-17 22:01:00,Completed
4379,1288,2025-03-11 10:04:00,Completed
4380,1358,2025-07-14 17:02:00,Completed
4381,1257,2024-09-06 16:32:00,Completed
4382,1419,2025-10-02 13:09:00,Completed
4383,497,2023-03-27 17:34:00,Cancelled
4384,943,2023-03-07 19:10:00,Completed
4385,426,2024-11-14 12:08:00,Processing
4386,985,2025-09-18 19:42:00,Completed
4387,382,2024-09-24 14:01:00,Completed
4388,307,2023-10-15 16:14:00,Completed
4389,897,2023-01-14 10:42:00,Cancelled
4390,467,2023-09-27 21:48:00,Completed
4391,984,2023-09-06 11:41:00,Completed
4392,928,2024-01-02 12:21:00,Completed
4393,696,2025-09-07 08:08:00,Processing
4394,452,2025-03-06 16:22:00,Processing
4395,47,2024-05-02 20:46:00,Completed
4396,679,2024-09-17 17:46:00,Completed
4397,1186,2024-10-21 08:18:00,Completed
4398,213,2024-11-18 21:04:00,Completed
4399,1196,2024-05-13 21:41:00,Processing
4400,477,2025-09-13 17:00:00,Completed
4401,571,2025-05-24 18:27:00,Processing
4402,468,2023-08-20 21:04:00,Completed
4403,581,2025-06-18 15:58:00,Processing
4404,60,2023-07-06 11:43:00,Cancelled
4405,537,2024-12-22 21:17:00,Completed
4406,864,2024-09-01 18:35:00,Cancelled
4407,662,2023-08-23 08:14:00,Completed
4408,1180,2025-08-08 19:32:00,Processing
4409,187,2024-08-08 13:27:00,Cancelled
4410,1280,2023-08-02 16:43:00,Completed
4411,240,2024-04-15 12:53:00,Completed
4412,668,2024-03-21 18:28:00,Processing
4413,340,2025-02-11 22:24:00,Completed
4414,1246,2024-06-15 19:58:00,Cancelled
4415,1368,2024-09-11 17:21:00,Cancelled
4416,1168,2024-01-11 13:57:00,Completed
4417,1410,2025-08-15 09:19:00,Cancelled
4418,747,2024-11-08 17:22:00,Completed
4419,1413,2024-09-05 20:59:00,Completed
4420,929,2025-11-06 20:48:00,Completed
4421,808,2025-08-20 18:45:00,Completed
4422,190,2024-06-16 12:45:00,Completed
4423,655,2023-08-02 20:51:00,Completed
4424,970,2025-09-15 11:01:00,Cancelled
4425,1497,2025-08-07 21:46:00,Completed
4426,1400,2023-08-26 10:47:00,Completed
4427,586,2023-03-19 11:49:00,Processing
4428,479,2024-01-19 12:05:00,Completed
4429,1468,2023-01-12 19:53:00,Completed
4430,725,2024-12-19 08:45:00,Completed
4431,579,2024-05-03 10:51:00,Completed
4432,316,2024-08-03 16:57:00,Cancelled
4433,179,2023-09-24 19:14:00,Completed
4434,1029,2025-08-07 11:38:00,Cancelled
4435,886,2025-09-14 16:26:00,Completed
4436,381,2024-08-04 20:07:00,Completed
4437,54,2023-04-17 09:14:00,Completed
4438,189,2024-05-18 08:10:00,Cancelled
4439,1077,2025-08-19 14:43:00,Processing
4440,619,2024-08-27 17:06:00,Cancelled
4441,1209,2023-02-22 11:12:00,Completed
4442,804,2025-04-04 15:09:00,Completed
4443,883,2025-08-10 22:45:00,Completed
4444,992,2023-08-23 16:57:00,Cancelled
4445,189,2025-09-10 08:20:00,Completed
4446,230,2023-03-01 20:56:00,Completed
4447,558,2024-07-01 15:04:00,Completed
4448,1064,2024-06-02 21:45:00,Processing
4449,930,2024-03-12 19:55:00,Processing
4450,312,2023-09-25 19:13:00,Completed
4451,808,2023-10-21 16:46:00,Completed
4452,191,2025-01-11 20:56:00,Processing
4453,64,2023-12-20 14:55:00,Completed
4454,124,2024-09-01 08:22:00,Cancelled
4455,1245,2024-12-28 21:25:00,Processing
4456,1406,2025-08-25 11:13:00,Processing
4457,122,2023-06-17 21:00:00,Completed
4458,1188,2024-02-09 18:03:00,Cancelled
4459,862,2023-08-10 11:54:00,Completed
4460,832,2024-10-10 12:56:00,Cancelled
4461,1421,2025-12-21 10:15:00,Processing
4462,687,2025-12-16 10:09:00,Cancelled
4463,666,2025-03-22 13:35:00,Completed
4464,562,2024-08-07 17:49:00,Completed
4465,1180,2024-04-10 16:55:00,Completed
4466,482,2024-11-07 16:45:00,Processing
4467,401,2024-04-05 11:34:00,Completed
4468,67,2024-07-09 15:23:00,Cancelled
4469,638,2024-05-17 14:47:00,Processing
4470,1458,2024-08-16 20:05:00,Completed
4471,80,2024-09-11 13:56:00,Completed
4472,1178,2024-01-04 12:22:00,Cancelled
4473,619,2023-02-24 20:17:00,Completed
4474,163,2024-11-04 19:19:00,Completed
4475,1440,2024-02-14 16:24:00,Completed
4476,209,2024-08-28 11:56:00,Processing
4477,156,2023-03-13 19:47:00,Completed
4478,682,2024-09-13 13:58:00,Completed
4479,360,2025-08-13 16:48:00,Completed
4480,475,2024-05-26 08:12:00,Completed
4481,1386,2024-06-09 13:54:00,Cancelled
4482,726,2025-07-01 08:14:00,Completed
4483,177,2023-07-21 10:09:00,Processing
4484,307,2023-07-26 17:30:00,Completed
4485,1407,2023-10-24 21:51:00,Completed
4486,800,2025-09-22 20:55:00,Completed
4487,1190,2024-10-01 20:37:00,Completed
4488,530,2023-12-19 09:26:00,Completed
4489,68,2025-08-14 20:44:00,Completed
4490,40,2023-09-18 12:12:00,Processing
4491,950,2023-09-06 20:31:00,Cancelled
4492,678,2025-06-23 09:19:00,Completed
4493,1217,2024-09-14 17:21:00,Completed
4494,284,2023-10-27 19:44:00,Completed
4495,892,2023-03-17 08:00:00,Completed
4496,850,2025-02-21 15:13:00,Completed
4497,627,2024-05-23 20:20:00,Cancelled
4498,378,2023-08-27 14:45:00,Completed
4499,1129,2023-07-09 22:46:00,Cancelled
4500,1242,2024-01-02 09:28:00,Completed
4501,953,2025-02-05 18:45:00,Cancelled
4502,582,2025-10-13 09:47:00,Completed
4503,84,2024-12-10 16:18:00,Completed
4504,1432,2024-08-11 19:22:00,Completed
4505,1110,2023-10-06 18:34:00,Processing
4506,1461,2024-10-19 16:07:00,Completed
4507,99,2023-06-13 12:40:00,Processing
4508,1457,2024-08-11 16:35:00,Completed
4509,1493,2025-11-28 15:02:00,Cancelled
4510,1218,2024-08-16 19:36:00,Completed
4511,238,2024-09-13 12:16:00,Processing
4512,1460,2025-08-19 21:32:00,Completed
4513,124,2025-05-06 19:49:00,Completed
4514,1003,2023-11-18 21:41:00,Completed
4515,1455,2023-09-10 16:43:00,Processing
4516,939,2023-08-21 10:21:00,Completed
4517,354,2024-03-03 20:41:00,Cancelled
4518,64,2025-03-13 15:36:00,Cancelled
4519,124,2025-07-14 19:01:00,Completed
4520,1109,2024-08-18 11:53:00,Cancelled
4521,1325,2024-07-10 14:48:00,Cancelled
4522,274,2023-01-27 08:12:00,Processing
4523,20,2025-01-15 08:51:00,Completed
4524,999,2025-11-21 16:48:00,Processing
4525,1462,2025-12-08 10:02:00,Processing
4526,1447,2023-11-08 12:32:00,Completed
4527,1217,2023-07-16 19:19:00,Cancelled
4528,902,2024-03-20 14:22:00,Completed
4529,973,2024-05-26 13:25:00,Completed
4530,905,2023-07-12 18:17:00,Completed
4531,1225,2025-08-15 17:17:00,Processing
4532,977,2025-08-07 12:21:00,Completed
4533,306,2023-08-13 17:14:00,Completed
4534,444,2023-07-22 22:16:00,Completed
4535,352,2024-04-08 08:39:00,Completed
4536,946,2024-01-24 14:14:00,Completed
4537,178,2024-03-21 10:17:00,Processing
4538,819,2025-02-05 13:45:00,Cancelled
4539,410,2024-12-19 08:03:00,Completed
4540,430,2024-07-20 22:13:00,Completed
4541,279,2024-04-09 10:09:00,Cancelled
4542,727,2025-11-08 15:08:00,Completed
4543,1019,2025-09-25 17:13:00,Completed
4544,73,2023-10-27 20:46:00,Completed
4545,15,2025-05-05 18:13:00,Completed
4546,70,2023-01-09 11:12:00,Completed
4547,403,2025-08-18 12:23:00,Processing
4548,1300,2023-09-18 18:59:00,Completed
4549,552,2024-08-19 16:51:00,Completed
4550,1408,2025-09-19 18:24:00,Cancelled
4551,34,2025-05-12 21:45:00,Completed
4552,630,2024-03-04 13:31:00,Cancelled
4553,456,2024-03-14 12:01:00,Completed
4554,423,2025-09-07 18:38:00,Processing
4555,1070,2025-08-09 19:08:00,Cancelled
4556,1139,2023-12-02 11:38:00,Processing
4557,1257,2025-11-28 11:43:00,Completed
4558,165,2025-08-06 09:38:00,Cancelled
4559,767,2025-07-12 20:23:00,Completed
4560,1395,2025-03-11 08:25:00,Processing
4561,890,2025-07-21 18:49:00,Completed
4562,826,2025-05-16 14:30:00,Completed
4563,610,2025-11-14 11:09:00,Cancelled
4564,1196,2024-02-24 08:14:00,Cancelled
4565,686,2023-09-13 10:09:00,Completed
4566,667,2024-07-08 22:43:00,Processing
4567,605,2023-07-08 17:38:00,Completed
4568,1260,2024-05-01 11:35:00,Cancelled
4569,713,2024-05-14 13:27:00,Completed
4570,407,2023-11-16 11:02:00,Completed
4571,307,2025-01-22 10:47:00,Processing
4572,418,2024-04-22 19:10:00,Completed
4573,800,2025-04-24 19:52:00,Completed
4574,349,2025-09-09 17:13:00,Cancelled
4575,134,2024-01-26 09:37:00,Completed
4576,69,2025-09-13 19:46:00,Completed
4577,906,2023-03-14 12:19:00,Processing
4578,1143,2025-04-22 15:32:00,Completed
4579,1258,2024-05-03 15:27:00,Completed
4580,1263,2025-08-16 09:58:00,Processing
4581,600,2025-06-21 16:06:00,Completed
4582,585,2024-04-23 12:26:00,Processing
4583,1177,2024-09-26 11:44:00,Completed
4584,1106,2024-01-24 20:50:00,Completed
4585,268,2025-01-22 13:24:00,Processing
4586,707,2023-10-18 20:57:00,Completed
4587,921,2024-08-15 12:15:00,Completed
4588,727,2023-07-17 13:39:00,Completed
4589,1031,2023-09-02 10:15:00,Completed
4590,1048,2025-07-09 14:51:00,Cancelled
4591,1311,2023-08-10 20:55:00,Completed
4592,734,2024-12-11 10:07:00,Completed
4593,210,2025-08-27 11:32:00,Processing
4594,131,2023-01-07 13:55:00,Completed
4595,860,2025-09-01 22:19:00,Cancelled
4596,121,2023-05-15 12:29:00,Processing
4597,1194,2023-02-14 09:11:00,Completed
4598,238,2024-08-24 17:52:00,Processing
4599,1432,2024-11-26 14:45:00,Cancelled
4600,1457,2025-08-02 20:53:00,Completed
4601,252,2024-04-07 11:23:00,Completed
4602,1114,2024-07-01 09:52:00,Completed
4603,1056,2024-08-25 21:01:00,Completed
4604,1201,2024-10-07 20:33:00,Completed
4605,217,2023-09-26 13:54:00,Processing
4606,194,2025-09-18 08:24:00,Completed
4607,1225,2024-12-04 11:58:00,Processing
4608,1281,2025-09-11 09:36:00,Completed
4609,1376,2025-04-27 22:36:00,Processing
4610,1091,2024-09-26 18:31:00,Completed
4611,990,2023-05-20 10:38:00,Completed
4612,1449,2023-11-23 20:54:00,Completed
4613,36,2024-02-20 14:05:00,Completed
4614,1211,2023-08-03 20:12:00,Completed
4615,1181,2024-08-02 17:55:00,Completed
4616,85,2025-08-16 21:43:00,Completed
4617,965,2024-09-13 10:45:00,Processing
4618,523,2025-09-04 09:44:00,Completed
4619,849,2025-08-21 11:58:00,Completed
4620,796,2025-06-03 14:20:00,Processing
4621,1380,2023-08-18 14:03:00,Completed
4622,1111,2023-03-28 18:45:00,Completed
4623,1392,2025-04-07 08:11:00,Completed
4624,732,2025-11-25 15:37:00,Completed
4625,122,2024-04-04 20:18:00,Completed
4626,1229,2024-11-23 17:54:00,Completed
4627,42,2025-02-19 20:25:00,Cancelled
4628,100,2024-09-06 09:04:00,Completed
4629,101,2023-01-17 09:25:00,Completed
4630,212,2025-01-09 12:47:00,Processing
4631,88,2025-12-16 22:06:00,Completed
4632,79,2025-05-14 17:20:00,Completed
4633,575,2025-01-27 14:00:00,Cancelled
4634,1393,2025-08-14 21:08:00,Processing
4635,538,2024-08-22 17:40:00,Cancelled
4636,714,2025-10-09 10:38:00,Completed
4637,161,2024-08-10 17:22:00,Processing
4638,1333,2024-03-11 21:12:00,Cancelled
4639,590,2024-07-20 09:56:00,Cancelled
4640,708,2023-09-28 12:31:00,Completed
4641,1075,2025-10-10 18:45:00,Processing
4642,1063,2024-01-05 20:43:00,Processing
4643,266,2025-07-03 09:48:00,Processing
4644,793,2023-11-13 14:00:00,Completed
4645,632,2025-05-26 14:56:00,Cancelled
4646,1218,2025-07-16 18:02:00,Completed
4647,811,2024-09-24 15:52:00,Completed
4648,92,2023-09-27 22:31:00,Completed
4649,423,2023-03-11 10:17:00,Completed
4650,416,2024-09-27 08:00:00,Cancelled
4651,658,2025-12-10 17:24:00,Completed
4652,927,2023-08-11 20:09:00,Completed
4653,1282,2024-04-11 11:49:00,Completed
4654,386,2025-09-12 22:26:00,Completed
4655,675,2025-12-08 12:42:00,Completed
4656,497,2023-08-01 17:05:00,Completed
4657,1186,2024-04-24 09:50:00,Completed
4658,1431,2025-05-28 08:51:00,Cancelled
4659,995,2025-08-22 21:40:00,Processing
4660,987,2025-03-23 21:19:00,Completed
4661,305,2023-07-17 10:14:00,Completed
4662,445,2024-12-28 18:57:00,Cancelled
4663,166,2025-08-02 20:43:00,Cancelled
4664,785,2023-03-14 13:29:00,Cancelled
4665,1263,2024-06-12 16:30:00,Processing
4666,579,2024-07-07 20:44:00,Completed
4667,1029,2025-03-07 19:48:00,Processing
4668,1284,2023-09-24 10:08:00,Completed
4669,415,2024-09-17 18:35:00,Completed
4670,1134,2023-08-09 13:23:00,Completed
4671,1135,2025-11-16 10:00:00,Completed
4672,904,2024-07-13 19:02:00,Cancelled
4673,264,2025-10-10 13:45:00,Cancelled
4674,915,2023-03-02 18:30:00,Completed
4675,426,2023-04-23 22:24:00,Cancelled
4676,738,2025-09-25 20:45:00,Completed
4677,812,2023-08-16 21:18:00,Completed
4678,527,2024-08-01 20:24:00,Completed
4679,569,2024-09-10 13:45:00,Processing
4680,639,2024-04-03 17:50:00,Cancelled
4681,981,2023-06-08 11:52:00,Completed
4682,567,2025-03-20 14:53:00,Cancelled
4683,958,2023-08-24 11:50:00,Completed
4684,464,2024-09-12 19:45:00,Cancelled
4685,1436,2024-07-21 09:46:00,Cancelled
4686,1073,2025-09-17 14:03:00,Completed
4687,237,2024-03-16 17:16:00,Completed
4688,935,2024-04-17 10:31:00,Completed
4689,1195,2023-04-07 09:10:00,Completed
4690,382,2023-06-09 16:02:00,Processing
4691,29,2024-02-10 19:56:00,Cancelled
4692,448,2024-05-15 15:46:00,Processing
4693,524,2023-04-13 14:26:00,Completed
4694,824,2023-09-13 19:08:00,Completed
4695,1126,2023-08-26 18:41:00,Cancelled
4696,261,2023-04-28 21:32:00,Processing
4697,1101,2023-05-25 15:08:00,Processing
4698,536,2025-12-07 11:54:00,Completed
4699,614,2025-12-27 14:36:00,Completed
4700,1357,2023-07-22 14:02:00,Completed
4701,1113,2024-02-06 11:16:00,Completed
4702,422,2024-05-19 22:35:00,Completed
4703,231,2025-07-12 09:09:00,Completed
4704,372,2023-09-24 11:29:00,Cancelled
4705,1398,2023-01-10 16:45:00,Completed
4706,771,2024-11-04 09:44:00,Processing
4707,1489,2024-06-24 21:35:00,Completed
4708,1173,2024-08-16 17:48:00,Completed
4709,214,2023-07-07 22:44:00,Processing
4710,690,2025-10-13 15:27:00,Cancelled
4711,1009,2024-12-07 13:50:00,Cancelled
4712,871,2023-09-03 15:16:00,Cancelled
4713,150,2025-08-18 18:34:00,Completed
4714,367,2024-03-07 11:38:00,Cancelled
4715,27,2025-07-04 13:55:00,Completed
4716,68,2023-08-20 09:21:00,Completed
4717,1077,2023-08-24 11:26:00,Completed
4718,1023,2025-08-09 17:38:00,Completed
4719,179,2023-11-13 09:51:00,Processing
4720,513,2024-01-10 21:40:00,Cancelled
4721,1169,2023-09-08 16:42:00,Completed
4722,782,2024-12-13 15:42:00,Completed
4723,793,2024-08-19 18:25:00,Completed
4724,93,2023-10-06 14:19:00,Completed
4725,1382,2023-09-19 17:28:00,Completed
4726,547,2024-10-04 18:54:00,Completed
4727,742,2025-04-06 20:56:00,Processing
4728,957,2023-09-10 18:39:00,Completed
4729,956,2025-03-24 21:54:00,Processing
4730,10,2025-06-14 16:35:00,Cancelled
4731,1313,2025-02-02 22:48:00,Cancelled
4732,703,2025-04-12 16:24:00,Processing
4733,1211,2024-04-28 14:17:00,Completed
4734,1017,2023-08-05 15:25:00,Processing
4735,1348,2024-06-20 14:51:00,Completed
4736,686,2025-07-13 17:16:00,Cancelled
4737,1297,2024-02-12 13:53:00,Completed
4738,564,2024-06-21 08:45:00,Completed
4739,519,2023-04-15 15:10:00,Cancelled
4740,1326,2023-05-22 21:47:00,Cancelled
4741,1252,2024-08-21 17:16:00,Completed
4742,56,2023-06-09 16:55:00,Completed
4743,988,2025-08-18 11:12:00,Cancelled
4744,762,2024-03-24 17:07:00,Completed
4745,834,2025-08-23 22:17:00,Completed
4746,973,2023-01-26 22:17:00,Completed
4747,721,2023-07-07 10:51:00,Completed
4748,61,2024-08-14 13:33:00,Completed
4749,1092,2024-07-07 11:57:00,Completed
4750,809,2024-09-09 19:50:00,Processing
4751,885,2025-08-28 21:08:00,Processing
4752,403,2025-05-04 13:38:00,Completed
4753,110,2025-12-10 21:52:00,Completed
4754,110,2023-09-14 08:30:00,Cancelled
4755,226,2025-06-04 14:19:00,Cancelled
4756,538,2025-10-19 18:30:00,Completed
4757,1062,2023-01-14 09:16:00,Completed
4758,441,2024-06-09 19:30:00,Cancelled
4759,1209,2023-01-26 22:22:00,Completed
4760,840,2023-09-01 19:25:00,Cancelled
4761,964,2024-10-02 15:05:00,Cancelled
4762,1394,2023-12-06 11:56:00,Processing
4763,195,2023-03-07 15:29:00,Completed
4764,746,2025-11-10 18:06:00,Completed
4765,509,2024-11-15 08:21:00,Cancelled
4766,24,2024-01-21 20:48:00,Processing
4767,1314,2024-08-27 14:17:00,Completed
4768,1016,2023-11-07 20:34:00,Completed
4769,904,2025-11-07 20:00:00,Completed
4770,521,2025-06-15 11:27:00,Completed
4771,1352,2024-01-28 12:56:00,Completed
4772,1271,2023-11-02 17:00:00,Completed
4773,242,2024-11-08 20:42:00,Processing
4774,525,2023-02-14 15:47:00,Cancelled
4775,667,2025-05-09 12:56:00,Completed
4776,1129,2025-06-24 17:13:00,Completed
4777,410,2023-01-15 18:56:00,Completed
4778,893,2023-06-05 14:39:00,Cancelled
4779,111,2023-03-07 21:58:00,Completed
4780,267,2025-12-13 14:12:00,Completed
4781,44,2025-03-08 13:54:00,Processing
4782,723,2024-04-01 15:38:00,Cancelled
4783,241,2024-08-26 10:43:00,Processing
4784,427,2023-08-28 18:38:00,Completed
4785,441,2023-06-01 08:18:00,Completed
4786,411,2023-11-05 19:02:00,Processing
4787,1060,2023-01-10 16:55:00,Completed
4788,1420,2023-01-12 12:33:00,Completed
4789,1452,2024-09-15 20:52:00,Processing
4790,1229,2024-12-26 16:47:00,Completed
4791,555,2025-09-08 16:53:00,Completed
4792,768,2023-10-05 21:43:00,Completed
4793,1056,2023-05-28 10:37:00,Completed
4794,202,2025-09-12 18:29:00,Processing
4795,1082,2025-02-11 22:21:00,Cancelled
4796,85,2023-08-19 14:46:00,Cancelled
4797,673,2024-09-13 09:43:00,Completed
4798,31,2025-11-18 12:37:00,Completed
4799,1461,2024-11-19 10:41:00,Completed
4800,591,2024-01-08 22:21:00,Completed
4801,909,2024-06-12 20:22:00,Cancelled
4802,1430,2023-09-17 16:04:00,Completed
4803,1040,2025-08-15 15:49:00,Completed
4804,615,2024-10-21 15:59:00,Processing
4805,557,2024-03-12 12:56:00,Completed
4806,259,2023-03-28 12:47:00,Cancelled
4807,509,2024-12-02 08:31:00,Completed
4808,1456,2024-06-20 12:35:00,Completed
4809,1166,2025-10-09 22:46:00,Completed
4810,894,2024-09-26 14:42:00,Processing
4811,241,2023-08-11 22:01:00,Completed
4812,923,2024-12-24 20:01:00,Processing
4813,617,2023-03-16 10:43:00,Processing
4814,814,2024-08-10 21:23:00,Completed
4815,1421,2025-08-16 22:59:00,Completed
4816,115,2024-09-11 16:15:00,Completed
4817,724,2024-06-27 13:59:00,Processing
4818,384,2023-11-22 11:13:00,Completed
4819,1348,2024-07-14 16:03:00,Cancelled
4820,1255,2024-05-26 19:37:00,Completed
4821,62,2025-01-10 11:05:00,Processing
4822,182,2024-10-18 13:49:00,Completed
4823,192,2025-10-19 11:14:00,Processing
4824,1139,2024-12-22 11:55:00,Completed
4825,1369,2025-11-19 22:33:00,Cancelled
4826,1119,2024-01-03 08:23:00,Completed
4827,1131,2023-02-04 13:53:00,Completed
4828,355,2023-09-02 08:39:00,Completed
4829,1405,2025-04-19 14:15:00,Processing
4830,1204,2023-08-22 18:56:00,Completed
4831,1113,2025-11-06 18:04:00,Cancelled
4832,1091,2025-09-10 15:33:00,Completed
4833,845,2024-04-24 22:17:00,Completed
4834,17,2025-08-06 12:11:00,Processing
4835,891,2024-03-24 21:26:00,Completed
4836,563,2023-08-25 18:48:00,Completed
4837,1014,2025-07-08 15:38:00,Completed
4838,1062,2023-11-16 15:52:00,Completed
4839,559,2025-05-13 16:28:00,Completed
4840,627,2024-08-26 17:39:00,Completed
4841,511,2023-06-26 14:25:00,Completed
4842,1339,2023-09-01 10:40:00,Processing
4843,1195,2023-12-26 14:17:00,Cancelled
4844,796,2024-11-03 22:07:00,Cancelled
4845,373,2023-03-08 18:49:00,Completed
4846,546,2024-03-06 22:03:00,Completed
4847,958,2023-09-02 14:43:00,Completed
4848,418,2025-05-23 22:33:00,Completed
4849,1016,2025-09-26 13:20:00,Cancelled
4850,789,2025-06-22 20:28:00,Processing
4851,1335,2025-06-27 20:29:00,Cancelled
4852,790,2025-01-12 13:04:00,Completed
4853,811,2025-07-09 18:16:00,Cancelled
4854,541,2023-04-06 15:02:00,Completed
4855,842,2023-09-12 11:56:00,Completed
4856,519,2023-09-05 09:43:00,Cancelled
4857,884,2024-08-28 13:08:00,Completed
4858,512,2024-08-19 16:22:00,Completed
4859,697,2024-08-08 11:20:00,Cancelled
4860,655,2023-05-07 22:11:00,Completed
4861,1454,2025-10-14 14:45:00,Completed
4862,382,2024-01-25 12:08:00,Completed
4863,419,2025-09-02 22:47:00,Cancelled
4864,1261,2023-10-02 08:23:00,Completed
4865,260,2025-09-12 15:57:00,Completed
4866,1189,2024-08-11 21:08:00,Processing
4867,39,2025-09-04 09:51:00,Completed
4868,442,2024-11-27 11:02:00,Completed
4869,13,2025-06-04 11:02:00,Processing
4870,158,2023-03-05 09:25:00,Cancelled
4871,1204,2024-08-27 15:07:00,Completed
4872,916,2023-03-02 12:15:00,Completed
4873,1249,2023-04-26 09:11:00,Processing
4874,871,2024-08-06 11:12:00,Processing
4875,178,2024-06-17 08:26:00,Completed
4876,514,2024-09-05 14:29:00,Completed
4877,111,2025-09-24 08:09:00,Processing
4878,1483,2024-08-12 22:47:00,Processing
4879,1127,2024-08-11 15:04:00,Completed
4880,365,2023-02-28 14:29:00,Cancelled
4881,415,2023-06-26 20:12:00,Cancelled
4882,471,2025-01-21 21:23:00,Completed
4883,1085,2024-06-03 21:55:00,Processing
4884,678,2024-10-19 12:12:00,Completed
4885,222,2025-01-05 12:11:00,Processing
4886,1400,2024-11-26 13:40:00,Completed
4887,227,2025-08-10 09:54:00,Completed
4888,662,2025-08-25 13:06:00,Completed
4889,1243,2023-09-25 13:46:00,Completed
4890,460,2024-08-01 13:30:00,Completed
4891,1434,2024-08-01 17:52:00,Cancelled
4892,578,2023-05-08 15:59:00,Processing
4893,68,2025-02-26 15:00:00,Completed
4894,903,2023-08-11 19:44:00,Cancelled
4895,348,2025-04-28 11:58:00,Cancelled
4896,964,2023-11-12 14:33:00,Completed
4897,930,2024-06-02 13:38:00,Completed
4898,1011,2025-08-01 20:44:00,Completed
4899,118,2025-09-27 17:05:00,Processing
4900,1243,2025-08-16 17:13:00,Processing
4901,589,2025-11-20 19:52:00,Completed
4902,1481,2024-09-23 19:51:00,Completed
4903,727,2023-06-19 11:59:00,Completed
4904,957,2023-07-28 13:00:00,Cancelled
4905,535,2024-08-16 16:56:00,Completed
4906,872,2023-03-15 09:37:00,Completed
4907,842,2023-07-26 19:52:00,Completed
4908,249,2025-01-24 09:01:00,Cancelled
4909,452,2024-12-21 09:37:00,Completed
4910,1171,2023-02-21 15:03:00,Completed
4911,403,2023-07-22 10:33:00,Completed
4912,706,2025-11-15 15:52:00,Processing
4913,1016,2023-09-05 19:24:00,Cancelled
4914,266,2023-09-14 18:41:00,Cancelled
4915,822,2024-10-15 11:40:00,Completed
4916,1218,2024-08-19 21:10:00,Completed
4917,76,2024-02-07 13:25:00,Completed
4918,1494,2025-10-26 12:46:00,Cancelled
4919,1373,2025-08-02 15:22:00,Completed
4920,870,2024-11-14 18:30:00,Completed
4921,744,2025-08-24 09:31:00,Processing
4922,537,2025-05-16 15:38:00,Completed
4923,766,2025-06-21 16:19:00,Completed
4924,1100,2023-09-25 09:11:00,Completed
4925,297,2023-12-07 08:44:00,Processing
4926,521,2024-02-05 14:51:00,Processing
4927,230,2025-09-19 17:12:00,Completed
4928,757,2023-04-21 09:15:00,Cancelled
4929,980,2025-09-21 14:33:00,Completed
4930,1056,2025-10-12 11:15:00,Completed
4931,679,2023-03-02 10:38:00,Completed
4932,1125,2024-08-04 10:35:00,Completed
4933,826,2025-12-07 12:47:00,Completed
4934,251,2024-08-26 10:08:00,Cancelled
4935,453,2023-10-17 14:21:00,Completed
4936,501,2025-10-12 21:48:00,Completed
4937,648,2024-10-24 15:49:00,Cancelled
4938,162,2024-08-05 18:19:00,Completed
4939,619,2025-09-08 16:59:00,Completed
4940,141,2025-09-02 21:37:00,Completed
4941,941,2023-09-17 08:46:00,Completed
4942,780,2025-06-15 18:22:00,Processing
4943,382,2025-08-19 09:26:00,Cancelled
4944,774,2024-11-18 13:20:00,Completed
4945,819,2025-04-25 22:37:00,Completed
4946,545,2023-08-01 12:09:00,Processing
4947,1215,2024-08-12 12:53:00,Cancelled
4948,308,2023-01-04 21:33:00,Completed
4949,1035,2025-12-14 17:57:00,Cancelled
4950,1314,2023-08-25 21:55:00,Cancelled
4951,503,2024-06-07 16:19:00,Cancelled
4952,1299,2023-09-23 15:02:00,Completed
4953,614,2024-08-21 09:55:00,Processing
4954,587,2025-08-10 21:21:00,Completed
4955,582,2024-01-06 09:53:00,Completed
4956,700,2025-09-20 19:44:00,Completed
4957,296,2025-09-01 15:53:00,Completed
4958,911,2023-04-09 14:24:00,Completed
4959,1279,2024-05-16 18:03:00,Completed
4960,855,2023-04-19 16:54:00,Completed
4961,106,2024-06-04 14:12:00,Completed
4962,274,2023-08-24 10:00:00,Completed
4963,339,2024-10-11 14:04:00,Processing
4964,1054,2023-06-14 12:42:00,Completed
4965,1083,2025-06-09 09:12:00,Completed
4966,1381,2023-06-24 20:00:00,Completed
4967,1061,2024-12-26 22:04:00,Completed
4968,883,2025-06-18 09:28:00,Cancelled
4969,203,2025-09-18 10:36:00,Completed
4970,1442,2024-09-19 10:10:00,Completed
4971,1198,2023-02-21 12:10:00,Cancelled
4972,1194,2025-08-10 09:18:00,Completed
4973,173,2023-06-23 19:25:00,Cancelled
4974,1191,2023-05-28 10:26:00,Completed
4975,316,2023-03-27 19:01:00,Completed
4976,923,2024-03-02 17:57:00,Cancelled
4977,1325,2024-07-20 16:32:00,Cancelled
4978,801,2024-09-18 09:44:00,Cancelled
4979,301,2024-08-08 18:24:00,Processing
4980,1369,2024-02-14 12:17:00,Cancelled
4981,254,2024-08-24 09:35:00,Completed
4982,195,2023-09-05 11:06:00,Completed
4983,825,2025-04-10 10:34:00,Completed
4984,1465,2023-03-24 22:47:00,Completed
4985,809,2023-10-27 09:40:00,Completed
4986,324,2023-06-08 22:53:00,Completed
4987,326,2023-10-26 08:52:00,Processing
4988,971,2024-08-20 22:46:00,Completed
4989,1335,2025-12-25 16:31:00,Processing
4990,1451,2024-05-02 16:44:00,Processing
4991,997,2023-09-21 13:11:00,Completed
4992,1410,2023-08-23 08:56:00,Completed
4993,150,2023-12-23 21:31:00,Completed
4994,581,2024-03-12 12:11:00,Processing
4995,710,2024-07-24 20:42:00,Cancelled
4996,1214,2025-08-16 21:27:00,Completed
4997,1190,2025-08-08 16:42:00,Completed
4998,1130,2023-11-19 11:58:00,Processing
4999,1328,2023-03-25 21:29:00,Cancelled
5000,1334,2024-10-24 22:02:00,Completed
