order_item_id,order_id,product_key,quantity,price_at_purchase
1,1,72,3,123267.08
2,1,214,2,146526.82
3,2,395,3,124226.7
4,2,246,3,155067.32
5,2,358,2,178348.09
6,2,206,1,126816.6
7,3,133,3,75132.07
8,3,143,1,187703.44
9,3,98,3,185562.02
10,3,259,1,267553.37
11,4,214,3,146526.82
12,4,90,1,223688.38
13,4,125,0,191668.58
14,4,105,2,171327.72
15,5,198,3,169603.47
16,5,120,3,146292.08
17,5,276,2,23971.0
18,6,330,2,53581.46
19,6,230,2,99627.55
20,6,255,2,120947.33
21,7,15,1,143957.3
22,8,219,2,194332.13
23,9,387,1,60812.16
24,9,133,2,75132.07
25,9,236,3,182898.47
26,10,220,1,107337.51
27,10,323,3,27190.12
28,11,93,1,85322.12
29,12,13,3,184860.08
30,12,244,2,8123.81
31,13,78,2,197988.01
32,13,345,2,3634.44
33,13,187,3,48772.65
34,14,62,1,47437.51
35,15,98,2,185562.02
36,15,331,3,137555.3
37,15,234,2,134417.8
38,15,319,2,38726.82
39,16,17,2,187307.96
40,17,203,1,160317.19
41,17,195,2,92189.19
42,17,52,1,193193.24
43,18,265,1,39650.36
44,18,152,3,184290.03
45,18,93,3,85322.12
46,19,42,1,122256.45
47,19,260,1,213378.12
48,19,294,3,193211.61
49,19,375,3,31576.35
50,20,155,1,48337.64
51,21,118,1,88084.04
52,21,183,3,182249.1
53,21,257,3,7609.62
54,21,212,1,167662.05
55,22,293,3,115807.73
56,22,264,3,92901.53
57,22,234,2,134417.8
58,23,108,1,227064.66
59,24,151,3,137308.73
60,24,312,3,213856.86
61,24,347,2,137186.09
62,24,59,1,161932.27
63,25,342,3,176733.9
64,25,116,1,93394.61
65,25,19,1,146352.25
66,26,242,1,51496.32
67,26,310,1,170497.76
68,26,55,3,63638.65
69,26,67,3,97379.9
70,27,167,1,17448.92
71,28,302,3,127736.26
72,29,164,3,73095.05
73,29,385,3,237554.64
74,30,139,3,95013.28
75,31,19,1,146352.25
76,32,332,2,247371.04
77,32,325,2,76663.93
78,33,302,2,127736.26
79,34,338,2,90146.38
80,34,377,3,127215.62
81,34,309,3,108356.35
82,35,43,1,114531.37
83,35,295,2,154948.76
84,36,130,1,169159.49
85,36,125,1,191668.58
86,36,56,2,153085.38
87,36,107,2,33391.06
88,37,224,1,180566.69
89,37,383,2,183812.28
90,37,86,1,31662.6
91,38,360,1,24260.58
92,38,352,1,195040.51
93,38,395,0,124226.7
94,39,89,3,200852.0
95,40,10,1,228921.75
96,40,32,2,129254.32
97,41,181,3,166139.86
98,41,100,1,196105.0
99,41,391,1,49496.26
100,41,389,1,223901.84
101,42,183,2,182249.1
102,42,36,3,33385.5
103,42,38,3,108041.96
104,43,37,1,46157.25
105,43,309,3,108356.35
106,43,47,3,152134.58
107,43,31,3,213222.88
108,44,399,2,117465.54
109,44,327,3,93962.55
110,44,118,2,88084.04
111,44,38,1,108041.96
112,45,315,3,92353.85
113,45,343,1,55072.92
114,45,41,1,77155.11
115,45,121,3,72624.12
116,46,366,3,135643.25
117,46,195,1,92189.19
118,46,3,3,7526.8
119,46,150,1,180012.96
120,47,296,3,68855.2
121,48,306,3,17520.5
122,48,88,3,101192.35
123,48,162,1,52286.3
124,49,42,3,122256.45
125,49,161,1,98450.34
126,49,120,3,146292.08
127,49,133,3,75132.07
128,50,159,3,77121.65
129,50,59,1,161932.27
130,50,120,1,146292.08
131,51,113,2,195996.61
132,51,62,3,47437.51
133,51,172,3,156618.46
134,51,3,3,7526.8
135,52,148,3,206362.87
136,52,378,1,257676.08
137,53,308,2,70851.91
138,53,224,1,180566.69
139,53,36,2,33385.5
140,54,19,2,146352.25
141,54,67,2,97379.9
142,54,161,2,98450.34
143,55,393,1,22998.42
144,55,236,1,182898.47
145,55,228,3,51706.06
146,55,75,2,109608.7
147,56,40,1,244240.57
148,56,377,2,127215.62
149,56,318,3,57516.99
150,57,57,1,131451.16
151,57,142,2,85943.57
152,57,383,1,183812.28
153,58,105,2,171327.72
154,58,13,3,184860.08
155,58,81,3,10899.5
156,58,185,3,222877.27
157,59,262,3,111472.85
158,59,308,3,70851.91
159,60,281,1,89826.4
160,61,67,1,97379.9
161,61,42,1,122256.45
162,61,274,1,54686.32
163,61,83,3,227727.93
164,62,56,1,153085.38
165,63,378,2,257676.08
166,63,276,2,23971.0
167,63,91,2,102944.04
168,64,388,2,256305.09
169,65,395,3,124226.7
170,66,165,2,75464.21
171,66,238,3,16422.19
172,66,345,2,3634.44
173,66,372,2,129635.61
174,67,271,2,39127.12
175,67,365,2,116653.08
176,67,98,2,185562.02
177,68,23,2,113409.53
178,68,33,1,28473.0
179,68,386,3,80116.96
180,68,360,1,24260.58
181,69,370,2,29783.24
182,69,219,1,194332.13
183,70,55,1,63638.65
184,70,179,1,72910.11
185,70,342,1,176733.9
186,71,307,3,50519.78
187,71,248,3,181994.22
188,71,357,3,175127.82
189,71,388,3,256305.09
190,72,69,1,4305.21
191,73,378,2,257676.08
192,74,122,3,193564.32
193,74,231,2,169920.09
194,75,323,2,27190.12
195,75,373,3,38418.12
196,76,88,1,101192.35
197,76,340,3,165052.47
198,76,167,3,17448.92
199,76,43,1,114531.37
200,77,224,1,180566.69
201,77,383,1,183812.28
202,77,223,2,133823.09
203,78,244,1,8123.81
204,78,360,1,24260.58
205,78,115,2,58008.8
206,79,10,1,228921.75
207,79,374,2,12526.67
208,79,211,2,4061.75
209,79,391,3,49496.26
210,80,354,2,33934.36
211,80,123,2,130947.34
212,80,137,3,134221.1
213,81,298,1,22913.44
214,81,219,3,194332.13
215,81,112,1,3039.37
216,81,389,2,223901.84
217,82,226,1,102863.17
218,83,264,3,92901.53
219,84,12,1,25200.8
220,84,151,1,137308.73
221,84,40,3,244240.57
222,84,287,1,22255.08
223,85,48,1,132286.45
224,85,192,3,43441.24
225,85,223,1,133823.09
226,86,68,2,2885.59
227,86,220,1,107337.51
228,86,327,2,93962.55
229,86,244,3,8123.81
230,87,246,2,155067.32
231,87,366,1,135643.25
232,88,53,1,178807.02
233,88,349,2,20709.51
234,88,262,3,111472.85
235,88,170,3,36052.22
236,89,47,2,152134.58
237,89,38,1,108041.96
238,90,115,2,58008.8
239,90,86,2,31662.6
240,90,301,1,112144.59
241,91,373,3,38418.12
242,91,82,2,102874.79
243,92,187,2,48772.65
244,93,238,1,16422.19
245,93,285,1,36376.55
246,93,161,2,98450.34
247,94,398,2,79202.64
248,94,145,3,163994.77
249,95,376,3,204960.25
250,95,167,3,17448.92
251,95,14,1,89932.3
252,96,324,2,88809.05
253,96,28,2,98230.78
254,96,370,3,29783.24
255,96,302,3,127736.26
256,97,165,1,75464.21
257,97,2,2,149267.73
258,97,219,2,194332.13
259,97,353,3,89374.69
260,98,374,2,12526.67
261,98,373,2,38418.12
262,98,89,2,200852.0
263,98,137,2,134221.1
264,99,141,1,88692.92
265,99,94,2,211083.87
266,100,280,2,154590.14
267,101,248,2,181994.22
268,101,328,2,28340.81
269,102,246,2,155067.32
270,102,297,1,67730.03
271,102,299,3,203148.18
272,102,255,3,120947.33
273,103,142,3,85943.57
274,103,304,1,161992.8
275,103,26,1,38469.74
276,104,270,1,94124.72
277,104,234,2,134417.8
278,104,148,2,206362.87
279,105,387,1,60812.16
280,105,318,2,57516.99
281,105,65,3,189259.53
282,105,291,1,103671.46
283,106,154,2,211291.85
284,106,90,3,223688.38
285,106,395,1,124226.7
286,107,327,3,93962.55
287,108,137,1,134221.1
288,108,236,1,182898.47
289,109,246,1,155067.32
290,109,224,1,180566.69
291,109,61,3,189942.13
292,110,53,1,178807.02
293,110,356,3,193708.01
294,110,342,3,176733.9
295,111,376,1,204960.25
296,111,137,3,134221.1
297,111,193,3,83074.26
298,112,293,1,115807.73
299,112,141,2,88692.92
300,112,222,2,15887.34
301,112,94,3,211083.87
302,113,228,3,51706.06
303,113,347,2,137186.09
304,113,198,2,169603.47
305,114,265,1,39650.36
306,115,272,3,62763.18
307,115,393,3,22998.42
308,116,385,2,237554.64
309,116,270,3,94124.72
310,117,383,3,183812.28
311,117,180,1,215596.8
312,118,315,2,92353.85
313,118,313,1,-1000.0
314,119,87,2,45719.31
315,120,165,3,75464.21
316,120,322,3,130758.24
317,120,216,1,65676.87
318,121,20,2,182631.87
319,121,43,1,114531.37
320,121,204,3,188978.74
321,121,193,3,83074.26
322,122,259,1,267553.37
323,123,75,3,109608.7
324,123,42,1,122256.45
325,124,214,1,146526.82
326,124,107,3,33391.06
327,125,91,3,102944.04
328,125,211,3,4061.75
329,125,115,1,58008.8
330,126,69,2,4305.21
331,126,75,2,109608.7
332,126,76,3,105147.62
333,126,12,3,25200.8
334,127,192,3,43441.24
335,127,188,2,35013.84
336,128,183,3,182249.1
337,128,187,1,48772.65
338,129,329,1,174721.07
339,129,137,2,134221.1
340,130,291,1,103671.46
341,131,115,2,58008.8
342,131,214,1,146526.82
343,131,271,3,39127.12
344,131,299,3,203148.18
345,132,251,2,107136.01
346,132,118,2,88084.04
347,132,224,2,180566.69
348,132,306,1,17520.5
349,133,37,0,46157.25
350,133,343,3,55072.92
351,133,362,1,14481.09
352,134,270,1,94124.72
353,134,223,3,133823.09
354,135,79,2,117712.55
355,136,6,2,136605.61
356,136,118,1,88084.04
357,137,13,3,184860.08
358,137,112,1,3039.37
359,138,303,1,80733.63
360,138,321,3,157890.36
361,138,375,1,31576.35
362,139,367,3,228694.37
363,139,274,2,54686.32
364,139,16,3,130664.31
365,139,13,1,184860.08
366,140,312,1,213856.86
367,141,129,1,21632.52
368,141,316,3,3769.9
369,141,25,2,56365.36
370,141,343,1,55072.92
371,142,165,3,75464.21
372,143,130,2,169159.49
373,143,20,3,182631.87
374,143,309,3,108356.35
375,144,378,1,257676.08
376,144,342,1,176733.9
377,144,210,2,97334.98
378,144,69,3,4305.21
379,145,264,2,92901.53
380,145,183,2,182249.1
381,145,327,3,93962.55
382,145,63,1,159567.98
383,146,388,2,256305.09
384,147,3,1,7526.8
385,147,335,1,62446.33
386,147,37,3,46157.25
387,148,352,1,195040.51
388,148,213,3,16785.14
389,149,53,2,178807.02
390,149,305,3,198015.99
391,149,121,2,72624.12
392,149,320,3,172820.69
393,150,97,3,124701.15
394,151,38,2,108041.96
395,152,105,3,171327.72
396,152,120,2,146292.08
397,152,84,1,42005.69
398,153,129,3,21632.52
399,153,99,2,67013.23
400,153,309,2,108356.35
401,154,373,3,38418.12
402,155,356,3,193708.01
403,155,393,2,22998.42
404,155,303,1,80733.63
405,156,145,3,163994.77
406,156,368,1,209350.37
407,156,242,3,51496.32
408,157,40,1,244240.57
409,157,312,2,213856.86
410,157,159,1,77121.65
411,157,83,3,227727.93
412,158,289,1,93894.4
413,158,107,3,33391.06
414,158,150,2,180012.96
415,159,113,2,195996.61
416,160,76,3,105147.62
417,160,169,3,94973.51
418,160,129,2,21632.52
419,160,32,2,129254.32
420,161,72,1,123267.08
421,162,47,2,152134.58
422,162,308,2,70851.91
423,162,162,1,52286.3
424,162,180,3,215596.8
425,163,180,3,215596.8
426,163,143,2,187703.44
427,163,41,2,77155.11
428,163,279,1,31093.62
429,164,219,1,194332.13
430,164,278,2,146503.31
431,165,366,2,135643.25
432,165,271,2,39127.12
433,166,399,0,117465.54
434,166,94,1,211083.87
435,166,218,3,172588.85
436,167,386,1,80116.96
437,167,82,2,102874.79
438,167,100,3,196105.0
439,168,89,3,200852.0
440,168,313,1,-1000.0
441,168,150,1,180012.96
442,168,141,3,88692.92
443,169,104,2,59275.63
444,169,324,1,88809.05
445,170,356,2,193708.01
446,170,313,1,-1000.0
447,170,314,0,53745.02
448,170,319,3,38726.82
449,171,53,3,178807.02
450,171,236,3,182898.47
451,171,224,3,180566.69
452,171,276,1,23971.0
453,172,395,1,124226.7
454,172,318,2,57516.99
455,172,352,1,195040.51
456,173,23,2,113409.53
457,174,193,2,83074.26
458,174,56,1,153085.38
459,175,197,1,155218.93
460,175,59,2,161932.27
461,176,68,3,2885.59
462,176,79,3,117712.55
463,177,198,2,169603.47
464,177,365,3,116653.08
465,177,204,3,188978.74
466,178,296,3,68855.2
467,178,287,1,22255.08
468,178,374,1,12526.67
469,178,156,1,100447.5
470,179,98,1,185562.02
471,179,19,1,146352.25
472,179,319,2,38726.82
473,179,145,1,163994.77
474,180,383,3,183812.28
475,181,93,2,85322.12
476,181,372,2,129635.61
477,181,121,3,72624.12
478,181,65,3,189259.53
479,182,351,1,221689.4
480,182,276,3,23971.0
481,182,181,1,166139.86
482,182,37,2,46157.25
483,183,72,2,123267.08
484,183,331,3,137555.3
485,183,376,2,204960.25
486,183,211,2,4061.75
487,184,339,2,10393.21
488,184,267,3,123814.11
489,185,37,2,46157.25
490,186,204,1,188978.74
491,186,236,2,182898.47
492,186,154,3,211291.85
493,187,334,1,146758.91
494,187,198,3,169603.47
495,187,167,3,17448.92
496,187,231,3,169920.09
497,188,168,3,81218.81
498,188,238,3,16422.19
499,189,218,1,172588.85
500,189,377,1,127215.62
501,190,246,1,155067.32
502,191,82,3,102874.79
503,191,178,2,202498.25
504,192,399,2,117465.54
505,192,244,2,8123.81
506,192,6,3,136605.61
507,193,270,3,94124.72
508,193,104,2,59275.63
509,193,177,2,68966.65
510,193,4,3,114946.67
511,194,218,1,172588.85
512,195,181,2,166139.86
513,195,22,2,150862.55
514,195,65,3,189259.53
515,196,254,2,100631.14
516,196,72,3,123267.08
517,196,389,2,223901.84
518,196,306,2,17520.5
519,197,79,3,117712.55
520,198,212,3,167662.05
521,199,388,3,256305.09
522,199,304,2,161992.8
523,199,13,2,184860.08
524,200,356,2,193708.01
525,201,397,3,37758.94
526,201,123,3,130947.34
527,201,368,1,209350.37
528,202,280,1,154590.14
529,202,52,2,193193.24
530,202,386,1,80116.96
531,202,84,2,42005.69
532,203,202,3,161677.95
533,203,302,3,127736.26
534,203,157,3,91158.49
535,204,73,3,226665.36
536,204,157,3,91158.49
537,205,222,2,15887.34
538,206,301,2,112144.59
539,206,299,2,203148.18
540,207,330,1,53581.46
541,208,397,2,37758.94
542,209,188,1,35013.84
543,209,69,1,4305.21
544,210,295,1,154948.76
545,210,95,1,49700.64
546,211,86,3,31662.6
547,212,352,2,195040.51
548,213,170,2,36052.22
549,213,19,2,146352.25
550,213,236,3,182898.47
551,214,177,3,68966.65
552,214,46,2,118724.75
553,215,115,2,58008.8
554,215,99,2,67013.23
555,216,214,2,146526.82
556,216,362,2,14481.09
557,217,203,3,160317.19
558,217,89,3,200852.0
559,218,118,2,88084.04
560,218,376,2,204960.25
561,219,230,1,99627.55
562,219,261,1,79486.07
563,219,174,3,117478.08
564,219,280,3,154590.14
565,220,362,3,14481.09
566,220,204,2,188978.74
567,220,51,1,93241.8
568,220,152,3,184290.03
569,221,82,3,102874.79
570,222,31,3,213222.88
571,223,107,2,33391.06
572,223,231,2,169920.09
573,223,162,2,52286.3
574,224,130,3,169159.49
575,224,8,3,187839.72
576,225,87,1,45719.31
577,225,294,2,193211.61
578,225,180,2,215596.8
579,226,32,1,129254.32
580,226,85,3,114181.68
581,226,62,3,47437.51
582,226,398,1,79202.64
583,227,115,1,58008.8
584,228,260,1,213378.12
585,228,84,1,42005.69
586,228,322,3,130758.24
587,228,85,3,114181.68
588,229,206,1,126816.6
589,229,242,3,51496.32
590,230,374,1,12526.67
591,231,274,3,54686.32
592,231,23,1,113409.53
593,231,31,2,213222.88
594,232,73,1,226665.36
595,232,155,3,48337.64
596,232,84,3,42005.69
597,232,45,1,139853.99
598,233,38,2,108041.96
599,233,322,3,130758.24
600,233,155,3,48337.64
601,234,383,1,183812.28
602,234,320,2,172820.69
603,234,325,1,76663.93
604,235,338,1,90146.38
605,235,120,1,146292.08
606,235,38,1,108041.96
607,236,160,2,116411.44
608,236,45,3,139853.99
609,236,301,2,112144.59
610,236,151,2,137308.73
611,237,139,1,95013.28
612,238,244,1,8123.81
613,238,274,2,54686.32
614,238,216,2,65676.87
615,239,224,3,180566.69
616,239,345,1,3634.44
617,240,137,1,134221.1
618,240,83,0,227727.93
619,240,399,1,117465.54
620,240,366,3,135643.25
621,241,340,1,165052.47
622,241,69,1,4305.21
623,241,40,2,244240.57
624,241,239,1,91749.05
625,242,42,2,122256.45
626,242,316,3,3769.9
627,243,172,2,156618.46
628,243,129,2,21632.52
629,243,230,2,99627.55
630,243,228,2,51706.06
631,244,236,2,182898.47
632,244,386,3,80116.96
633,245,388,2,256305.09
634,245,132,1,111446.24
635,245,87,2,45719.31
636,246,17,3,187307.96
637,246,174,1,117478.08
638,246,145,3,163994.77
639,247,202,3,161677.95
640,247,385,2,237554.64
641,248,366,1,135643.25
642,248,279,3,31093.62
643,249,175,1,48836.92
644,249,190,3,-1000.0
645,249,320,1,172820.69
646,250,200,3,133017.26
647,250,43,2,114531.37
648,250,183,2,182249.1
649,251,303,1,80733.63
650,252,334,1,146758.91
651,253,310,3,170497.76
652,254,324,2,88809.05
653,254,302,1,127736.26
654,255,152,2,184290.03
655,255,66,1,185456.68
656,255,319,1,38726.82
657,256,280,2,154590.14
658,257,155,1,48337.64
659,257,298,3,22913.44
660,258,97,3,124701.15
661,258,66,1,185456.68
662,258,185,2,222877.27
663,259,35,1,120078.64
664,259,329,2,174721.07
665,259,373,1,38418.12
666,260,132,3,111446.24
667,260,19,1,146352.25
668,260,100,3,196105.0
669,260,52,1,193193.24
670,261,229,1,20447.16
671,261,129,2,21632.52
672,262,380,2,129190.02
673,262,331,3,137555.3
674,263,332,3,247371.04
675,263,368,2,209350.37
676,263,42,3,122256.45
677,263,152,1,184290.03
678,264,210,1,97334.98
679,264,267,1,123814.11
680,264,190,1,-1000.0
681,265,36,3,33385.5
682,265,8,2,187839.72
683,266,259,3,267553.37
684,266,23,2,113409.53
685,266,81,2,10899.5
686,266,15,3,143957.3
687,267,122,1,193564.32
688,267,152,2,184290.03
689,267,121,3,72624.12
690,267,223,2,133823.09
691,268,132,3,111446.24
692,268,70,1,92203.48
693,268,89,2,200852.0
694,268,45,3,139853.99
695,269,177,1,68966.65
696,269,272,3,62763.18
697,269,46,1,118724.75
698,270,182,2,35037.64
699,270,340,2,165052.47
700,270,33,1,28473.0
701,270,274,3,54686.32
702,271,202,2,161677.95
703,271,89,2,200852.0
704,271,257,3,7609.62
705,271,252,3,186098.96
706,272,349,1,20709.51
707,272,252,3,186098.96
708,272,234,1,134417.8
709,272,331,2,137555.3
710,273,192,1,43441.24
711,273,320,2,172820.69
712,274,172,3,156618.46
713,274,145,1,163994.77
714,274,310,1,170497.76
715,275,223,2,133823.09
716,275,259,2,267553.37
717,276,339,3,10393.21
718,276,214,3,146526.82
719,276,278,3,146503.31
720,276,353,2,89374.69
721,277,47,2,152134.58
722,278,393,2,22998.42
723,278,53,1,178807.02
724,279,396,1,103196.96
725,279,200,1,133017.26
726,279,123,1,130947.34
727,279,15,3,143957.3
728,280,301,3,112144.59
729,281,81,3,10899.5
730,281,316,2,3769.9
731,281,99,3,67013.23
732,282,387,1,60812.16
733,282,252,2,186098.96
734,283,202,3,161677.95
735,283,376,1,204960.25
736,283,318,1,57516.99
737,284,94,3,211083.87
738,284,251,3,107136.01
739,284,282,1,44757.51
740,284,345,3,3634.44
741,285,32,3,129254.32
742,285,315,2,92353.85
743,286,66,2,185456.68
744,286,375,1,31576.35
745,286,224,2,180566.69
746,286,295,2,154948.76
747,287,188,2,35013.84
748,287,165,2,75464.21
749,287,123,1,130947.34
750,287,386,3,80116.96
751,288,174,1,117478.08
752,288,70,3,92203.48
753,288,188,3,35013.84
754,289,295,3,154948.76
755,290,332,2,247371.04
756,290,262,2,111472.85
757,291,396,1,103196.96
758,291,238,3,16422.19
759,291,378,1,257676.08
760,291,25,1,56365.36
761,292,342,2,176733.9
762,292,155,2,48337.64
763,293,132,3,111446.24
764,293,399,3,117465.54
765,293,254,2,100631.14
766,293,145,3,163994.77
767,294,62,1,47437.51
768,294,90,3,223688.38
769,294,187,2,48772.65
770,294,320,2,172820.69
771,295,85,1,114181.68
772,296,332,3,247371.04
773,296,312,2,213856.86
774,296,240,1,37718.61
775,297,368,1,209350.37
776,297,218,3,172588.85
777,297,351,3,221689.4
778,297,104,3,59275.63
779,298,377,3,127215.62
780,298,212,2,167662.05
781,298,327,3,93962.55
782,298,301,2,112144.59
783,299,322,3,130758.24
784,299,231,3,169920.09
785,300,61,1,189942.13
786,300,319,2,38726.82
787,300,129,2,21632.52
788,301,389,1,223901.84
789,302,96,1,65773.58
790,302,236,3,182898.47
791,302,165,3,75464.21
792,303,321,3,157890.36
793,304,274,1,54686.32
794,305,216,2,65676.87
795,305,56,3,153085.38
796,306,267,3,123814.11
797,306,240,1,37718.61
798,307,301,3,112144.59
799,307,84,1,42005.69
800,307,156,3,100447.5
801,307,208,1,58440.67
802,308,179,1,72910.11
803,308,379,1,193559.0
804,309,197,1,155218.93
805,309,42,2,122256.45
806,310,267,3,123814.11
807,311,399,2,117465.54
808,312,357,1,175127.82
809,313,87,3,45719.31
810,313,69,1,4305.21
811,313,244,2,8123.81
812,313,351,3,221689.4
813,314,68,1,2885.59
814,315,351,1,221689.4
815,315,65,3,189259.53
816,316,322,1,130758.24
817,316,380,1,129190.02
818,316,251,2,107136.01
819,316,334,1,146758.91
820,317,360,2,24260.58
821,317,125,2,191668.58
822,317,46,3,118724.75
823,317,244,1,8123.81
824,318,98,3,185562.02
825,319,167,2,17448.92
826,320,141,1,88692.92
827,320,104,1,59275.63
828,320,278,2,146503.31
829,321,357,1,175127.82
830,321,395,3,124226.7
831,321,79,2,117712.55
832,322,178,2,202498.25
833,323,336,2,223256.52
834,323,208,1,58440.67
835,323,374,3,12526.67
836,323,121,3,72624.12
837,324,20,1,182631.87
838,324,3,1,7526.8
839,324,347,1,137186.09
840,324,100,2,196105.0
841,325,160,3,116411.44
842,325,285,3,36376.55
843,326,272,2,62763.18
844,326,366,3,135643.25
845,327,345,1,3634.44
846,327,234,2,134417.8
847,328,208,1,58440.67
848,329,20,1,182631.87
849,329,188,1,35013.84
850,330,387,3,60812.16
851,330,179,2,72910.11
852,331,52,2,193193.24
853,331,210,1,97334.98
854,331,95,1,49700.64
855,331,142,1,85943.57
856,332,97,2,124701.15
857,333,104,3,59275.63
858,333,252,3,186098.96
859,333,214,3,146526.82
860,334,211,2,4061.75
861,334,261,1,79486.07
862,334,97,1,124701.15
863,334,52,3,193193.24
864,335,234,2,134417.8
865,335,57,3,131451.16
866,335,115,3,58008.8
867,335,397,3,37758.94
868,336,32,1,129254.32
869,336,391,3,49496.26
870,336,161,2,98450.34
871,337,236,2,182898.47
872,337,291,1,103671.46
873,337,297,1,67730.03
874,337,213,2,16785.14
875,338,385,1,237554.64
876,338,283,1,89092.71
877,338,52,3,193193.24
878,339,358,1,178348.09
879,339,12,2,25200.8
880,340,327,3,93962.55
881,341,89,2,200852.0
882,341,178,1,202498.25
883,341,222,3,15887.34
884,341,259,3,267553.37
885,342,116,2,93394.61
886,342,147,2,46179.06
887,342,230,2,99627.55
888,342,327,2,93962.55
889,343,8,3,187839.72
890,344,356,1,193708.01
891,344,55,2,63638.65
892,345,360,1,24260.58
893,345,266,3,154737.92
894,345,271,2,39127.12
895,346,40,1,244240.57
896,347,89,2,200852.0
897,347,243,3,37577.05
898,348,22,1,150862.55
899,348,193,1,83074.26
900,348,6,3,136605.61
901,348,150,3,180012.96
902,349,270,1,94124.72
903,349,213,1,16785.14
904,350,164,1,73095.05
905,350,259,2,267553.37
906,351,165,2,75464.21
907,351,345,1,3634.44
908,352,164,2,73095.05
909,353,99,1,67013.23
910,353,96,1,65773.58
911,353,162,2,52286.3
912,354,126,2,176896.18
913,354,50,3,196418.36
914,354,343,1,55072.92
915,355,78,3,197988.01
916,355,383,2,183812.28
917,355,65,3,189259.53
918,356,197,3,155218.93
919,356,29,1,63287.15
920,357,193,1,83074.26
921,357,302,3,127736.26
922,357,365,2,116653.08
923,358,32,1,129254.32
924,359,315,3,92353.85
925,360,334,1,146758.91
926,361,301,2,112144.59
927,361,157,2,91158.49
928,361,259,2,267553.37
929,362,318,1,57516.99
930,362,356,2,193708.01
931,362,297,3,67730.03
932,362,389,1,223901.84
933,363,130,3,169159.49
934,364,322,2,130758.24
935,365,356,1,193708.01
936,365,306,2,17520.5
937,365,316,2,3769.9
938,366,82,1,102874.79
939,367,142,0,85943.57
940,367,198,3,169603.47
941,368,222,2,15887.34
942,368,339,1,10393.21
943,369,93,2,85322.12
944,369,137,3,134221.1
945,370,376,3,204960.25
946,370,10,3,228921.75
947,370,238,2,16422.19
948,371,95,1,49700.64
949,371,338,3,90146.38
950,371,33,2,28473.0
951,371,26,3,38469.74
952,372,305,1,198015.99
953,372,31,2,213222.88
954,373,52,1,193193.24
955,374,14,1,89932.3
956,374,108,3,227064.66
957,374,216,3,65676.87
958,375,294,1,193211.61
959,375,380,3,129190.02
960,375,160,2,116411.44
961,375,130,2,169159.49
962,376,387,1,60812.16
963,376,297,1,67730.03
964,376,212,2,167662.05
965,376,252,2,186098.96
966,377,367,3,228694.37
967,377,151,3,137308.73
968,378,307,2,50519.78
969,378,150,1,180012.96
970,378,376,2,204960.25
971,378,259,1,267553.37
972,379,164,1,73095.05
973,379,173,3,47377.77
974,379,383,1,183812.28
975,380,351,1,221689.4
976,380,94,1,211083.87
977,381,349,1,20709.51
978,381,70,3,92203.48
979,382,126,1,176896.18
980,382,386,2,80116.96
981,382,233,1,208635.04
982,383,107,1,33391.06
983,383,397,1,37758.94
984,383,210,1,97334.98
985,383,180,2,215596.8
986,384,141,3,88692.92
987,385,253,1,146101.92
988,385,389,2,223901.84
989,385,30,1,37942.17
990,386,79,2,117712.55
991,386,88,3,101192.35
992,386,319,3,38726.82
993,386,143,3,187703.44
994,387,148,3,206362.87
995,388,310,1,170497.76
996,388,278,2,146503.31
997,388,72,3,123267.08
998,389,152,1,184290.03
999,389,386,1,80116.96
1000,389,252,2,186098.96
1001,390,87,3,45719.31
1002,390,104,2,59275.63
1003,390,173,2,47377.77
1004,390,223,3,133823.09
1005,391,155,1,48337.64
1006,391,104,3,59275.63
1007,391,61,1,189942.13
1008,391,116,3,93394.61
1009,392,315,2,92353.85
1010,392,26,3,38469.74
1011,392,340,2,165052.47
1012,392,79,1,117712.55
1013,393,8,1,187839.72
1014,393,299,3,203148.18
1015,393,296,3,68855.2
1016,394,89,2,200852.0
1017,394,291,1,103671.46
1018,394,3,1,7526.8
1019,395,389,3,223901.84
1020,395,230,2,99627.55
1021,395,81,1,10899.5
1022,395,36,3,33385.5
1023,396,380,2,129190.02
1024,396,164,1,73095.05
1025,396,202,3,161677.95
1026,397,315,1,92353.85
1027,397,352,3,195040.51
1028,397,141,3,88692.92
1029,397,229,2,20447.16
1030,398,385,2,237554.64
1031,399,203,1,160317.19
1032,399,126,2,176896.18
1033,399,94,3,211083.87
1034,399,17,1,187307.96
1035,400,73,3,226665.36
1036,400,238,1,16422.19
1037,400,349,1,20709.51
1038,401,351,3,221689.4
1039,401,306,3,17520.5
1040,401,234,2,134417.8
1041,401,62,1,47437.51
1042,402,102,2,96364.66
1043,402,19,3,146352.25
1044,402,43,1,114531.37
1045,403,95,1,49700.64
1046,403,8,1,187839.72
1047,403,314,0,53745.02
1048,404,264,1,92901.53
1049,404,46,2,118724.75
1050,404,26,3,38469.74
1051,405,38,3,108041.96
1052,405,9,1,216809.67
1053,406,320,1,172820.69
1054,406,238,3,16422.19
1055,406,86,2,31662.6
1056,406,283,1,89092.71
1057,407,219,2,194332.13
1058,407,89,3,200852.0
1059,407,187,2,48772.65
1060,407,202,2,161677.95
1061,408,135,3,63733.13
1062,409,325,2,76663.93
1063,410,19,2,146352.25
1064,410,161,3,98450.34
1065,411,31,1,213222.88
1066,411,246,3,155067.32
1067,411,386,1,80116.96
1068,411,397,2,37758.94
1069,412,69,3,4305.21
1070,412,314,2,53745.02
1071,413,244,2,8123.81
1072,413,266,3,154737.92
1073,413,239,2,91749.05
1074,414,102,3,96364.66
1075,414,41,3,77155.11
1076,414,82,1,102874.79
1077,414,57,2,131451.16
1078,415,102,3,96364.66
1079,415,169,3,94973.51
1080,415,63,1,159567.98
1081,415,243,2,37577.05
1082,416,393,3,22998.42
1083,416,40,1,244240.57
1084,416,9,1,216809.67
1085,417,79,0,117712.55
1086,418,242,1,51496.32
1087,418,70,1,92203.48
1088,418,83,2,227727.93
1089,419,244,3,8123.81
1090,419,396,3,103196.96
1091,420,325,2,76663.93
1092,420,14,3,89932.3
1093,420,91,2,102944.04
1094,420,168,2,81218.81
1095,421,10,1,228921.75
1096,421,94,2,211083.87
1097,421,236,1,182898.47
1098,421,161,1,98450.34
1099,422,2,2,149267.73
1100,422,139,1,95013.28
1101,423,12,1,25200.8
1102,423,372,1,129635.61
1103,423,47,2,152134.58
1104,424,282,3,44757.51
1105,425,8,2,187839.72
1106,425,341,1,152978.48
1107,426,349,3,20709.51
1108,426,294,2,193211.61
1109,426,187,3,48772.65
1110,427,125,3,191668.58
1111,427,314,3,53745.02
1112,427,274,2,54686.32
1113,427,206,1,126816.6
1114,428,45,3,139853.99
1115,428,89,3,200852.0
1116,428,354,3,33934.36
1117,429,151,1,137308.73
1118,430,93,3,85322.12
1119,430,75,2,109608.7
1120,430,155,3,48337.64
1121,431,66,1,185456.68
1122,432,170,1,36052.22
1123,432,135,2,63733.13
1124,432,298,3,22913.44
1125,433,216,3,65676.87
1126,433,173,2,47377.77
1127,433,20,1,182631.87
1128,434,198,2,169603.47
1129,434,236,3,182898.47
1130,434,17,3,187307.96
1131,434,378,1,257676.08
1132,435,94,3,211083.87
1133,435,310,2,170497.76
1134,436,282,1,44757.51
1135,437,336,2,223256.52
1136,438,42,1,122256.45
1137,439,52,3,193193.24
1138,439,73,2,226665.36
1139,439,53,1,178807.02
1140,439,94,3,211083.87
1141,440,13,3,184860.08
1142,440,151,2,137308.73
1143,441,347,2,137186.09
1144,441,234,2,134417.8
1145,442,351,1,221689.4
1146,442,38,3,108041.96
1147,442,282,2,44757.51
1148,443,104,1,59275.63
1149,443,155,1,48337.64
1150,443,61,2,189942.13
1151,444,179,3,72910.11
1152,444,43,2,114531.37
1153,444,279,1,31093.62
1154,444,322,2,130758.24
1155,445,298,3,22913.44
1156,445,83,3,227727.93
1157,446,297,3,67730.03
1158,447,143,2,187703.44
1159,448,98,1,185562.02
1160,448,73,1,226665.36
1161,448,375,3,31576.35
1162,448,165,1,75464.21
1163,449,276,2,23971.0
1164,449,376,3,204960.25
1165,449,328,1,28340.81
1166,450,228,1,51706.06
1167,450,42,3,122256.45
1168,450,315,3,92353.85
1169,450,93,1,85322.12
1170,451,354,3,33934.36
1171,452,100,1,196105.0
1172,453,55,2,63638.65
1173,453,268,3,163510.92
1174,453,208,2,58440.67
1175,453,322,2,130758.24
1176,454,33,2,28473.0
1177,454,122,2,193564.32
1178,454,308,2,70851.91
1179,454,147,2,46179.06
1180,455,228,1,51706.06
1181,456,294,3,193211.61
1182,457,162,1,52286.3
1183,457,48,3,132286.45
1184,457,349,1,20709.51
1185,458,120,2,146292.08
1186,458,122,3,193564.32
1187,459,125,1,191668.58
1188,459,380,3,129190.02
1189,460,244,1,8123.81
1190,460,270,1,94124.72
1191,461,264,1,92901.53
1192,462,82,2,102874.79
1193,463,285,2,36376.55
1194,463,68,1,2885.59
1195,463,349,1,20709.51
1196,464,177,2,68966.65
1197,465,220,1,107337.51
1198,465,268,2,163510.92
1199,465,295,2,154948.76
1200,465,19,1,146352.25
1201,466,47,2,152134.58
1202,466,210,2,97334.98
1203,466,121,1,72624.12
1204,467,293,2,115807.73
1205,467,220,1,107337.51
1206,467,282,2,44757.51
1207,467,358,2,178348.09
1208,468,229,1,20447.16
1209,468,160,3,116411.44
1210,468,10,2,228921.75
1211,468,53,2,178807.02
1212,469,321,1,157890.36
1213,469,107,1,33391.06
1214,469,100,2,196105.0
1215,470,68,2,2885.59
1216,470,193,1,83074.26
1217,471,46,3,118724.75
1218,471,337,3,139826.06
1219,472,315,3,92353.85
1220,473,285,3,36376.55
1221,473,305,1,198015.99
1222,473,63,3,159567.98
1223,474,107,3,33391.06
1224,475,368,2,209350.37
1225,475,210,2,97334.98
1226,475,308,2,70851.91
1227,476,328,2,28340.81
1228,476,198,1,169603.47
1229,476,105,3,171327.72
1230,476,285,2,36376.55
1231,477,102,1,96364.66
1232,477,233,1,208635.04
1233,477,342,3,176733.9
1234,478,340,3,165052.47
1235,478,67,2,97379.9
1236,478,100,1,196105.0
1237,478,242,3,51496.32
1238,479,108,3,227064.66
1239,479,271,1,39127.12
1240,479,85,3,114181.68
1241,479,353,2,89374.69
1242,480,73,2,226665.36
1243,480,137,3,134221.1
1244,481,187,3,48772.65
1245,482,19,1,146352.25
1246,483,212,3,167662.05
1247,483,313,2,-1000.0
1248,483,13,1,184860.08
1249,484,69,1,4305.21
1250,484,240,2,37718.61
1251,484,368,1,209350.37
1252,484,113,1,195996.61
1253,485,231,1,169920.09
1254,485,285,3,36376.55
1255,485,222,3,15887.34
1256,486,275,2,196237.01
1257,486,378,2,257676.08
1258,486,123,2,130947.34
1259,486,289,3,93894.4
1260,487,312,1,213856.86
1261,487,148,2,206362.87
1262,488,380,1,129190.02
1263,488,88,3,101192.35
1264,488,282,2,44757.51
1265,489,173,2,47377.77
1266,490,285,1,36376.55
1267,490,212,2,167662.05
1268,490,121,3,72624.12
1269,490,234,2,134417.8
1270,491,175,1,48836.92
1271,491,122,2,193564.32
1272,491,338,1,90146.38
1273,492,14,3,89932.3
1274,492,230,3,99627.55
1275,492,308,2,70851.91
1276,492,55,2,63638.65
1277,493,135,1,63733.13
1278,494,250,2,198609.8
1279,494,23,1,113409.53
1280,494,32,2,129254.32
1281,495,190,2,-1000.0
1282,495,265,2,39650.36
1283,496,270,1,94124.72
1284,496,135,3,63733.13
1285,497,59,3,161932.27
1286,497,181,3,166139.86
1287,497,160,3,116411.44
1288,497,147,3,46179.06
1289,498,396,3,103196.96
1290,498,211,3,4061.75
1291,498,156,2,100447.5
1292,499,206,3,126816.6
1293,500,137,1,134221.1
1294,500,378,2,257676.08
1295,501,200,3,133017.26
1296,501,214,3,146526.82
1297,501,343,1,55072.92
1298,502,192,3,43441.24
1299,502,85,2,114181.68
1300,502,267,0,123814.11
1301,503,312,1,213856.86
1302,504,389,3,223901.84
1303,504,386,1,80116.96
1304,504,204,2,188978.74
1305,504,48,1,132286.45
1306,505,42,3,122256.45
1307,506,316,1,3769.9
1308,506,26,3,38469.74
1309,506,178,3,202498.25
1310,506,17,2,187307.96
1311,507,226,1,102863.17
1312,507,330,1,53581.46
1313,507,323,1,27190.12
1314,507,82,2,102874.79
1315,508,376,3,204960.25
1316,508,67,2,97379.9
1317,509,23,3,113409.53
1318,509,231,1,169920.09
1319,509,251,3,107136.01
1320,509,378,0,257676.08
1321,510,98,1,185562.02
1322,510,216,3,65676.87
1323,510,164,3,73095.05
1324,511,351,1,221689.4
1325,511,148,1,206362.87
1326,512,329,3,174721.07
1327,512,14,3,89932.3
1328,513,152,3,184290.03
1329,513,85,1,114181.68
1330,514,322,2,130758.24
1331,514,167,1,17448.92
1332,515,175,1,48836.92
1333,515,155,0,48337.64
1334,516,33,3,28473.0
1335,516,203,3,160317.19
1336,516,380,3,129190.02
1337,516,20,1,182631.87
1338,517,246,1,155067.32
1339,517,291,3,103671.46
1340,517,10,3,228921.75
1341,518,309,3,108356.35
1342,518,260,2,213378.12
1343,519,161,1,98450.34
1344,520,321,2,157890.36
1345,520,128,2,173129.42
1346,520,324,3,88809.05
1347,520,147,1,46179.06
1348,521,148,1,206362.87
1349,521,107,2,33391.06
1350,522,253,2,146101.92
1351,522,51,1,93241.8
1352,522,95,2,49700.64
1353,523,63,3,159567.98
1354,523,274,2,54686.32
1355,524,148,1,206362.87
1356,525,116,2,93394.61
1357,525,198,1,169603.47
1358,526,294,3,193211.61
1359,527,113,3,195996.61
1360,527,353,3,89374.69
1361,527,372,3,129635.61
1362,528,218,1,172588.85
1363,528,331,2,137555.3
1364,528,30,3,37942.17
1365,528,99,2,67013.23
1366,529,28,3,98230.78
1367,529,90,1,223688.38
1368,529,120,2,146292.08
1369,529,185,2,222877.27
1370,530,240,3,37718.61
1371,530,265,3,39650.36
1372,530,253,3,146101.92
1373,531,48,3,132286.45
1374,531,276,1,23971.0
1375,532,90,2,223688.38
1376,533,110,2,49497.28
1377,533,255,2,120947.33
1378,533,246,1,155067.32
1379,533,259,1,267553.37
1380,534,66,2,185456.68
1381,534,154,2,211291.85
1382,534,377,1,127215.62
1383,535,294,1,193211.61
1384,535,185,3,222877.27
1385,535,168,2,81218.81
1386,535,67,3,97379.9
1387,536,170,1,36052.22
1388,537,120,3,146292.08
1389,537,387,1,60812.16
1390,537,57,3,131451.16
1391,538,102,2,96364.66
1392,538,339,2,10393.21
1393,538,121,1,72624.12
1394,539,98,3,185562.02
1395,539,233,2,208635.04
1396,540,102,1,96364.66
1397,540,274,1,54686.32
1398,540,289,3,93894.4
1399,541,78,3,197988.01
1400,541,56,2,153085.38
1401,541,16,3,130664.31
1402,542,168,3,81218.81
1403,542,183,3,182249.1
1404,543,301,3,112144.59
1405,543,309,2,108356.35
1406,543,296,1,68855.2
1407,544,218,1,172588.85
1408,544,216,2,65676.87
1409,544,388,2,256305.09
1410,545,83,3,227727.93
1411,545,378,1,257676.08
1412,545,374,2,12526.67
1413,546,35,0,120078.64
1414,546,72,1,123267.08
1415,546,69,1,4305.21
1416,546,86,3,31662.6
1417,547,289,1,93894.4
1418,548,200,2,133017.26
1419,548,97,2,124701.15
1420,548,337,2,139826.06
1421,548,374,1,12526.67
1422,549,170,1,36052.22
1423,549,79,2,117712.55
1424,549,78,2,197988.01
1425,549,362,0,14481.09
1426,550,316,3,3769.9
1427,551,57,2,131451.16
1428,552,63,2,159567.98
1429,552,10,1,228921.75
1430,552,116,2,93394.61
1431,553,52,2,193193.24
1432,553,373,2,38418.12
1433,553,308,1,70851.91
1434,554,336,3,223256.52
1435,554,97,3,124701.15
1436,554,154,2,211291.85
1437,555,255,3,120947.33
1438,555,145,2,163994.77
1439,555,357,1,175127.82
1440,555,252,1,186098.96
1441,556,90,3,223688.38
1442,556,293,1,115807.73
1443,556,100,1,196105.0
1444,556,98,3,185562.02
1445,557,296,2,68855.2
1446,557,150,2,180012.96
1447,557,113,3,195996.61
1448,557,312,3,213856.86
1449,558,230,3,99627.55
1450,558,239,1,91749.05
1451,558,156,2,100447.5
1452,559,13,3,184860.08
1453,559,105,3,171327.72
1454,559,296,1,68855.2
1455,560,6,1,136605.61
1456,561,8,2,187839.72
1457,561,219,3,194332.13
1458,561,116,2,93394.61
1459,562,187,1,48772.65
1460,562,160,3,116411.44
1461,562,320,3,172820.69
1462,563,223,3,133823.09
1463,564,291,1,103671.46
1464,565,52,3,193193.24
1465,565,329,1,174721.07
1466,565,112,1,3039.37
1467,566,224,2,180566.69
1468,567,94,3,211083.87
1469,567,165,1,75464.21
1470,567,265,1,39650.36
1471,568,87,1,45719.31
1472,569,224,3,180566.69
1473,569,211,2,4061.75
1474,569,33,3,28473.0
1475,570,321,2,157890.36
1476,570,296,3,68855.2
1477,571,126,3,176896.18
1478,572,87,1,45719.31
1479,572,351,3,221689.4
1480,573,380,2,129190.02
1481,573,87,2,45719.31
1482,573,170,3,36052.22
1483,573,154,1,211291.85
1484,574,289,1,93894.4
1485,574,364,2,65746.32
1486,574,116,1,93394.61
1487,575,228,3,51706.06
1488,575,342,2,176733.9
1489,575,97,3,124701.15
1490,575,266,1,154737.92
1491,576,187,3,48772.65
1492,577,223,1,133823.09
1493,577,190,3,-1000.0
1494,578,73,3,226665.36
1495,578,337,2,139826.06
1496,578,318,1,57516.99
1497,578,242,1,51496.32
1498,579,295,2,154948.76
1499,579,122,3,193564.32
1500,579,318,1,57516.99
1501,580,108,1,227064.66
1502,581,342,1,176733.9
1503,581,375,2,31576.35
1504,581,341,2,152978.48
1505,581,15,3,143957.3
1506,582,323,1,27190.12
1507,582,83,1,227727.93
1508,583,97,2,124701.15
1509,583,335,2,62446.33
1510,583,312,3,213856.86
1511,583,185,1,222877.27
1512,584,308,1,70851.91
1513,585,206,2,126816.6
1514,585,94,2,211083.87
1515,585,147,3,46179.06
1516,585,32,3,129254.32
1517,586,120,2,146292.08
1518,586,325,2,76663.93
1519,587,226,2,102863.17
1520,587,268,2,163510.92
1521,587,252,2,186098.96
1522,587,354,1,33934.36
1523,588,76,2,105147.62
1524,588,352,2,195040.51
1525,588,81,2,10899.5
1526,589,334,2,146758.91
1527,589,208,3,58440.67
1528,589,63,2,159567.98
1529,590,128,3,173129.42
1530,590,28,3,98230.78
1531,590,319,1,38726.82
1532,590,132,3,111446.24
1533,591,116,1,93394.61
1534,592,373,3,38418.12
1535,592,211,1,4061.75
1536,592,208,3,58440.67
1537,593,96,2,65773.58
1538,594,53,3,178807.02
1539,594,89,1,200852.0
1540,594,299,1,203148.18
1541,595,293,3,115807.73
1542,596,142,1,85943.57
1543,596,38,1,108041.96
1544,597,303,3,80733.63
1545,597,141,2,88692.92
1546,597,160,2,116411.44
1547,598,357,3,175127.82
1548,598,170,2,36052.22
1549,598,45,3,139853.99
1550,599,150,3,180012.96
1551,599,293,1,115807.73
1552,600,10,1,228921.75
1553,600,151,2,137308.73
1554,600,302,2,127736.26
1555,601,89,3,200852.0
1556,601,168,3,81218.81
1557,601,33,3,28473.0
1558,602,159,3,77121.65
1559,602,302,3,127736.26
1560,603,323,2,27190.12
1561,603,391,3,49496.26
1562,604,20,2,182631.87
1563,604,283,1,89092.71
1564,605,16,1,130664.31
1565,605,123,3,130947.34
1566,605,325,3,76663.93
1567,605,305,2,198015.99
1568,606,231,2,169920.09
1569,606,65,1,189259.53
1570,606,340,1,165052.47
1571,607,385,1,237554.64
1572,608,66,3,185456.68
1573,608,342,2,176733.9
1574,608,178,2,202498.25
1575,609,231,2,169920.09
1576,609,187,3,48772.65
1577,610,181,1,166139.86
1578,610,343,1,55072.92
1579,611,52,1,193193.24
1580,611,395,3,124226.7
1581,611,56,3,153085.38
1582,612,340,2,165052.47
1583,613,160,3,116411.44
1584,613,251,3,107136.01
1585,614,159,2,77121.65
1586,614,297,2,67730.03
1587,614,271,3,39127.12
1588,615,337,3,139826.06
1589,615,372,1,129635.61
1590,615,90,1,223688.38
1591,616,385,2,237554.64
1592,616,250,1,198609.8
1593,617,365,3,116653.08
1594,617,229,2,20447.16
1595,618,180,3,215596.8
1596,618,43,2,114531.37
1597,618,385,3,237554.64
1598,619,276,2,23971.0
1599,619,83,3,227727.93
1600,619,130,2,169159.49
1601,620,202,1,161677.95
1602,621,399,1,117465.54
1603,621,179,1,72910.11
1604,621,3,2,7526.8
1605,622,296,2,68855.2
1606,622,104,3,59275.63
1607,622,185,2,222877.27
1608,623,289,1,93894.4
1609,623,304,1,161992.8
1610,624,304,1,161992.8
1611,624,51,3,93241.8
1612,624,395,2,124226.7
1613,624,210,3,97334.98
1614,625,351,1,221689.4
1615,625,358,1,178348.09
1616,626,301,2,112144.59
1617,626,213,2,16785.14
1618,626,173,2,47377.77
1619,627,123,3,130947.34
1620,627,170,1,36052.22
1621,628,230,2,99627.55
1622,628,376,3,204960.25
1623,628,323,2,27190.12
1624,628,395,3,124226.7
1625,629,164,3,73095.05
1626,630,373,2,38418.12
1627,630,13,3,184860.08
1628,631,129,1,21632.52
1629,632,90,3,223688.38
1630,633,337,2,139826.06
1631,634,239,2,91749.05
1632,634,85,1,114181.68
1633,634,223,2,133823.09
1634,634,25,2,56365.36
1635,635,265,3,39650.36
1636,636,320,3,172820.69
1637,636,128,2,173129.42
1638,636,62,3,47437.51
1639,636,12,1,25200.8
1640,637,379,3,193559.0
1641,637,164,1,73095.05
1642,637,19,2,146352.25
1643,638,339,1,10393.21
1644,639,214,2,146526.82
1645,640,96,3,65773.58
1646,641,87,3,45719.31
1647,641,4,1,114946.67
1648,641,10,3,228921.75
1649,642,110,1,49497.28
1650,642,244,2,8123.81
1651,642,374,1,12526.67
1652,642,125,3,191668.58
1653,643,38,2,108041.96
1654,643,338,1,90146.38
1655,643,179,1,72910.11
1656,644,62,2,47437.51
1657,644,50,1,196418.36
1658,644,264,2,92901.53
1659,644,133,1,75132.07
1660,645,251,2,107136.01
1661,645,267,2,123814.11
1662,646,383,2,183812.28
1663,647,353,3,89374.69
1664,648,10,1,228921.75
1665,648,293,2,115807.73
1666,648,116,1,93394.61
1667,648,208,1,58440.67
1668,649,63,2,159567.98
1669,650,358,2,178348.09
1670,651,268,1,163510.92
1671,651,155,1,48337.64
1672,652,347,2,137186.09
1673,653,89,2,200852.0
1674,653,327,1,93962.55
1675,653,357,3,175127.82
1676,654,365,3,116653.08
1677,654,298,1,22913.44
1678,654,125,1,191668.58
1679,655,299,2,203148.18
1680,656,90,1,223688.38
1681,656,10,3,228921.75
1682,657,82,2,102874.79
1683,658,181,1,166139.86
1684,659,329,2,174721.07
1685,659,25,1,56365.36
1686,660,6,2,136605.61
1687,661,376,3,204960.25
1688,661,398,3,79202.64
1689,661,123,3,130947.34
1690,661,179,1,72910.11
1691,662,365,1,116653.08
1692,662,278,3,146503.31
1693,662,183,2,182249.1
1694,663,274,2,54686.32
1695,663,76,2,105147.62
1696,664,294,3,193211.61
1697,664,316,2,3769.9
1698,665,32,2,129254.32
1699,665,281,2,89826.4
1700,666,160,1,116411.44
1701,666,19,3,146352.25
1702,666,116,3,93394.61
1703,667,327,1,93962.55
1704,667,130,3,169159.49
1705,668,37,1,46157.25
1706,668,84,2,42005.69
1707,668,385,1,237554.64
1708,669,399,3,117465.54
1709,670,257,2,7609.62
1710,671,91,3,102944.04
1711,671,387,2,60812.16
1712,671,337,2,139826.06
1713,672,16,1,130664.31
1714,672,130,1,169159.49
1715,672,137,1,134221.1
1716,673,202,2,161677.95
1717,674,374,2,12526.67
1718,674,170,1,36052.22
1719,674,386,3,80116.96
1720,675,93,2,85322.12
1721,676,15,1,143957.3
1722,677,86,2,31662.6
1723,677,154,3,211291.85
1724,677,23,3,113409.53
1725,678,3,2,7526.8
1726,678,156,2,100447.5
1727,678,356,2,193708.01
1728,678,152,2,184290.03
1729,679,45,2,139853.99
1730,679,36,2,33385.5
1731,679,377,2,127215.62
1732,679,110,1,49497.28
1733,680,261,2,79486.07
1734,680,297,1,67730.03
1735,680,193,0,83074.26
1736,680,239,2,91749.05
1737,681,187,3,48772.65
1738,681,386,2,80116.96
1739,682,81,3,10899.5
1740,682,97,3,124701.15
1741,683,267,2,123814.11
1742,684,105,2,171327.72
1743,684,268,1,163510.92
1744,685,4,2,114946.67
1745,685,231,2,169920.09
1746,685,82,2,102874.79
1747,686,33,3,28473.0
1748,686,336,1,223256.52
1749,686,252,1,186098.96
1750,687,179,2,72910.11
1751,687,162,2,52286.3
1752,687,20,2,182631.87
1753,687,42,3,122256.45
1754,688,270,1,94124.72
1755,688,204,2,188978.74
1756,688,185,3,222877.27
1757,689,187,1,48772.65
1758,689,63,3,159567.98
1759,690,14,1,89932.3
1760,690,110,1,49497.28
1761,690,223,2,133823.09
1762,691,110,1,49497.28
1763,691,224,3,180566.69
1764,691,318,1,57516.99
1765,692,230,1,99627.55
1766,693,364,3,65746.32
1767,693,228,2,51706.06
1768,693,264,2,92901.53
1769,693,289,3,93894.4
1770,694,203,1,160317.19
1771,694,165,3,75464.21
1772,694,59,1,161932.27
1773,694,347,2,137186.09
1774,695,253,3,146101.92
1775,696,38,2,108041.96
1776,696,26,2,38469.74
1777,696,335,2,62446.33
1778,696,104,1,59275.63
1779,697,88,1,101192.35
1780,697,220,1,107337.51
1781,697,41,2,77155.11
1782,698,248,1,181994.22
1783,699,123,2,130947.34
1784,700,95,2,49700.64
1785,700,313,3,-1000.0
1786,700,48,1,132286.45
1787,700,38,3,108041.96
1788,701,341,3,152978.48
1789,702,223,3,133823.09
1790,702,299,1,203148.18
1791,702,159,2,77121.65
1792,702,356,3,193708.01
1793,703,14,2,89932.3
1794,703,128,1,173129.42
1795,703,312,1,213856.86
1796,703,270,1,94124.72
1797,704,13,3,184860.08
1798,704,381,2,176980.96
1799,704,312,3,213856.86
1800,705,112,1,3039.37
1801,706,261,3,79486.07
1802,706,376,1,204960.25
1803,706,391,1,49496.26
1804,706,375,3,31576.35
1805,707,357,2,175127.82
1806,707,287,3,22255.08
1807,708,94,3,211083.87
1808,708,143,3,187703.44
1809,708,352,3,195040.51
1810,709,342,1,176733.9
1811,709,224,2,180566.69
1812,709,13,3,184860.08
1813,709,70,3,92203.48
1814,710,324,1,88809.05
1815,710,202,1,161677.95
1816,710,108,2,227064.66
1817,711,110,1,49497.28
1818,711,291,2,103671.46
1819,711,19,2,146352.25
1820,711,88,1,101192.35
1821,712,246,2,155067.32
1822,713,373,2,38418.12
1823,713,239,1,91749.05
1824,713,257,0,7609.62
1825,714,29,3,63287.15
1826,715,75,2,109608.7
1827,716,352,1,195040.51
1828,717,379,1,193559.0
1829,718,43,1,114531.37
1830,718,220,3,107337.51
1831,718,37,3,46157.25
1832,719,351,1,221689.4
1833,719,182,3,35037.64
1834,720,139,3,95013.28
1835,720,152,1,184290.03
1836,720,376,1,204960.25
1837,721,337,3,139826.06
1838,721,151,3,137308.73
1839,721,301,3,112144.59
1840,722,79,1,117712.55
1841,722,307,3,50519.78
1842,722,330,2,53581.46
1843,723,123,2,130947.34
1844,723,155,2,48337.64
1845,723,386,2,80116.96
1846,723,287,2,22255.08
1847,724,23,3,113409.53
1848,724,78,3,197988.01
1849,724,31,1,213222.88
1850,724,170,2,36052.22
1851,725,312,3,213856.86
1852,726,50,2,196418.36
1853,726,169,3,94973.51
1854,727,253,3,146101.92
1855,727,125,2,191668.58
1856,727,262,2,111472.85
1857,727,318,0,57516.99
1858,728,100,2,196105.0
1859,729,84,3,42005.69
1860,729,122,1,193564.32
1861,730,152,2,184290.03
1862,730,41,1,77155.11
1863,731,295,1,154948.76
1864,732,244,3,8123.81
1865,732,90,2,223688.38
1866,732,338,1,90146.38
1867,732,340,1,165052.47
1868,733,154,2,211291.85
1869,733,147,3,46179.06
1870,734,23,1,113409.53
1871,734,107,1,33391.06
1872,734,29,2,63287.15
1873,734,222,2,15887.34
1874,735,130,1,169159.49
1875,735,383,3,183812.28
1876,735,312,3,213856.86
1877,735,88,3,101192.35
1878,736,73,2,226665.36
1879,737,97,2,124701.15
1880,737,248,1,181994.22
1881,737,69,2,4305.21
1882,737,238,3,16422.19
1883,738,98,1,185562.02
1884,738,90,1,223688.38
1885,739,328,3,28340.81
1886,739,220,2,107337.51
1887,739,304,2,161992.8
1888,740,214,1,146526.82
1889,740,271,2,39127.12
1890,740,206,3,126816.6
1891,740,314,3,53745.02
1892,741,51,2,93241.8
1893,741,375,2,31576.35
1894,742,145,2,163994.77
1895,743,373,1,38418.12
1896,743,68,1,2885.59
1897,743,12,1,25200.8
1898,744,43,3,114531.37
1899,745,181,1,166139.86
1900,745,309,1,108356.35
1901,745,358,3,178348.09
1902,745,13,3,184860.08
1903,746,226,2,102863.17
1904,746,248,2,181994.22
1905,746,218,1,172588.85
1906,746,229,3,20447.16
1907,747,105,1,171327.72
1908,747,175,3,48836.92
1909,747,315,2,92353.85
1910,748,366,1,135643.25
1911,748,376,3,204960.25
1912,748,47,3,152134.58
1913,749,137,2,134221.1
1914,750,122,2,193564.32
1915,751,22,1,150862.55
1916,752,33,2,28473.0
1917,753,276,1,23971.0
1918,753,262,2,111472.85
1919,754,69,2,4305.21
1920,754,23,2,113409.53
1921,754,251,1,107136.01
1922,754,257,1,7609.62
1923,755,42,3,122256.45
1924,755,304,2,161992.8
1925,755,228,1,51706.06
1926,756,210,1,97334.98
1927,756,61,3,189942.13
1928,756,370,2,29783.24
1929,757,399,1,117465.54
1930,757,172,3,156618.46
1931,758,226,3,102863.17
1932,758,378,2,257676.08
1933,758,303,3,80733.63
1934,758,156,2,100447.5
1935,759,354,1,33934.36
1936,759,224,3,180566.69
1937,759,261,3,79486.07
1938,759,147,2,46179.06
1939,760,259,3,267553.37
1940,760,68,1,2885.59
1941,760,312,1,213856.86
1942,760,234,3,134417.8
1943,761,296,1,68855.2
1944,761,147,1,46179.06
1945,761,120,1,146292.08
1946,762,399,2,117465.54
1947,762,123,1,130947.34
1948,762,94,3,211083.87
1949,763,265,3,39650.36
1950,763,236,1,182898.47
1951,763,393,2,22998.42
1952,763,239,2,91749.05
1953,764,200,1,133017.26
1954,764,160,3,116411.44
1955,764,255,2,120947.33
1956,764,157,1,91158.49
1957,765,132,1,111446.24
1958,765,265,2,39650.36
1959,766,29,1,63287.15
1960,766,47,3,152134.58
1961,766,112,1,3039.37
1962,766,210,3,97334.98
1963,767,233,3,208635.04
1964,767,362,1,14481.09
1965,768,169,1,94973.51
1966,768,9,3,216809.67
1967,768,85,3,114181.68
1968,769,25,2,56365.36
1969,769,86,3,31662.6
1970,769,28,3,98230.78
1971,769,377,1,127215.62
1972,770,379,2,193559.0
1973,771,83,1,227727.93
1974,771,59,3,161932.27
1975,772,4,3,114946.67
1976,772,266,3,154737.92
1977,772,368,1,209350.37
1978,773,314,3,53745.02
1979,774,204,1,188978.74
1980,775,161,2,98450.34
1981,776,62,3,47437.51
1982,777,343,2,55072.92
1983,778,276,2,23971.0
1984,778,223,3,133823.09
1985,779,358,3,178348.09
1986,779,65,3,189259.53
1987,779,253,1,146101.92
1988,779,231,1,169920.09
1989,780,19,3,146352.25
1990,780,156,1,100447.5
1991,780,180,3,215596.8
1992,780,175,2,48836.92
1993,781,305,2,198015.99
1994,781,304,1,161992.8
1995,781,230,1,99627.55
1996,781,295,3,154948.76
1997,782,10,2,228921.75
1998,782,190,1,-1000.0
1999,783,31,3,213222.88
2000,783,339,3,10393.21
2001,783,253,2,146101.92
2002,784,169,3,94973.51
2003,784,61,1,189942.13
2004,784,95,3,49700.64
2005,785,291,1,103671.46
2006,785,108,2,227064.66
2007,786,97,2,124701.15
2008,786,145,2,163994.77
2009,786,375,1,31576.35
2010,787,387,2,60812.16
2011,787,296,3,68855.2
2012,787,304,1,161992.8
2013,787,319,3,38726.82
2014,788,182,2,35037.64
2015,789,322,2,130758.24
2016,789,210,2,97334.98
2017,789,287,1,22255.08
2018,789,89,1,200852.0
2019,790,306,1,17520.5
2020,790,137,1,134221.1
2021,790,378,1,257676.08
2022,791,379,2,193559.0
2023,791,38,3,108041.96
2024,792,378,2,257676.08
2025,792,289,1,93894.4
2026,792,295,1,154948.76
2027,792,271,3,39127.12
2028,793,100,2,196105.0
2029,793,45,3,139853.99
2030,793,226,3,102863.17
2031,794,231,3,169920.09
2032,794,299,1,203148.18
2033,794,301,1,112144.59
2034,795,160,2,116411.44
2035,795,211,2,4061.75
2036,795,187,3,48772.65
2037,796,141,3,88692.92
2038,796,374,3,12526.67
2039,796,128,1,173129.42
2040,797,42,2,122256.45
2041,797,337,1,139826.06
2042,797,178,3,202498.25
2043,797,259,2,267553.37
2044,798,210,2,97334.98
2045,798,76,1,105147.62
2046,798,105,3,171327.72
2047,798,62,1,47437.51
2048,799,234,2,134417.8
2049,799,329,1,174721.07
2050,800,69,2,4305.21
2051,800,303,2,80733.63
2052,800,278,3,146503.31
2053,801,173,1,47377.77
2054,802,268,3,163510.92
2055,802,162,2,52286.3
2056,803,298,2,22913.44
2057,804,13,2,184860.08
2058,804,306,1,17520.5
2059,804,360,2,24260.58
2060,805,309,2,108356.35
2061,805,325,2,76663.93
2062,805,161,2,98450.34
2063,806,52,3,193193.24
2064,806,183,1,182249.1
2065,806,164,1,73095.05
2066,807,154,3,211291.85
2067,807,4,3,114946.67
2068,808,374,2,12526.67
2069,808,20,3,182631.87
2070,808,266,2,154737.92
2071,808,314,2,53745.02
2072,809,377,2,127215.62
2073,809,121,3,72624.12
2074,809,56,1,153085.38
2075,810,25,1,56365.36
2076,811,65,0,189259.53
2077,812,280,3,154590.14
2078,812,16,3,130664.31
2079,813,238,2,16422.19
2080,813,172,1,156618.46
2081,814,226,2,102863.17
2082,814,307,3,50519.78
2083,814,365,3,116653.08
2084,814,82,3,102874.79
2085,815,53,1,178807.02
2086,815,297,3,67730.03
2087,816,230,1,99627.55
2088,816,294,2,193211.61
2089,817,62,2,47437.51
2090,817,261,1,79486.07
2091,817,377,2,127215.62
2092,817,48,3,132286.45
2093,818,310,1,170497.76
2094,818,224,3,180566.69
2095,819,42,1,122256.45
2096,819,15,2,143957.3
2097,819,90,2,223688.38
2098,820,271,3,39127.12
2099,820,40,3,244240.57
2100,821,296,3,68855.2
2101,821,271,2,39127.12
2102,821,181,3,166139.86
2103,821,185,1,222877.27
2104,822,143,3,187703.44
2105,823,219,2,194332.13
2106,823,129,3,21632.52
2107,823,238,3,16422.19
2108,824,220,2,107337.51
2109,824,8,3,187839.72
2110,825,257,1,7609.62
2111,825,22,3,150862.55
2112,825,335,3,62446.33
2113,825,370,3,29783.24
2114,826,345,1,3634.44
2115,826,35,3,120078.64
2116,826,399,2,117465.54
2117,827,125,2,191668.58
2118,828,285,3,36376.55
2119,828,337,2,139826.06
2120,828,204,2,188978.74
2121,828,70,3,92203.48
2122,829,35,3,120078.64
2123,830,63,1,159567.98
2124,830,367,3,228694.37
2125,830,178,1,202498.25
2126,830,281,2,89826.4
2127,831,47,3,152134.58
2128,831,373,3,38418.12
2129,831,19,1,146352.25
2130,832,115,3,58008.8
2131,832,299,1,203148.18
2132,832,267,2,123814.11
2133,833,169,1,94973.51
2134,834,141,1,88692.92
2135,834,219,3,194332.13
2136,834,238,2,16422.19
2137,834,278,3,146503.31
2138,835,266,2,154737.92
2139,835,62,3,47437.51
2140,835,252,2,186098.96
2141,835,190,3,-1000.0
2142,836,133,3,75132.07
2143,836,372,1,129635.61
2144,836,73,1,226665.36
2145,836,59,3,161932.27
2146,837,279,1,31093.62
2147,838,243,3,37577.05
2148,839,48,3,132286.45
2149,839,4,1,114946.67
2150,839,393,2,22998.42
2151,839,338,2,90146.38
2152,840,148,1,206362.87
2153,840,358,3,178348.09
2154,840,354,1,33934.36
2155,841,268,2,163510.92
2156,841,289,3,93894.4
2157,841,112,1,3039.37
2158,841,285,0,36376.55
2159,842,113,3,195996.61
2160,842,169,3,94973.51
2161,842,41,1,77155.11
2162,843,22,2,150862.55
2163,843,82,3,102874.79
2164,844,391,2,49496.26
2165,844,35,3,120078.64
2166,844,125,2,191668.58
2167,844,59,1,161932.27
2168,845,52,1,193193.24
2169,845,375,3,31576.35
2170,845,198,3,169603.47
2171,846,185,3,222877.27
2172,846,224,2,180566.69
2173,847,226,2,102863.17
2174,847,17,2,187307.96
2175,848,313,3,-1000.0
2176,848,50,2,196418.36
2177,848,116,3,93394.61
2178,848,78,1,197988.01
2179,849,139,3,95013.28
2180,849,61,2,189942.13
2181,849,125,3,191668.58
2182,850,302,3,127736.26
2183,850,398,2,79202.64
2184,850,16,0,130664.31
2185,851,255,1,120947.33
2186,851,387,3,60812.16
2187,851,45,3,139853.99
2188,851,260,2,213378.12
2189,852,133,2,75132.07
2190,853,13,2,184860.08
2191,853,93,2,85322.12
2192,853,41,2,77155.11
2193,853,43,2,114531.37
2194,854,208,2,58440.67
2195,855,397,2,37758.94
2196,855,9,2,216809.67
2197,856,148,3,206362.87
2198,856,198,1,169603.47
2199,857,253,2,146101.92
2200,857,156,3,100447.5
2201,858,128,2,173129.42
2202,858,105,2,171327.72
2203,859,370,2,29783.24
2204,859,226,3,102863.17
2205,859,291,3,103671.46
2206,859,266,3,154737.92
2207,860,236,1,182898.47
2208,860,45,1,139853.99
2209,860,366,2,135643.25
2210,860,362,2,14481.09
2211,861,52,3,193193.24
2212,861,120,1,146292.08
2213,861,322,2,130758.24
2214,861,218,3,172588.85
2215,862,252,3,186098.96
2216,862,45,1,139853.99
2217,863,341,1,152978.48
2218,863,321,2,157890.36
2219,863,381,3,176980.96
2220,863,364,1,65746.32
2221,864,57,3,131451.16
2222,865,173,2,47377.77
2223,865,262,2,111472.85
2224,865,172,1,156618.46
2225,866,316,1,3769.9
2226,866,147,3,46179.06
2227,866,110,1,49497.28
2228,866,135,1,63733.13
2229,867,121,2,72624.12
2230,868,30,2,37942.17
2231,869,38,1,108041.96
2232,870,294,1,193211.61
2233,870,120,3,146292.08
2234,870,343,3,55072.92
2235,871,398,3,79202.64
2236,871,340,1,165052.47
2237,872,143,3,187703.44
2238,872,387,3,60812.16
2239,873,137,2,134221.1
2240,873,107,1,33391.06
2241,873,278,2,146503.31
2242,873,202,3,161677.95
2243,874,265,2,39650.36
2244,875,351,3,221689.4
2245,875,244,3,8123.81
2246,876,121,2,72624.12
2247,877,226,2,102863.17
2248,877,234,3,134417.8
2249,878,366,1,135643.25
2250,878,239,1,91749.05
2251,879,365,2,116653.08
2252,879,234,1,134417.8
2253,880,274,2,54686.32
2254,880,222,1,15887.34
2255,880,364,3,65746.32
2256,881,299,1,203148.18
2257,881,261,2,79486.07
2258,881,69,1,4305.21
2259,882,330,3,53581.46
2260,883,336,1,223256.52
2261,883,63,2,159567.98
2262,883,213,1,16785.14
2263,884,175,2,48836.92
2264,884,135,1,63733.13
2265,884,340,3,165052.47
2266,885,240,3,37718.61
2267,885,329,3,174721.07
2268,886,6,2,136605.61
2269,887,383,1,183812.28
2270,887,115,3,58008.8
2271,888,310,1,170497.76
2272,888,370,1,29783.24
2273,889,192,3,43441.24
2274,889,36,1,33385.5
2275,889,147,1,46179.06
2276,889,125,3,191668.58
2277,890,366,2,135643.25
2278,890,307,2,50519.78
2279,890,297,2,67730.03
2280,891,343,2,55072.92
2281,891,2,3,149267.73
2282,891,31,1,213222.88
2283,891,28,1,98230.78
2284,892,378,1,257676.08
2285,892,143,1,187703.44
2286,893,319,3,38726.82
2287,893,108,3,227064.66
2288,893,324,3,88809.05
2289,894,272,3,62763.18
2290,894,240,2,37718.61
2291,894,25,3,56365.36
2292,894,335,3,62446.33
2293,895,253,2,146101.92
2294,896,354,1,33934.36
2295,897,110,2,49497.28
2296,897,279,2,31093.62
2297,897,362,2,14481.09
2298,897,22,1,150862.55
2299,898,244,2,8123.81
2300,898,248,2,181994.22
2301,898,296,2,68855.2
2302,898,377,2,127215.62
2303,899,276,1,23971.0
2304,899,157,2,91158.49
2305,900,381,1,176980.96
2306,900,233,2,208635.04
2307,900,120,1,146292.08
2308,900,306,3,17520.5
2309,901,251,3,107136.01
2310,901,180,1,215596.8
2311,902,192,1,43441.24
2312,902,325,1,76663.93
2313,903,40,1,244240.57
2314,903,195,2,92189.19
2315,903,28,1,98230.78
2316,903,48,2,132286.45
2317,904,192,2,43441.24
2318,905,268,1,163510.92
2319,905,8,3,187839.72
2320,905,33,1,28473.0
2321,905,48,2,132286.45
2322,906,380,2,129190.02
2323,906,373,2,38418.12
2324,906,248,3,181994.22
2325,906,188,3,35013.84
2326,907,228,3,51706.06
2327,908,353,2,89374.69
2328,908,36,3,33385.5
2329,908,349,2,20709.51
2330,908,81,3,10899.5
2331,909,150,3,180012.96
2332,909,214,2,146526.82
2333,909,79,3,117712.55
2334,910,45,3,139853.99
2335,910,321,2,157890.36
2336,910,162,1,52286.3
2337,911,391,2,49496.26
2338,911,342,3,176733.9
2339,911,17,2,187307.96
2340,912,97,1,124701.15
2341,912,99,2,67013.23
2342,912,328,2,28340.81
2343,912,216,2,65676.87
2344,913,67,2,97379.9
2345,913,388,1,256305.09
2346,914,108,3,227064.66
2347,914,46,2,118724.75
2348,914,12,1,25200.8
2349,915,15,3,143957.3
2350,916,72,2,123267.08
2351,916,343,3,55072.92
2352,916,313,3,-1000.0
2353,916,393,1,22998.42
2354,917,121,3,72624.12
2355,917,255,1,120947.33
2356,918,367,3,228694.37
2357,918,63,2,159567.98
2358,918,313,1,-1000.0
2359,919,252,2,186098.96
2360,919,169,2,94973.51
2361,919,35,3,120078.64
2362,919,360,3,24260.58
2363,920,35,1,120078.64
2364,920,228,1,51706.06
2365,920,147,3,46179.06
2366,921,105,1,171327.72
2367,922,347,1,137186.09
2368,922,66,1,185456.68
2369,923,313,2,-1000.0
2370,923,19,2,146352.25
2371,923,352,1,195040.51
2372,923,343,2,55072.92
2373,924,156,2,100447.5
2374,924,373,3,38418.12
2375,924,59,1,161932.27
2376,924,148,1,206362.87
2377,925,298,3,22913.44
2378,926,388,3,256305.09
2379,927,90,3,223688.38
2380,927,62,2,47437.51
2381,927,185,3,222877.27
2382,927,70,3,92203.48
2383,928,100,2,196105.0
2384,928,50,2,196418.36
2385,929,324,2,88809.05
2386,929,129,3,21632.52
2387,929,100,3,196105.0
2388,929,110,2,49497.28
2389,930,391,1,49496.26
2390,930,233,3,208635.04
2391,930,299,2,203148.18
2392,930,340,2,165052.47
2393,931,55,1,63638.65
2394,932,332,2,247371.04
2395,932,45,3,139853.99
2396,932,157,3,91158.49
2397,933,319,1,38726.82
2398,933,175,3,48836.92
2399,933,248,3,181994.22
2400,933,137,1,134221.1
2401,934,246,3,155067.32
2402,934,323,1,27190.12
2403,934,125,1,191668.58
2404,934,72,1,123267.08
2405,935,200,2,133017.26
2406,935,261,1,79486.07
2407,936,374,3,12526.67
2408,936,389,2,223901.84
2409,936,195,1,92189.19
2410,937,274,2,54686.32
2411,937,339,3,10393.21
2412,937,108,3,227064.66
2413,937,368,2,209350.37
2414,938,132,3,111446.24
2415,938,365,3,116653.08
2416,938,12,3,25200.8
2417,939,244,3,8123.81
2418,940,142,1,85943.57
2419,940,168,3,81218.81
2420,940,312,1,213856.86
2421,941,307,2,50519.78
2422,942,72,2,123267.08
2423,942,83,2,227727.93
2424,942,357,3,175127.82
2425,942,322,3,130758.24
2426,943,160,2,116411.44
2427,944,399,2,117465.54
2428,945,203,1,160317.19
2429,945,73,2,226665.36
2430,946,198,1,169603.47
2431,947,181,2,166139.86
2432,947,10,3,228921.75
2433,947,26,1,38469.74
2434,948,299,2,203148.18
2435,948,386,3,80116.96
2436,949,157,2,91158.49
2437,949,95,3,49700.64
2438,950,123,2,130947.34
2439,951,25,2,56365.36
2440,951,178,2,202498.25
2441,952,161,1,98450.34
2442,952,32,2,129254.32
2443,953,396,3,103196.96
2444,954,204,1,188978.74
2445,954,301,2,112144.59
2446,955,41,2,77155.11
2447,955,100,3,196105.0
2448,956,94,2,211083.87
2449,956,36,3,33385.5
2450,956,175,2,48836.92
2451,956,391,1,49496.26
2452,957,151,2,137308.73
2453,957,340,2,165052.47
2454,957,40,2,244240.57
2455,957,267,3,123814.11
2456,958,388,2,256305.09
2457,958,220,1,107337.51
2458,958,14,3,89932.3
2459,959,281,2,89826.4
2460,959,312,1,213856.86
2461,959,360,1,24260.58
2462,959,319,1,38726.82
2463,960,206,1,126816.6
2464,961,161,2,98450.34
2465,961,2,1,149267.73
2466,961,322,2,130758.24
2467,962,88,2,101192.35
2468,962,271,1,39127.12
2469,962,110,1,49497.28
2470,963,195,1,92189.19
2471,964,391,2,49496.26
2472,965,97,3,124701.15
2473,965,31,2,213222.88
2474,965,240,1,37718.61
2475,965,264,1,92901.53
2476,966,398,2,79202.64
2477,967,180,1,215596.8
2478,968,279,3,31093.62
2479,968,386,2,80116.96
2480,968,252,3,186098.96
2481,969,378,2,257676.08
2482,969,179,2,72910.11
2483,969,159,1,77121.65
2484,970,320,2,172820.69
2485,970,84,1,42005.69
2486,970,177,3,68966.65
2487,971,142,3,85943.57
2488,971,252,2,186098.96
2489,972,116,3,93394.61
2490,973,123,3,130947.34
2491,973,343,2,55072.92
2492,973,90,3,223688.38
2493,974,387,3,60812.16
2494,975,226,1,102863.17
2495,975,132,2,111446.24
2496,975,48,1,132286.45
2497,975,239,2,91749.05
2498,976,279,2,31093.62
2499,977,154,1,211291.85
2500,977,143,2,187703.44
2501,978,236,2,182898.47
2502,978,223,3,133823.09
2503,979,78,2,197988.01
2504,979,236,3,182898.47
2505,979,133,1,75132.07
2506,979,83,2,227727.93
2507,980,165,2,75464.21
2508,981,332,2,247371.04
2509,981,334,2,146758.91
2510,981,152,1,184290.03
2511,981,310,2,170497.76
2512,982,100,1,196105.0
2513,982,366,3,135643.25
2514,982,296,1,68855.2
2515,982,316,1,3769.9
2516,983,398,2,79202.64
2517,984,274,1,54686.32
2518,985,262,3,111472.85
2519,985,169,2,94973.51
2520,986,181,3,166139.86
2521,986,82,1,102874.79
2522,987,334,2,146758.91
2523,987,69,2,4305.21
2524,987,185,1,222877.27
2525,988,377,1,127215.62
2526,988,89,2,200852.0
2527,989,351,1,221689.4
2528,990,17,2,187307.96
2529,990,68,1,2885.59
2530,990,147,3,46179.06
2531,990,104,2,59275.63
2532,991,100,2,196105.0
2533,991,43,1,114531.37
2534,991,177,3,68966.65
2535,992,240,1,37718.61
2536,992,112,1,3039.37
2537,992,385,1,237554.64
2538,992,365,2,116653.08
2539,993,90,1,223688.38
2540,993,387,1,60812.16
2541,993,257,1,7609.62
2542,993,183,2,182249.1
2543,994,159,2,77121.65
2544,994,84,2,42005.69
2545,994,280,1,154590.14
2546,994,358,2,178348.09
2547,995,230,3,99627.55
2548,995,168,3,81218.81
2549,995,360,3,24260.58
2550,996,365,3,116653.08
2551,996,222,3,15887.34
2552,996,110,2,49497.28
2553,996,356,3,193708.01
2554,997,271,1,39127.12
2555,998,307,3,50519.78
2556,998,69,3,4305.21
2557,998,297,2,67730.03
2558,998,395,3,124226.7
2559,999,295,2,154948.76
2560,999,63,2,159567.98
2561,1000,41,2,77155.11
2562,1000,231,2,169920.09
2563,1001,51,3,93241.8
2564,1002,303,3,80733.63
2565,1002,340,2,165052.47
2566,1002,257,0,7609.62
2567,1003,137,2,134221.1
2568,1003,126,1,176896.18
2569,1004,289,1,93894.4
2570,1004,351,2,221689.4
2571,1004,248,3,181994.22
2572,1005,236,3,182898.47
2573,1005,216,1,65676.87
2574,1005,211,2,4061.75
2575,1005,360,3,24260.58
2576,1006,379,1,193559.0
2577,1007,157,2,91158.49
2578,1007,349,3,20709.51
2579,1007,188,1,35013.84
2580,1008,84,1,42005.69
2581,1008,236,3,182898.47
2582,1008,343,1,55072.92
2583,1009,389,3,223901.84
2584,1009,362,1,14481.09
2585,1009,399,2,117465.54
2586,1010,107,1,33391.06
2587,1011,128,2,173129.42
2588,1011,340,3,165052.47
2589,1012,16,2,130664.31
2590,1012,314,1,53745.02
2591,1013,381,1,176980.96
2592,1013,251,1,107136.01
2593,1014,331,1,137555.3
2594,1014,2,1,149267.73
2595,1015,377,2,127215.62
2596,1015,391,3,49496.26
2597,1015,133,3,75132.07
2598,1015,6,1,136605.61
2599,1016,224,2,180566.69
2600,1016,89,2,200852.0
2601,1016,220,2,107337.51
2602,1017,387,3,60812.16
2603,1017,366,3,135643.25
2604,1018,100,1,196105.0
2605,1019,200,3,133017.26
2606,1019,352,1,195040.51
2607,1019,174,3,117478.08
2608,1020,152,2,184290.03
2609,1020,30,3,37942.17
2610,1020,93,1,85322.12
2611,1020,148,2,206362.87
2612,1021,42,2,122256.45
2613,1021,68,1,2885.59
2614,1021,265,1,39650.36
2615,1021,299,2,203148.18
2616,1022,248,1,181994.22
2617,1022,154,3,211291.85
2618,1023,262,2,111472.85
2619,1023,220,1,107337.51
2620,1024,75,1,109608.7
2621,1024,40,3,244240.57
2622,1025,67,3,97379.9
2623,1026,40,2,244240.57
2624,1026,226,1,102863.17
2625,1026,162,2,52286.3
2626,1026,137,1,134221.1
2627,1027,83,3,227727.93
2628,1027,347,3,137186.09
2629,1028,26,1,38469.74
2630,1028,342,2,176733.9
2631,1028,291,3,103671.46
2632,1029,46,3,118724.75
2633,1029,91,2,102944.04
2634,1029,170,2,36052.22
2635,1029,96,2,65773.58
2636,1030,323,1,27190.12
2637,1031,218,1,172588.85
2638,1031,302,1,127736.26
2639,1031,28,2,98230.78
2640,1031,266,2,154737.92
2641,1032,99,2,67013.23
2642,1032,55,3,63638.65
2643,1033,61,2,189942.13
2644,1033,324,2,88809.05
2645,1034,86,1,31662.6
2646,1034,185,2,222877.27
2647,1035,104,2,59275.63
2648,1035,40,1,244240.57
2649,1036,343,2,55072.92
2650,1036,170,2,36052.22
2651,1037,379,3,193559.0
2652,1038,367,2,228694.37
2653,1039,29,3,63287.15
2654,1039,4,1,114946.67
2655,1039,13,3,184860.08
2656,1039,128,3,173129.42
2657,1040,94,3,211083.87
2658,1040,351,2,221689.4
2659,1040,323,2,27190.12
2660,1040,120,1,146292.08
2661,1041,349,2,20709.51
2662,1041,55,2,63638.65
2663,1042,276,1,23971.0
2664,1042,234,2,134417.8
2665,1043,308,1,70851.91
2666,1043,373,3,38418.12
2667,1043,83,1,227727.93
2668,1043,157,1,91158.49
2669,1044,206,3,126816.6
2670,1044,72,1,123267.08
2671,1045,228,2,51706.06
2672,1046,61,1,189942.13
2673,1046,352,1,195040.51
2674,1046,185,3,222877.27
2675,1046,267,3,123814.11
2676,1047,182,2,35037.64
2677,1047,302,2,127736.26
2678,1047,192,2,43441.24
2679,1047,123,3,130947.34
2680,1048,253,1,146101.92
2681,1048,161,2,98450.34
2682,1049,151,2,137308.73
2683,1050,397,3,37758.94
2684,1050,229,1,20447.16
2685,1051,349,3,20709.51
2686,1051,329,2,174721.07
2687,1051,266,1,154737.92
2688,1051,305,3,198015.99
2689,1052,315,3,92353.85
2690,1052,88,2,101192.35
2691,1053,112,2,3039.37
2692,1053,306,1,17520.5
2693,1053,4,2,114946.67
2694,1054,179,3,72910.11
2695,1054,168,3,81218.81
2696,1054,96,2,65773.58
2697,1055,293,3,115807.73
2698,1055,66,2,185456.68
2699,1056,291,3,103671.46
2700,1056,320,1,172820.69
2701,1056,335,2,62446.33
2702,1056,78,3,197988.01
2703,1057,336,2,223256.52
2704,1058,98,3,185562.02
2705,1058,279,2,31093.62
2706,1058,88,1,101192.35
2707,1059,20,3,182631.87
2708,1059,278,1,146503.31
2709,1059,303,1,80733.63
2710,1059,356,1,193708.01
2711,1060,123,1,130947.34
2712,1060,386,1,80116.96
2713,1061,78,3,197988.01
2714,1061,29,1,63287.15
2715,1061,98,1,185562.02
2716,1062,265,3,39650.36
2717,1062,377,2,127215.62
2718,1062,59,1,161932.27
2719,1063,195,2,92189.19
2720,1063,100,3,196105.0
2721,1063,349,1,20709.51
2722,1064,250,2,198609.8
2723,1065,48,2,132286.45
2724,1065,65,3,189259.53
2725,1066,342,3,176733.9
2726,1066,299,2,203148.18
2727,1066,38,1,108041.96
2728,1066,254,2,100631.14
2729,1067,220,3,107337.51
2730,1068,397,1,37758.94
2731,1068,56,2,153085.38
2732,1069,133,1,75132.07
2733,1069,240,3,37718.61
2734,1069,295,2,154948.76
2735,1069,94,2,211083.87
2736,1070,50,3,196418.36
2737,1071,93,1,85322.12
2738,1071,374,3,12526.67
2739,1071,295,1,154948.76
2740,1072,308,2,70851.91
2741,1072,374,1,12526.67
2742,1072,183,1,182249.1
2743,1073,137,2,134221.1
2744,1073,282,1,44757.51
2745,1074,349,1,20709.51
2746,1074,380,2,129190.02
2747,1074,244,3,8123.81
2748,1074,41,1,77155.11
2749,1075,122,2,193564.32
2750,1075,314,1,53745.02
2751,1075,52,2,193193.24
2752,1075,233,1,208635.04
2753,1076,314,1,53745.02
2754,1076,79,2,117712.55
2755,1077,26,1,38469.74
2756,1077,10,3,228921.75
2757,1077,83,2,227727.93
2758,1078,379,1,193559.0
2759,1078,304,3,161992.8
2760,1078,206,3,126816.6
2761,1079,161,3,98450.34
2762,1079,368,2,209350.37
2763,1079,185,1,222877.27
2764,1079,325,2,76663.93
2765,1080,19,2,146352.25
2766,1081,306,1,17520.5
2767,1081,116,1,93394.61
2768,1082,242,1,51496.32
2769,1083,259,3,267553.37
2770,1083,96,1,65773.58
2771,1084,31,2,213222.88
2772,1084,137,2,134221.1
2773,1084,253,1,146101.92
2774,1085,132,2,111446.24
2775,1085,89,3,200852.0
2776,1086,252,1,186098.96
2777,1086,283,1,89092.71
2778,1086,340,2,165052.47
2779,1087,192,2,43441.24
2780,1087,23,3,113409.53
2781,1087,154,3,211291.85
2782,1088,8,2,187839.72
2783,1088,104,1,59275.63
2784,1089,123,2,130947.34
2785,1090,15,2,143957.3
2786,1091,150,1,180012.96
2787,1092,125,1,191668.58
2788,1093,118,2,88084.04
2789,1093,316,1,3769.9
2790,1094,239,2,91749.05
2791,1095,381,2,176980.96
2792,1095,75,2,109608.7
2793,1096,107,2,33391.06
2794,1096,214,1,146526.82
2795,1096,294,3,193211.61
2796,1096,251,3,107136.01
2797,1097,162,2,52286.3
2798,1097,139,2,95013.28
2799,1097,240,3,37718.61
2800,1098,3,3,7526.8
2801,1098,368,1,209350.37
2802,1098,278,1,146503.31
2803,1098,120,2,146292.08
2804,1099,126,2,176896.18
2805,1099,323,3,27190.12
2806,1100,122,1,193564.32
2807,1101,152,2,184290.03
2808,1101,154,3,211291.85
2809,1101,268,2,163510.92
2810,1101,299,3,203148.18
2811,1102,212,1,167662.05
2812,1102,243,2,37577.05
2813,1103,165,1,75464.21
2814,1104,266,2,154737.92
2815,1104,291,3,103671.46
2816,1104,48,3,132286.45
2817,1105,294,3,193211.61
2818,1106,192,1,43441.24
2819,1106,218,3,172588.85
2820,1107,362,1,14481.09
2821,1107,391,2,49496.26
2822,1107,316,2,3769.9
2823,1108,320,1,172820.69
2824,1108,293,2,115807.73
2825,1109,345,1,3634.44
2826,1109,129,2,21632.52
2827,1109,188,2,35013.84
2828,1110,248,2,181994.22
2829,1110,253,3,146101.92
2830,1111,102,3,96364.66
2831,1111,160,3,116411.44
2832,1112,208,3,58440.67
2833,1112,48,3,132286.45
2834,1113,179,3,72910.11
2835,1113,173,3,47377.77
2836,1113,294,2,193211.61
2837,1113,96,3,65773.58
2838,1114,243,2,37577.05
2839,1114,188,1,35013.84
2840,1114,37,3,46157.25
2841,1115,301,2,112144.59
2842,1116,16,3,130664.31
2843,1116,314,2,53745.02
2844,1116,150,2,180012.96
2845,1117,312,1,213856.86
2846,1117,45,3,139853.99
2847,1117,31,3,213222.88
2848,1117,294,3,193211.61
2849,1118,219,3,194332.13
2850,1118,322,1,130758.24
2851,1118,253,3,146101.92
2852,1118,264,1,92901.53
2853,1119,381,1,176980.96
2854,1119,135,3,63733.13
2855,1119,329,2,174721.07
2856,1120,17,3,187307.96
2857,1121,265,1,39650.36
2858,1122,310,3,170497.76
2859,1123,48,3,132286.45
2860,1123,26,2,38469.74
2861,1123,211,1,4061.75
2862,1123,360,2,24260.58
2863,1124,360,2,24260.58
2864,1125,233,1,208635.04
2865,1125,296,2,68855.2
2866,1125,135,1,63733.13
2867,1126,28,2,98230.78
2868,1126,226,2,102863.17
2869,1126,6,1,136605.61
2870,1127,204,3,188978.74
2871,1127,261,3,79486.07
2872,1128,159,2,77121.65
2873,1128,96,3,65773.58
2874,1129,224,2,180566.69
2875,1129,123,3,130947.34
2876,1129,97,3,124701.15
2877,1130,19,1,146352.25
2878,1130,142,3,85943.57
2879,1130,342,3,176733.9
2880,1130,272,3,62763.18
2881,1131,113,2,195996.61
2882,1132,377,1,127215.62
2883,1132,336,1,223256.52
2884,1133,337,2,139826.06
2885,1134,381,3,176980.96
2886,1134,257,3,7609.62
2887,1134,246,1,155067.32
2888,1135,188,1,35013.84
2889,1136,9,2,216809.67
2890,1136,164,1,73095.05
2891,1136,6,3,136605.61
2892,1136,309,3,108356.35
2893,1137,248,1,181994.22
2894,1137,85,3,114181.68
2895,1137,356,1,193708.01
2896,1137,319,2,38726.82
2897,1138,165,1,75464.21
2898,1138,337,3,139826.06
2899,1138,291,1,103671.46
2900,1139,253,1,146101.92
2901,1139,57,2,131451.16
2902,1139,364,1,65746.32
2903,1139,296,2,68855.2
2904,1140,70,3,92203.48
2905,1141,293,2,115807.73
2906,1142,279,2,31093.62
2907,1142,148,3,206362.87
2908,1142,397,1,37758.94
2909,1142,52,3,193193.24
2910,1143,214,1,146526.82
2911,1143,230,3,99627.55
2912,1143,396,3,103196.96
2913,1144,96,1,65773.58
2914,1144,178,3,202498.25
2915,1144,180,1,215596.8
2916,1145,139,2,95013.28
2917,1145,299,3,203148.18
2918,1145,379,2,193559.0
2919,1146,104,2,59275.63
2920,1146,180,1,215596.8
2921,1147,50,3,196418.36
2922,1147,83,1,227727.93
2923,1147,231,3,169920.09
2924,1147,25,2,56365.36
2925,1148,195,1,92189.19
2926,1149,108,1,227064.66
2927,1150,177,3,68966.65
2928,1151,283,1,89092.71
2929,1152,251,1,107136.01
2930,1153,327,1,93962.55
2931,1153,211,3,4061.75
2932,1153,102,2,96364.66
2933,1154,97,3,124701.15
2934,1154,385,2,237554.64
2935,1154,315,1,92353.85
2936,1155,172,3,156618.46
2937,1155,325,1,76663.93
2938,1156,376,3,204960.25
2939,1157,289,3,93894.4
2940,1157,142,3,85943.57
2941,1158,177,1,68966.65
2942,1158,156,3,100447.5
2943,1158,135,1,63733.13
2944,1158,358,1,178348.09
2945,1159,226,3,102863.17
2946,1160,391,3,49496.26
2947,1160,70,3,92203.48
2948,1160,216,1,65676.87
2949,1160,274,1,54686.32
2950,1161,370,1,29783.24
2951,1161,118,1,88084.04
2952,1162,353,2,89374.69
2953,1162,110,1,49497.28
2954,1163,379,2,193559.0
2955,1164,12,2,25200.8
2956,1164,377,3,127215.62
2957,1164,370,1,29783.24
2958,1165,48,2,132286.45
2959,1165,110,3,49497.28
2960,1166,148,3,206362.87
2961,1166,375,1,31576.35
2962,1167,356,1,193708.01
2963,1167,87,3,45719.31
2964,1167,55,1,63638.65
2965,1167,296,2,68855.2
2966,1168,231,2,169920.09
2967,1169,234,1,134417.8
2968,1170,113,2,195996.61
2969,1170,94,3,211083.87
2970,1171,70,2,92203.48
2971,1171,212,1,167662.05
2972,1172,9,3,216809.67
2973,1173,198,3,169603.47
2974,1173,378,1,257676.08
2975,1174,347,1,137186.09
2976,1174,271,1,39127.12
2977,1174,113,3,195996.61
2978,1175,120,3,146292.08
2979,1175,337,1,139826.06
2980,1175,164,3,73095.05
2981,1175,213,2,16785.14
2982,1176,253,2,146101.92
2983,1177,180,1,215596.8
2984,1177,310,1,170497.76
2985,1177,3,1,7526.8
2986,1178,168,2,81218.81
2987,1179,337,1,139826.06
2988,1179,23,3,113409.53
2989,1179,10,1,228921.75
2990,1179,31,1,213222.88
2991,1180,200,3,133017.26
2992,1181,219,1,194332.13
2993,1182,154,2,211291.85
2994,1182,15,1,143957.3
2995,1182,213,2,16785.14
2996,1183,309,1,108356.35
2997,1184,36,1,33385.5
2998,1185,318,2,57516.99
2999,1186,239,2,91749.05
3000,1186,183,3,182249.1
3001,1187,48,1,132286.45
3002,1187,233,3,208635.04
3003,1187,385,1,237554.64
3004,1187,337,2,139826.06
3005,1188,40,3,244240.57
3006,1188,210,2,97334.98
3007,1188,79,1,117712.55
3008,1189,246,2,155067.32
3009,1189,93,2,85322.12
3010,1189,254,2,100631.14
3011,1190,364,1,65746.32
3012,1190,387,2,60812.16
3013,1190,306,2,17520.5
3014,1190,385,1,237554.64
3015,1191,259,2,267553.37
3016,1192,310,2,170497.76
3017,1192,380,2,129190.02
3018,1193,397,1,37758.94
3019,1194,37,1,46157.25
3020,1194,281,3,89826.4
3021,1194,112,3,3039.37
3022,1194,223,3,133823.09
3023,1195,357,1,175127.82
3024,1196,354,1,33934.36
3025,1196,174,3,117478.08
3026,1196,4,3,114946.67
3027,1197,89,3,200852.0
3028,1197,195,3,92189.19
3029,1197,88,2,101192.35
3030,1197,309,3,108356.35
3031,1198,264,3,92901.53
3032,1199,265,1,39650.36
3033,1199,296,2,68855.2
3034,1199,240,3,37718.61
3035,1200,126,2,176896.18
3036,1201,62,2,47437.51
3037,1201,110,2,49497.28
3038,1201,204,1,188978.74
3039,1202,206,3,126816.6
3040,1202,13,2,184860.08
3041,1202,380,3,129190.02
3042,1202,228,1,51706.06
3043,1203,55,1,63638.65
3044,1204,224,3,180566.69
3045,1204,349,1,20709.51
3046,1204,147,3,46179.06
3047,1205,318,3,57516.99
3048,1205,28,3,98230.78
3049,1205,120,2,146292.08
3050,1205,320,2,172820.69
3051,1206,266,2,154737.92
3052,1206,164,1,73095.05
3053,1206,19,1,146352.25
3054,1207,156,1,100447.5
3055,1207,276,3,23971.0
3056,1207,271,2,39127.12
3057,1208,271,2,39127.12
3058,1208,126,1,176896.18
3059,1208,48,3,132286.45
3060,1208,75,2,109608.7
3061,1209,29,1,63287.15
3062,1209,378,3,257676.08
3063,1209,216,1,65676.87
3064,1209,142,2,85943.57
3065,1210,48,2,132286.45
3066,1210,357,1,175127.82
3067,1210,360,3,24260.58
3068,1211,282,3,44757.51
3069,1211,259,1,267553.37
3070,1211,244,3,8123.81
3071,1211,372,3,129635.61
3072,1212,282,2,44757.51
3073,1212,156,3,100447.5
3074,1212,96,3,65773.58
3075,1212,291,2,103671.46
3076,1213,395,2,124226.7
3077,1214,168,1,81218.81
3078,1214,193,1,83074.26
3079,1214,63,2,159567.98
3080,1215,379,3,193559.0
3081,1215,324,2,88809.05
3082,1215,198,3,169603.47
3083,1215,253,1,146101.92
3084,1216,310,3,170497.76
3085,1217,87,1,45719.31
3086,1217,195,1,92189.19
3087,1218,30,2,37942.17
3088,1218,291,2,103671.46
3089,1218,240,2,37718.61
3090,1218,253,3,146101.92
3091,1219,218,2,172588.85
3092,1219,374,2,12526.67
3093,1219,332,3,247371.04
3094,1220,46,2,118724.75
3095,1220,352,1,195040.51
3096,1221,219,1,194332.13
3097,1221,132,1,111446.24
3098,1222,97,2,124701.15
3099,1222,141,2,88692.92
3100,1223,267,2,123814.11
3101,1223,47,3,152134.58
3102,1223,204,1,188978.74
3103,1224,229,3,20447.16
3104,1224,168,3,81218.81
3105,1224,206,2,126816.6
3106,1224,211,2,4061.75
3107,1225,351,1,221689.4
3108,1225,228,3,51706.06
3109,1225,162,2,52286.3
3110,1226,56,2,153085.38
3111,1226,203,3,160317.19
3112,1226,338,3,90146.38
3113,1227,66,3,185456.68
3114,1227,181,2,166139.86
3115,1227,335,2,62446.33
3116,1227,353,3,89374.69
3117,1228,181,2,166139.86
3118,1228,125,3,191668.58
3119,1228,41,1,77155.11
3120,1228,188,1,35013.84
3121,1229,10,1,228921.75
3122,1229,238,3,16422.19
3123,1229,299,3,203148.18
3124,1230,16,1,130664.31
3125,1230,289,3,93894.4
3126,1230,185,2,222877.27
3127,1230,43,2,114531.37
3128,1231,222,1,15887.34
3129,1231,356,1,193708.01
3130,1231,340,3,165052.47
3131,1231,154,2,211291.85
3132,1232,243,1,37577.05
3133,1232,56,3,153085.38
3134,1232,108,1,227064.66
3135,1233,180,3,215596.8
3136,1233,79,1,117712.55
3137,1233,98,2,185562.02
3138,1233,167,2,17448.92
3139,1234,285,1,36376.55
3140,1235,330,3,53581.46
3141,1235,174,3,117478.08
3142,1235,73,3,226665.36
3143,1235,192,2,43441.24
3144,1236,70,2,92203.48
3145,1236,366,2,135643.25
3146,1236,89,1,200852.0
3147,1237,356,2,193708.01
3148,1237,100,2,196105.0
3149,1237,83,1,227727.93
3150,1238,75,3,109608.7
3151,1238,323,1,27190.12
3152,1238,2,2,149267.73
3153,1239,319,1,38726.82
3154,1239,159,3,77121.65
3155,1239,323,3,27190.12
3156,1240,13,1,184860.08
3157,1240,161,3,98450.34
3158,1240,30,2,37942.17
3159,1241,160,3,116411.44
3160,1241,70,2,92203.48
3161,1241,246,2,155067.32
3162,1242,99,2,67013.23
3163,1242,55,3,63638.65
3164,1242,322,1,130758.24
3165,1242,4,3,114946.67
3166,1243,69,1,4305.21
3167,1243,122,2,193564.32
3168,1244,22,1,150862.55
3169,1244,224,3,180566.69
3170,1244,83,2,227727.93
3171,1245,349,1,20709.51
3172,1245,104,3,59275.63
3173,1245,299,1,203148.18
3174,1245,374,3,12526.67
3175,1246,197,1,155218.93
3176,1246,257,3,7609.62
3177,1246,397,2,37758.94
3178,1246,339,1,10393.21
3179,1247,154,2,211291.85
3180,1247,13,2,184860.08
3181,1247,100,3,196105.0
3182,1247,303,3,80733.63
3183,1248,262,2,111472.85
3184,1248,204,2,188978.74
3185,1248,360,1,24260.58
3186,1248,51,3,93241.8
3187,1249,123,1,130947.34
3188,1249,17,1,187307.96
3189,1249,46,2,118724.75
3190,1250,42,1,122256.45
3191,1250,31,1,213222.88
3192,1250,231,2,169920.09
3193,1250,283,2,89092.71
3194,1251,53,1,178807.02
3195,1251,243,2,37577.05
3196,1251,20,1,182631.87
3197,1251,389,2,223901.84
3198,1252,224,3,180566.69
3199,1252,338,3,90146.38
3200,1252,246,1,155067.32
3201,1252,204,1,188978.74
3202,1253,122,2,193564.32
3203,1254,360,2,24260.58
3204,1254,212,3,167662.05
3205,1254,329,3,174721.07
3206,1255,95,1,49700.64
3207,1255,262,1,111472.85
3208,1256,173,1,47377.77
3209,1257,132,3,111446.24
3210,1257,329,1,174721.07
3211,1257,73,2,226665.36
3212,1258,107,2,33391.06
3213,1258,386,3,80116.96
3214,1259,53,3,178807.02
3215,1259,97,0,124701.15
3216,1259,28,3,98230.78
3217,1260,35,3,120078.64
3218,1260,301,1,112144.59
3219,1260,336,1,223256.52
3220,1261,167,2,17448.92
3221,1261,255,1,120947.33
3222,1261,151,1,137308.73
3223,1262,252,3,186098.96
3224,1262,370,2,29783.24
3225,1262,135,2,63733.13
3226,1262,220,1,107337.51
3227,1263,254,1,100631.14
3228,1263,321,1,157890.36
3229,1264,210,2,97334.98
3230,1265,257,2,7609.62
3231,1265,108,3,227064.66
3232,1265,8,1,187839.72
3233,1265,59,2,161932.27
3234,1266,332,3,247371.04
3235,1266,375,3,31576.35
3236,1267,338,1,90146.38
3237,1267,55,2,63638.65
3238,1267,252,2,186098.96
3239,1268,76,2,105147.62
3240,1268,69,3,4305.21
3241,1269,113,3,195996.61
3242,1270,155,2,48337.64
3243,1270,200,1,133017.26
3244,1271,302,2,127736.26
3245,1272,82,2,102874.79
3246,1273,223,2,133823.09
3247,1274,70,2,92203.48
3248,1274,373,3,38418.12
3249,1275,397,3,37758.94
3250,1275,160,3,116411.44
3251,1275,145,2,163994.77
3252,1276,353,3,89374.69
3253,1276,398,1,79202.64
3254,1276,83,3,227727.93
3255,1276,22,2,150862.55
3256,1277,251,1,107136.01
3257,1278,35,2,120078.64
3258,1278,349,2,20709.51
3259,1278,262,2,111472.85
3260,1278,345,2,3634.44
3261,1279,386,1,80116.96
3262,1280,329,2,174721.07
3263,1280,177,1,68966.65
3264,1280,318,3,57516.99
3265,1280,378,2,257676.08
3266,1281,128,1,173129.42
3267,1281,182,2,35037.64
3268,1281,172,3,156618.46
3269,1282,68,1,2885.59
3270,1282,388,2,256305.09
3271,1283,278,2,146503.31
3272,1284,223,1,133823.09
3273,1285,33,1,28473.0
3274,1285,347,1,137186.09
3275,1285,81,1,10899.5
3276,1286,98,3,185562.02
3277,1286,6,2,136605.61
3278,1286,91,1,102944.04
3279,1286,152,2,184290.03
3280,1287,228,2,51706.06
3281,1287,81,1,10899.5
3282,1288,90,1,223688.38
3283,1289,165,2,75464.21
3284,1289,206,1,126816.6
3285,1289,234,1,134417.8
3286,1290,36,1,33385.5
3287,1290,30,3,37942.17
3288,1290,342,1,176733.9
3289,1290,260,3,213378.12
3290,1291,216,1,65676.87
3291,1291,162,2,52286.3
3292,1292,145,2,163994.77
3293,1293,200,1,133017.26
3294,1294,112,1,3039.37
3295,1294,97,1,124701.15
3296,1294,257,2,7609.62
3297,1294,57,3,131451.16
3298,1295,178,1,202498.25
3299,1296,318,3,57516.99
3300,1296,175,1,48836.92
3301,1296,8,3,187839.72
3302,1297,353,1,89374.69
3303,1297,129,3,21632.52
3304,1298,266,1,154737.92
3305,1299,16,3,130664.31
3306,1299,341,2,152978.48
3307,1300,336,2,223256.52
3308,1300,152,3,184290.03
3309,1300,250,1,198609.8
3310,1300,272,2,62763.18
3311,1301,315,2,92353.85
3312,1302,145,1,163994.77
3313,1303,29,1,63287.15
3314,1304,125,1,191668.58
3315,1304,270,2,94124.72
3316,1304,93,1,85322.12
3317,1305,36,3,33385.5
3318,1305,381,3,176980.96
3319,1305,86,1,31662.6
3320,1306,336,3,223256.52
3321,1306,121,2,72624.12
3322,1307,173,2,47377.77
3323,1307,280,2,154590.14
3324,1307,376,3,204960.25
3325,1307,125,2,191668.58
3326,1308,351,2,221689.4
3327,1308,339,2,10393.21
3328,1308,341,2,152978.48
3329,1309,341,1,152978.48
3330,1309,303,2,80733.63
3331,1309,61,3,189942.13
3332,1310,282,3,44757.51
3333,1311,313,2,-1000.0
3334,1311,260,3,213378.12
3335,1311,113,2,195996.61
3336,1312,53,1,178807.02
3337,1313,122,2,193564.32
3338,1314,167,1,17448.92
3339,1315,68,2,2885.59
3340,1315,391,1,49496.26
3341,1315,378,2,257676.08
3342,1316,91,2,102944.04
3343,1316,139,2,95013.28
3344,1316,108,2,227064.66
3345,1316,386,2,80116.96
3346,1317,242,3,51496.32
3347,1317,396,2,103196.96
3348,1317,271,3,39127.12
3349,1318,197,3,155218.93
3350,1319,81,1,10899.5
3351,1319,29,1,63287.15
3352,1319,142,3,85943.57
3353,1320,148,1,206362.87
3354,1320,55,2,63638.65
3355,1320,67,2,97379.9
3356,1320,252,1,186098.96
3357,1321,309,3,108356.35
3358,1321,391,3,49496.26
3359,1321,293,1,115807.73
3360,1321,66,1,185456.68
3361,1322,332,3,247371.04
3362,1322,173,2,47377.77
3363,1322,358,1,178348.09
3364,1322,315,1,92353.85
3365,1323,129,2,21632.52
3366,1323,233,2,208635.04
3367,1324,335,3,62446.33
3368,1324,130,2,169159.49
3369,1325,206,3,126816.6
3370,1326,246,1,155067.32
3371,1326,386,1,80116.96
3372,1326,223,1,133823.09
3373,1327,180,1,215596.8
3374,1327,218,2,172588.85
3375,1327,302,1,127736.26
3376,1327,9,3,216809.67
3377,1328,238,2,16422.19
3378,1329,152,1,184290.03
3379,1329,195,2,92189.19
3380,1329,395,2,124226.7
3381,1330,343,2,55072.92
3382,1330,261,1,79486.07
3383,1330,143,2,187703.44
3384,1330,296,1,68855.2
3385,1331,306,1,17520.5
3386,1331,387,1,60812.16
3387,1332,188,2,35013.84
3388,1333,32,1,129254.32
3389,1333,180,2,215596.8
3390,1334,168,3,81218.81
3391,1334,339,1,10393.21
3392,1334,78,2,197988.01
3393,1335,180,3,215596.8
3394,1335,304,3,161992.8
3395,1335,330,1,53581.46
3396,1336,128,2,173129.42
3397,1337,260,2,213378.12
3398,1337,307,3,50519.78
3399,1337,9,2,216809.67
3400,1338,278,1,146503.31
3401,1339,37,2,46157.25
3402,1339,360,1,24260.58
3403,1340,135,2,63733.13
3404,1340,303,1,80733.63
3405,1341,22,1,150862.55
3406,1342,226,1,102863.17
3407,1343,28,3,98230.78
3408,1343,374,3,12526.67
3409,1344,6,2,136605.61
3410,1344,345,2,3634.44
3411,1345,324,3,88809.05
3412,1345,305,1,198015.99
3413,1345,180,2,215596.8
3414,1346,372,3,129635.61
3415,1346,373,3,38418.12
3416,1346,219,2,194332.13
3417,1346,108,2,227064.66
3418,1347,75,2,109608.7
3419,1347,212,1,167662.05
3420,1348,93,1,85322.12
3421,1348,271,2,39127.12
3422,1348,252,1,186098.96
3423,1349,100,3,196105.0
3424,1350,342,2,176733.9
3425,1350,69,3,4305.21
3426,1350,308,1,70851.91
3427,1351,386,1,80116.96
3428,1351,50,3,196418.36
3429,1351,378,2,257676.08
3430,1352,306,1,17520.5
3431,1352,399,3,117465.54
3432,1352,29,3,63287.15
3433,1352,137,1,134221.1
3434,1353,354,0,33934.36
3435,1354,358,2,178348.09
3436,1354,257,3,7609.62
3437,1354,240,1,37718.61
3438,1354,181,3,166139.86
3439,1355,183,1,182249.1
3440,1356,338,1,90146.38
3441,1357,121,3,72624.12
3442,1357,8,1,187839.72
3443,1357,342,3,176733.9
3444,1358,242,1,51496.32
3445,1358,46,3,118724.75
3446,1358,30,3,37942.17
3447,1358,152,2,184290.03
3448,1359,203,2,160317.19
3449,1360,12,3,25200.8
3450,1361,155,3,48337.64
3451,1361,352,1,195040.51
3452,1361,147,2,46179.06
3453,1362,322,3,130758.24
3454,1362,236,1,182898.47
3455,1362,122,2,193564.32
3456,1362,78,2,197988.01
3457,1363,327,1,93962.55
3458,1363,208,1,58440.67
3459,1364,216,1,65676.87
3460,1365,378,2,257676.08
3461,1365,244,2,8123.81
3462,1365,352,3,195040.51
3463,1366,113,3,195996.61
3464,1367,193,2,83074.26
3465,1367,279,1,31093.62
3466,1367,182,3,35037.64
3467,1367,65,1,189259.53
3468,1368,112,2,3039.37
3469,1368,373,1,38418.12
3470,1368,338,1,90146.38
3471,1369,310,1,170497.76
3472,1369,202,2,161677.95
3473,1369,118,1,88084.04
3474,1370,88,2,101192.35
3475,1370,126,1,176896.18
3476,1371,37,3,46157.25
3477,1371,112,2,3039.37
3478,1371,99,2,67013.23
3479,1371,25,3,56365.36
3480,1372,293,3,115807.73
3481,1373,2,3,149267.73
3482,1374,47,2,152134.58
3483,1375,301,3,112144.59
3484,1376,291,2,103671.46
3485,1377,183,2,182249.1
3486,1378,345,1,3634.44
3487,1378,280,3,154590.14
3488,1378,328,1,28340.81
3489,1379,388,2,256305.09
3490,1379,259,3,267553.37
3491,1380,141,3,88692.92
3492,1380,222,3,15887.34
3493,1380,303,1,80733.63
3494,1380,204,3,188978.74
3495,1381,89,3,200852.0
3496,1381,208,1,58440.67
3497,1382,161,1,98450.34
3498,1382,296,1,68855.2
3499,1382,375,1,31576.35
3500,1382,185,1,222877.27
3501,1383,113,1,195996.61
3502,1384,262,3,111472.85
3503,1384,206,3,126816.6
3504,1384,97,1,124701.15
3505,1385,170,2,36052.22
3506,1385,9,1,216809.67
3507,1385,19,1,146352.25
3508,1385,238,2,16422.19
3509,1386,173,1,47377.77
3510,1386,218,3,172588.85
3511,1387,72,2,123267.08
3512,1387,129,3,21632.52
3513,1387,213,2,16785.14
3514,1388,113,1,195996.61
3515,1388,296,2,68855.2
3516,1388,270,3,94124.72
3517,1389,264,3,92901.53
3518,1390,312,2,213856.86
3519,1390,203,1,160317.19
3520,1390,143,1,187703.44
3521,1390,380,1,129190.02
3522,1391,302,1,127736.26
3523,1391,380,3,129190.02
3524,1392,386,1,80116.96
3525,1392,271,0,39127.12
3526,1393,87,2,45719.31
3527,1393,306,3,17520.5
3528,1394,252,2,186098.96
3529,1394,98,1,185562.02
3530,1395,334,1,146758.91
3531,1395,312,3,213856.86
3532,1395,45,2,139853.99
3533,1396,329,2,174721.07
3534,1396,310,2,170497.76
3535,1396,33,2,28473.0
3536,1397,386,2,80116.96
3537,1397,66,3,185456.68
3538,1398,187,2,48772.65
3539,1398,331,3,137555.3
3540,1398,314,1,53745.02
3541,1398,36,2,33385.5
3542,1399,213,3,16785.14
3543,1400,193,1,83074.26
3544,1400,268,1,163510.92
3545,1401,3,1,7526.8
3546,1402,340,2,165052.47
3547,1402,352,1,195040.51
3548,1403,152,2,184290.03
3549,1403,276,3,23971.0
3550,1403,308,1,70851.91
3551,1403,67,3,97379.9
3552,1404,260,1,213378.12
3553,1404,84,3,42005.69
3554,1404,112,3,3039.37
3555,1404,159,3,77121.65
3556,1405,295,3,154948.76
3557,1405,183,2,182249.1
3558,1405,379,2,193559.0
3559,1405,254,2,100631.14
3560,1406,141,1,88692.92
3561,1407,282,2,44757.51
3562,1408,154,2,211291.85
3563,1408,9,3,216809.67
3564,1409,365,3,116653.08
3565,1409,240,2,37718.61
3566,1409,15,1,143957.3
3567,1410,372,1,129635.61
3568,1410,162,1,52286.3
3569,1411,314,3,53745.02
3570,1411,222,1,15887.34
3571,1411,132,3,111446.24
3572,1411,309,1,108356.35
3573,1412,75,3,109608.7
3574,1413,90,3,223688.38
3575,1413,248,3,181994.22
3576,1413,152,3,184290.03
3577,1414,214,3,146526.82
3578,1414,216,2,65676.87
3579,1414,36,2,33385.5
3580,1415,261,3,79486.07
3581,1415,338,2,90146.38
3582,1415,89,1,200852.0
3583,1415,236,3,182898.47
3584,1416,174,2,117478.08
3585,1417,2,2,149267.73
3586,1417,314,3,53745.02
3587,1417,30,3,37942.17
3588,1417,177,3,68966.65
3589,1418,180,3,215596.8
3590,1419,120,3,146292.08
3591,1420,67,3,97379.9
3592,1420,224,3,180566.69
3593,1421,306,2,17520.5
3594,1421,193,2,83074.26
3595,1422,198,1,169603.47
3596,1422,179,1,72910.11
3597,1422,239,2,91749.05
3598,1422,320,3,172820.69
3599,1423,368,1,209350.37
3600,1423,360,2,24260.58
3601,1423,177,1,68966.65
3602,1423,83,3,227727.93
3603,1424,294,2,193211.61
3604,1424,197,3,155218.93
3605,1425,70,1,92203.48
3606,1425,86,1,31662.6
3607,1425,335,3,62446.33
3608,1426,168,3,81218.81
3609,1426,338,2,90146.38
3610,1427,250,2,198609.8
3611,1427,175,1,48836.92
3612,1427,212,1,167662.05
3613,1427,259,2,267553.37
3614,1428,293,2,115807.73
3615,1428,211,1,4061.75
3616,1428,15,2,143957.3
3617,1428,180,2,215596.8
3618,1429,223,3,133823.09
3619,1429,222,2,15887.34
3620,1429,113,1,195996.61
3621,1429,244,2,8123.81
3622,1430,47,1,152134.58
3623,1430,81,3,10899.5
3624,1430,379,2,193559.0
3625,1431,30,3,37942.17
3626,1431,352,2,195040.51
3627,1432,254,2,100631.14
3628,1432,137,1,134221.1
3629,1432,53,1,178807.02
3630,1432,255,2,120947.33
3631,1433,275,2,196237.01
3632,1433,115,1,58008.8
3633,1434,324,1,88809.05
3634,1434,297,1,67730.03
3635,1435,57,1,131451.16
3636,1435,259,3,267553.37
3637,1435,337,2,139826.06
3638,1435,125,3,191668.58
3639,1436,329,2,174721.07
3640,1436,246,1,155067.32
3641,1436,243,2,37577.05
3642,1436,46,2,118724.75
3643,1437,364,3,65746.32
3644,1438,330,2,53581.46
3645,1438,296,1,68855.2
3646,1439,195,2,92189.19
3647,1439,178,1,202498.25
3648,1440,23,3,113409.53
3649,1441,36,3,33385.5
3650,1442,51,2,93241.8
3651,1442,266,2,154737.92
3652,1442,325,1,76663.93
3653,1442,32,2,129254.32
3654,1443,155,3,48337.64
3655,1444,50,1,196418.36
3656,1445,6,2,136605.61
3657,1446,220,2,107337.51
3658,1446,316,2,3769.9
3659,1446,43,1,114531.37
3660,1447,113,2,195996.61
3661,1448,40,2,244240.57
3662,1448,238,3,16422.19
3663,1448,161,3,98450.34
3664,1449,270,1,94124.72
3665,1449,332,2,247371.04
3666,1450,53,2,178807.02
3667,1450,268,3,163510.92
3668,1451,345,3,3634.44
3669,1451,43,1,114531.37
3670,1451,214,1,146526.82
3671,1451,68,2,2885.59
3672,1452,327,2,93962.55
3673,1452,108,1,227064.66
3674,1452,391,2,49496.26
3675,1453,376,1,204960.25
3676,1453,130,2,169159.49
3677,1453,366,3,135643.25
3678,1453,31,1,213222.88
3679,1454,268,1,163510.92
3680,1454,76,2,105147.62
3681,1454,397,1,37758.94
3682,1455,139,2,95013.28
3683,1455,239,3,91749.05
3684,1455,379,3,193559.0
3685,1455,329,1,174721.07
3686,1456,4,1,114946.67
3687,1456,9,1,216809.67
3688,1456,147,2,46179.06
3689,1457,206,1,126816.6
3690,1457,340,2,165052.47
3691,1457,248,3,181994.22
3692,1458,128,1,173129.42
3693,1458,23,3,113409.53
3694,1458,132,2,111446.24
3695,1459,56,2,153085.38
3696,1459,206,3,126816.6
3697,1459,50,2,196418.36
3698,1459,398,3,79202.64
3699,1460,211,1,4061.75
3700,1460,181,3,166139.86
3701,1460,329,1,174721.07
3702,1461,349,1,20709.51
3703,1462,248,3,181994.22
3704,1462,323,3,27190.12
3705,1462,160,1,116411.44
3706,1463,287,2,22255.08
3707,1463,46,2,118724.75
3708,1463,387,2,60812.16
3709,1463,251,3,107136.01
3710,1464,325,2,76663.93
3711,1464,322,3,130758.24
3712,1464,91,2,102944.04
3713,1465,343,3,55072.92
3714,1465,230,2,99627.55
3715,1465,26,1,38469.74
3716,1466,323,3,27190.12
3717,1466,218,3,172588.85
3718,1466,213,3,16785.14
3719,1466,139,1,95013.28
3720,1467,332,1,247371.04
3721,1467,96,1,65773.58
3722,1467,223,3,133823.09
3723,1468,152,1,184290.03
3724,1469,267,3,123814.11
3725,1469,327,1,93962.55
3726,1469,262,1,111472.85
3727,1469,174,1,117478.08
3728,1470,167,1,17448.92
3729,1470,76,3,105147.62
3730,1470,105,2,171327.72
3731,1471,304,1,161992.8
3732,1471,9,1,216809.67
3733,1471,282,3,44757.51
3734,1471,226,2,102863.17
3735,1472,99,3,67013.23
3736,1472,281,1,89826.4
3737,1472,216,3,65676.87
3738,1472,38,1,108041.96
3739,1473,282,2,44757.51
3740,1473,13,1,184860.08
3741,1473,211,1,4061.75
3742,1474,393,2,22998.42
3743,1474,331,2,137555.3
3744,1474,242,3,51496.32
3745,1475,162,3,52286.3
3746,1475,289,3,93894.4
3747,1475,248,2,181994.22
3748,1475,262,2,111472.85
3749,1476,222,3,15887.34
3750,1476,236,3,182898.47
3751,1476,381,2,176980.96
3752,1476,297,3,67730.03
3753,1477,190,1,-1000.0
3754,1478,66,3,185456.68
3755,1479,389,1,223901.84
3756,1480,70,1,92203.48
3757,1480,204,3,188978.74
3758,1481,296,2,68855.2
3759,1481,337,3,139826.06
3760,1481,364,1,65746.32
3761,1482,40,1,244240.57
3762,1482,252,2,186098.96
3763,1482,66,2,185456.68
3764,1482,279,2,31093.62
3765,1483,298,3,22913.44
3766,1484,268,2,163510.92
3767,1484,316,1,3769.9
3768,1485,325,2,76663.93
3769,1485,372,1,129635.61
3770,1486,181,2,166139.86
3771,1486,32,2,129254.32
3772,1486,97,1,124701.15
3773,1487,40,1,244240.57
3774,1487,79,3,117712.55
3775,1487,72,3,123267.08
3776,1487,216,1,65676.87
3777,1488,82,2,102874.79
3778,1488,289,1,93894.4
3779,1488,341,3,152978.48
3780,1488,345,3,3634.44
3781,1489,236,2,182898.47
3782,1489,32,1,129254.32
3783,1490,370,2,29783.24
3784,1490,66,1,185456.68
3785,1490,337,3,139826.06
3786,1491,46,3,118724.75
3787,1491,128,2,173129.42
3788,1492,47,3,152134.58
3789,1492,181,1,166139.86
3790,1493,320,1,172820.69
3791,1494,295,1,154948.76
3792,1494,380,3,129190.02
3793,1494,38,1,108041.96
3794,1495,312,2,213856.86
3795,1495,325,3,76663.93
3796,1495,190,2,-1000.0
3797,1496,377,3,127215.62
3798,1496,172,1,156618.46
3799,1496,373,1,38418.12
3800,1497,198,3,169603.47
3801,1497,349,1,20709.51
3802,1497,68,3,2885.59
3803,1497,304,2,161992.8
3804,1498,110,2,49497.28
3805,1498,162,3,52286.3
3806,1498,342,3,176733.9
3807,1499,59,2,161932.27
3808,1499,204,1,188978.74
3809,1499,167,1,17448.92
3810,1499,91,1,102944.04
3811,1500,352,2,195040.51
3812,1500,110,3,49497.28
3813,1500,238,3,16422.19
3814,1500,175,2,48836.92
3815,1501,310,2,170497.76
3816,1502,23,2,113409.53
3817,1502,14,3,89932.3
3818,1503,255,1,120947.33
3819,1503,98,0,185562.02
3820,1503,2,1,149267.73
3821,1503,279,2,31093.62
3822,1504,331,1,137555.3
3823,1504,154,2,211291.85
3824,1505,293,3,115807.73
3825,1505,83,2,227727.93
3826,1506,137,1,134221.1
3827,1506,316,3,3769.9
3828,1506,88,2,101192.35
3829,1506,73,1,226665.36
3830,1507,121,1,72624.12
3831,1507,198,1,169603.47
3832,1507,313,1,-1000.0
3833,1508,35,2,120078.64
3834,1509,155,3,48337.64
3835,1509,190,3,-1000.0
3836,1510,135,1,63733.13
3837,1510,73,3,226665.36
3838,1510,219,2,194332.13
3839,1511,282,1,44757.51
3840,1511,87,3,45719.31
3841,1511,210,2,97334.98
3842,1511,302,3,127736.26
3843,1512,6,2,136605.61
3844,1512,285,3,36376.55
3845,1513,233,2,208635.04
3846,1513,255,1,120947.33
3847,1513,160,2,116411.44
3848,1514,82,3,102874.79
3849,1515,175,3,48836.92
3850,1515,46,3,118724.75
3851,1515,182,1,35037.64
3852,1516,255,1,120947.33
3853,1517,366,3,135643.25
3854,1518,41,1,77155.11
3855,1518,87,2,45719.31
3856,1518,351,1,221689.4
3857,1518,354,3,33934.36
3858,1519,271,1,39127.12
3859,1519,306,2,17520.5
3860,1519,330,3,53581.46
3861,1519,224,1,180566.69
3862,1520,173,1,47377.77
3863,1520,397,1,37758.94
3864,1520,312,1,213856.86
3865,1521,310,1,170497.76
3866,1522,8,2,187839.72
3867,1522,38,3,108041.96
3868,1522,316,2,3769.9
3869,1523,308,2,70851.91
3870,1523,239,1,91749.05
3871,1523,367,3,228694.37
3872,1523,329,2,174721.07
3873,1524,48,1,132286.45
3874,1525,289,3,93894.4
3875,1525,91,1,102944.04
3876,1525,362,3,14481.09
3877,1525,87,1,45719.31
3878,1526,302,2,127736.26
3879,1526,349,1,20709.51
3880,1526,270,3,94124.72
3881,1527,68,2,2885.59
3882,1528,386,2,80116.96
3883,1528,222,2,15887.34
3884,1528,377,1,127215.62
3885,1528,188,2,35013.84
3886,1529,159,2,77121.65
3887,1530,116,3,93394.61
3888,1531,236,1,182898.47
3889,1531,315,1,92353.85
3890,1531,185,3,222877.27
3891,1531,14,2,89932.3
3892,1532,159,1,77121.65
3893,1532,197,1,155218.93
3894,1532,139,1,95013.28
3895,1532,208,1,58440.67
3896,1533,316,1,3769.9
3897,1533,56,1,153085.38
3898,1533,397,1,37758.94
3899,1533,175,3,48836.92
3900,1534,110,2,49497.28
3901,1534,236,3,182898.47
3902,1534,76,3,105147.62
3903,1534,151,2,137308.73
3904,1535,335,3,62446.33
3905,1536,308,3,70851.91
3906,1536,298,2,22913.44
3907,1536,17,2,187307.96
3908,1536,213,1,16785.14
3909,1537,3,1,7526.8
3910,1537,213,2,16785.14
3911,1538,115,3,58008.8
3912,1538,90,3,223688.38
3913,1538,243,3,37577.05
3914,1539,254,2,100631.14
3915,1539,252,2,186098.96
3916,1540,272,3,62763.18
3917,1540,40,1,244240.57
3918,1540,261,2,79486.07
3919,1540,254,1,100631.14
3920,1541,78,1,197988.01
3921,1541,63,1,159567.98
3922,1542,332,1,247371.04
3923,1542,129,2,21632.52
3924,1542,375,2,31576.35
3925,1542,301,2,112144.59
3926,1543,364,1,65746.32
3927,1543,395,1,124226.7
3928,1544,17,1,187307.96
3929,1545,272,2,62763.18
3930,1545,129,3,21632.52
3931,1545,319,2,38726.82
3932,1545,331,1,137555.3
3933,1546,62,2,47437.51
3934,1546,133,2,75132.07
3935,1547,366,3,135643.25
3936,1548,208,2,58440.67
3937,1549,45,3,139853.99
3938,1550,250,3,198609.8
3939,1550,57,1,131451.16
3940,1551,309,3,108356.35
3941,1551,66,1,185456.68
3942,1551,193,3,83074.26
3943,1552,55,1,63638.65
3944,1552,306,3,17520.5
3945,1553,169,3,94973.51
3946,1554,174,2,117478.08
3947,1554,179,1,72910.11
3948,1555,261,3,79486.07
3949,1555,388,2,256305.09
3950,1555,265,2,39650.36
3951,1555,133,1,75132.07
3952,1556,45,2,139853.99
3953,1557,168,3,81218.81
3954,1557,20,1,182631.87
3955,1558,108,3,227064.66
3956,1559,16,3,130664.31
3957,1560,385,2,237554.64
3958,1560,57,3,131451.16
3959,1561,113,3,195996.61
3960,1562,193,3,83074.26
3961,1562,383,2,183812.28
3962,1562,51,3,93241.8
3963,1562,320,2,172820.69
3964,1563,226,2,102863.17
3965,1564,216,3,65676.87
3966,1564,254,1,100631.14
3967,1564,168,2,81218.81
3968,1564,130,3,169159.49
3969,1565,236,2,182898.47
3970,1566,218,1,172588.85
3971,1566,129,1,21632.52
3972,1566,110,3,49497.28
3973,1566,121,2,72624.12
3974,1567,145,3,163994.77
3975,1567,337,3,139826.06
3976,1567,2,2,149267.73
3977,1568,2,3,149267.73
3978,1568,84,2,42005.69
3979,1568,185,1,222877.27
3980,1569,32,1,129254.32
3981,1569,308,3,70851.91
3982,1570,388,1,256305.09
3983,1570,20,3,182631.87
3984,1570,13,2,184860.08
3985,1570,321,1,157890.36
3986,1571,357,3,175127.82
3987,1571,95,2,49700.64
3988,1571,299,1,203148.18
3989,1572,305,3,198015.99
3990,1572,270,1,94124.72
3991,1572,174,1,117478.08
3992,1573,125,1,191668.58
3993,1574,388,1,256305.09
3994,1574,59,3,161932.27
3995,1574,228,1,51706.06
3996,1574,165,2,75464.21
3997,1575,120,1,146292.08
3998,1575,270,3,94124.72
3999,1575,96,3,65773.58
4000,1575,250,3,198609.8
4001,1576,304,3,161992.8
4002,1576,17,1,187307.96
4003,1576,305,2,198015.99
4004,1577,218,1,172588.85
4005,1577,2,0,149267.73
4006,1578,130,2,169159.49
4007,1579,180,2,215596.8
4008,1579,167,2,17448.92
4009,1579,84,3,42005.69
4010,1580,243,1,37577.05
4011,1581,282,2,44757.51
4012,1581,301,1,112144.59
4013,1581,278,1,146503.31
4014,1582,154,3,211291.85
4015,1583,102,1,96364.66
4016,1583,334,2,146758.91
4017,1583,328,2,28340.81
4018,1583,280,3,154590.14
4019,1584,279,1,31093.62
4020,1584,104,1,59275.63
4021,1584,139,1,95013.28
4022,1585,36,3,33385.5
4023,1585,157,2,91158.49
4024,1585,115,1,58008.8
4025,1585,195,2,92189.19
4026,1586,306,2,17520.5
4027,1586,89,2,200852.0
4028,1587,285,2,36376.55
4029,1587,112,1,3039.37
4030,1587,357,2,175127.82
4031,1588,102,3,96364.66
4032,1588,79,1,117712.55
4033,1589,55,3,63638.65
4034,1589,162,2,52286.3
4035,1590,148,3,206362.87
4036,1590,261,1,79486.07
4037,1590,321,3,157890.36
4038,1590,343,2,55072.92
4039,1591,172,3,156618.46
4040,1591,320,3,172820.69
4041,1592,175,2,48836.92
4042,1592,66,1,185456.68
4043,1593,302,3,127736.26
4044,1593,33,1,28473.0
4045,1594,159,2,77121.65
4046,1595,278,1,146503.31
4047,1595,212,2,167662.05
4048,1595,240,1,37718.61
4049,1596,179,3,72910.11
4050,1596,69,1,4305.21
4051,1596,372,1,129635.61
4052,1596,281,2,89826.4
4053,1597,208,2,58440.67
4054,1597,271,2,39127.12
4055,1597,152,3,184290.03
4056,1597,170,3,36052.22
4057,1598,362,1,14481.09
4058,1598,228,2,51706.06
4059,1598,336,3,223256.52
4060,1598,309,1,108356.35
4061,1599,93,1,85322.12
4062,1599,278,3,146503.31
4063,1599,374,3,12526.67
4064,1600,280,1,154590.14
4065,1601,10,3,228921.75
4066,1601,94,2,211083.87
4067,1602,66,2,185456.68
4068,1602,181,2,166139.86
4069,1602,385,3,237554.64
4070,1603,380,2,129190.02
4071,1603,150,2,180012.96
4072,1603,356,3,193708.01
4073,1603,303,2,80733.63
4074,1604,391,1,49496.26
4075,1604,289,3,93894.4
4076,1605,357,2,175127.82
4077,1605,375,3,31576.35
4078,1605,220,1,107337.51
4079,1606,91,1,102944.04
4080,1606,396,1,103196.96
4081,1606,48,3,132286.45
4082,1606,167,2,17448.92
4083,1607,226,3,102863.17
4084,1607,396,3,103196.96
4085,1607,192,3,43441.24
4086,1607,150,1,180012.96
4087,1608,370,3,29783.24
4088,1608,236,1,182898.47
4089,1608,298,1,22913.44
4090,1608,389,1,223901.84
4091,1609,165,1,75464.21
4092,1609,236,1,182898.47
4093,1609,118,2,88084.04
4094,1609,120,1,146292.08
4095,1610,231,2,169920.09
4096,1610,283,3,89092.71
4097,1611,128,3,173129.42
4098,1611,386,3,80116.96
4099,1611,99,1,67013.23
4100,1611,320,1,172820.69
4101,1612,193,3,83074.26
4102,1612,173,1,47377.77
4103,1612,285,1,36376.55
4104,1612,356,3,193708.01
4105,1613,250,3,198609.8
4106,1614,266,1,154737.92
4107,1614,279,1,31093.62
4108,1614,229,1,20447.16
4109,1614,25,2,56365.36
4110,1615,198,1,169603.47
4111,1615,35,1,120078.64
4112,1616,242,3,51496.32
4113,1616,305,3,198015.99
4114,1616,347,3,137186.09
4115,1616,328,2,28340.81
4116,1617,32,1,129254.32
4117,1617,160,2,116411.44
4118,1617,214,1,146526.82
4119,1618,275,2,196237.01
4120,1618,264,3,92901.53
4121,1619,150,2,180012.96
4122,1619,298,3,22913.44
4123,1619,358,1,178348.09
4124,1619,8,1,187839.72
4125,1620,93,3,85322.12
4126,1621,193,2,83074.26
4127,1622,393,3,22998.42
4128,1622,93,3,85322.12
4129,1622,105,3,171327.72
4130,1623,66,2,185456.68
4131,1623,26,2,38469.74
4132,1623,385,3,237554.64
4133,1624,297,1,67730.03
4134,1625,242,2,51496.32
4135,1625,253,3,146101.92
4136,1625,26,3,38469.74
4137,1625,231,1,169920.09
4138,1626,364,2,65746.32
4139,1626,107,2,33391.06
4140,1626,255,1,120947.33
4141,1626,375,1,31576.35
4142,1627,278,1,146503.31
4143,1628,185,2,222877.27
4144,1629,135,2,63733.13
4145,1630,26,1,38469.74
4146,1630,331,2,137555.3
4147,1631,316,1,3769.9
4148,1632,187,1,48772.65
4149,1632,167,1,17448.92
4150,1633,244,2,8123.81
4151,1634,67,1,97379.9
4152,1634,282,1,44757.51
4153,1634,251,3,107136.01
4154,1634,198,3,169603.47
4155,1635,240,1,37718.61
4156,1636,365,2,116653.08
4157,1637,238,2,16422.19
4158,1637,94,2,211083.87
4159,1638,271,1,39127.12
4160,1638,82,3,102874.79
4161,1639,381,3,176980.96
4162,1639,378,1,257676.08
4163,1640,81,3,10899.5
4164,1641,391,2,49496.26
4165,1642,327,1,93962.55
4166,1642,387,1,60812.16
4167,1642,48,1,132286.45
4168,1642,164,2,73095.05
4169,1643,351,1,221689.4
4170,1643,259,3,267553.37
4171,1643,250,1,198609.8
4172,1643,374,3,12526.67
4173,1644,160,2,116411.44
4174,1645,26,3,38469.74
4175,1645,230,2,99627.55
4176,1646,19,2,146352.25
4177,1646,89,2,200852.0
4178,1647,182,1,35037.64
4179,1647,52,1,193193.24
4180,1647,95,3,49700.64
4181,1647,17,1,187307.96
4182,1648,178,2,202498.25
4183,1649,145,1,163994.77
4184,1649,56,3,153085.38
4185,1649,48,3,132286.45
4186,1650,96,1,65773.58
4187,1650,226,3,102863.17
4188,1651,268,2,163510.92
4189,1651,17,2,187307.96
4190,1652,188,2,35013.84
4191,1652,200,3,133017.26
4192,1653,75,1,109608.7
4193,1653,353,1,89374.69
4194,1653,293,2,115807.73
4195,1654,15,2,143957.3
4196,1654,347,1,137186.09
4197,1654,203,3,160317.19
4198,1655,40,3,244240.57
4199,1656,260,1,213378.12
4200,1656,195,3,92189.19
4201,1656,65,2,189259.53
4202,1657,367,2,228694.37
4203,1657,360,3,24260.58
4204,1657,260,2,213378.12
4205,1658,233,1,208635.04
4206,1659,222,2,15887.34
4207,1659,224,3,180566.69
4208,1659,179,2,72910.11
4209,1660,43,3,114531.37
4210,1660,246,1,155067.32
4211,1660,125,3,191668.58
4212,1661,381,1,176980.96
4213,1662,373,1,38418.12
4214,1663,234,1,134417.8
4215,1663,312,3,213856.86
4216,1663,197,1,155218.93
4217,1664,98,3,185562.02
4218,1665,87,2,45719.31
4219,1665,208,2,58440.67
4220,1665,340,3,165052.47
4221,1665,61,1,189942.13
4222,1666,130,2,169159.49
4223,1666,339,1,10393.21
4224,1666,78,1,197988.01
4225,1666,246,3,155067.32
4226,1667,78,3,197988.01
4227,1667,72,3,123267.08
4228,1668,70,1,92203.48
4229,1668,133,3,75132.07
4230,1668,68,2,2885.59
4231,1669,177,1,68966.65
4232,1669,343,1,55072.92
4233,1669,122,3,193564.32
4234,1669,108,1,227064.66
4235,1670,164,2,73095.05
4236,1670,336,2,223256.52
4237,1671,30,2,37942.17
4238,1671,239,1,91749.05
4239,1671,251,1,107136.01
4240,1671,75,3,109608.7
4241,1672,33,1,28473.0
4242,1672,41,3,77155.11
4243,1672,304,2,161992.8
4244,1672,68,1,2885.59
4245,1673,276,3,23971.0
4246,1673,165,1,75464.21
4247,1673,152,1,184290.03
4248,1674,86,2,31662.6
4249,1675,33,2,28473.0
4250,1675,375,2,31576.35
4251,1675,332,2,247371.04
4252,1676,2,3,149267.73
4253,1676,9,2,216809.67
4254,1676,129,3,21632.52
4255,1676,82,3,102874.79
4256,1677,304,2,161992.8
4257,1677,309,3,108356.35
4258,1678,294,3,193211.61
4259,1678,52,2,193193.24
4260,1678,100,1,196105.0
4261,1679,293,1,115807.73
4262,1679,143,1,187703.44
4263,1679,125,2,191668.58
4264,1679,52,1,193193.24
4265,1680,115,2,58008.8
4266,1680,53,1,178807.02
4267,1680,46,1,118724.75
4268,1681,118,2,88084.04
4269,1682,156,3,100447.5
4270,1682,115,3,58008.8
4271,1683,280,2,154590.14
4272,1684,367,1,228694.37
4273,1685,204,3,188978.74
4274,1685,98,3,185562.02
4275,1685,193,1,83074.26
4276,1685,170,2,36052.22
4277,1686,172,1,156618.46
4278,1686,302,3,127736.26
4279,1687,51,1,93241.8
4280,1688,82,3,102874.79
4281,1688,65,3,189259.53
4282,1689,22,1,150862.55
4283,1689,252,1,186098.96
4284,1689,208,2,58440.67
4285,1689,393,2,22998.42
4286,1690,157,2,91158.49
4287,1690,312,3,213856.86
4288,1690,383,2,183812.28
4289,1690,113,1,195996.61
4290,1691,280,1,154590.14
4291,1691,84,1,42005.69
4292,1691,345,2,3634.44
4293,1692,321,2,157890.36
4294,1692,89,1,200852.0
4295,1693,395,3,124226.7
4296,1693,313,1,-1000.0
4297,1694,36,3,33385.5
4298,1694,294,1,193211.61
4299,1694,318,3,57516.99
4300,1695,351,2,221689.4
4301,1695,29,1,63287.15
4302,1696,121,3,72624.12
4303,1696,32,3,129254.32
4304,1697,267,3,123814.11
4305,1697,357,1,175127.82
4306,1697,133,3,75132.07
4307,1698,198,2,169603.47
4308,1699,143,3,187703.44
4309,1699,366,1,135643.25
4310,1700,306,1,17520.5
4311,1700,183,2,182249.1
4312,1700,393,1,22998.42
4313,1701,152,1,184290.03
4314,1701,224,3,180566.69
4315,1702,398,3,79202.64
4316,1703,216,2,65676.87
4317,1703,93,3,85322.12
4318,1703,63,3,159567.98
4319,1703,148,3,206362.87
4320,1704,133,3,75132.07
4321,1705,255,2,120947.33
4322,1706,72,1,123267.08
4323,1706,15,2,143957.3
4324,1706,159,2,77121.65
4325,1706,105,3,171327.72
4326,1707,172,3,156618.46
4327,1707,102,1,96364.66
4328,1707,240,1,37718.61
4329,1707,116,2,93394.61
4330,1708,204,1,188978.74
4331,1708,242,3,51496.32
4332,1708,213,2,16785.14
4333,1709,203,2,160317.19
4334,1709,76,3,105147.62
4335,1709,65,2,189259.53
4336,1710,23,1,113409.53
4337,1710,343,1,55072.92
4338,1710,210,2,97334.98
4339,1710,94,2,211083.87
4340,1711,183,1,182249.1
4341,1711,329,3,174721.07
4342,1711,274,3,54686.32
4343,1711,28,1,98230.78
4344,1712,125,2,191668.58
4345,1712,364,1,65746.32
4346,1712,304,2,161992.8
4347,1712,297,1,67730.03
4348,1713,13,2,184860.08
4349,1714,8,1,187839.72
4350,1714,206,3,126816.6
4351,1715,26,3,38469.74
4352,1716,319,1,38726.82
4353,1716,349,3,20709.51
4354,1716,316,3,3769.9
4355,1716,251,1,107136.01
4356,1717,252,1,186098.96
4357,1717,181,2,166139.86
4358,1717,78,2,197988.01
4359,1718,387,2,60812.16
4360,1718,137,1,134221.1
4361,1719,108,3,227064.66
4362,1720,33,2,28473.0
4363,1720,152,2,184290.03
4364,1721,95,3,49700.64
4365,1721,220,2,107337.51
4366,1721,341,1,152978.48
4367,1721,68,1,2885.59
4368,1722,254,2,100631.14
4369,1722,393,1,22998.42
4370,1722,272,1,62763.18
4371,1723,177,1,68966.65
4372,1723,278,2,146503.31
4373,1723,188,2,35013.84
4374,1723,122,2,193564.32
4375,1724,177,1,68966.65
4376,1724,378,1,257676.08
4377,1724,336,3,223256.52
4378,1724,152,3,184290.03
4379,1725,167,1,17448.92
4380,1725,297,3,67730.03
4381,1725,370,3,29783.24
4382,1725,181,3,166139.86
4383,1726,294,1,193211.61
4384,1726,343,1,55072.92
4385,1726,28,3,98230.78
4386,1727,304,3,161992.8
4387,1727,315,1,92353.85
4388,1727,169,2,94973.51
4389,1727,115,3,58008.8
4390,1728,316,1,3769.9
4391,1728,161,3,98450.34
4392,1728,353,3,89374.69
4393,1729,82,2,102874.79
4394,1729,368,1,209350.37
4395,1729,68,1,2885.59
4396,1730,287,1,22255.08
4397,1730,265,2,39650.36
4398,1730,61,3,189942.13
4399,1730,357,2,175127.82
4400,1731,342,2,176733.9
4401,1732,83,3,227727.93
4402,1733,283,1,89092.71
4403,1733,3,3,7526.8
4404,1733,30,3,37942.17
4405,1733,68,1,2885.59
4406,1734,165,3,75464.21
4407,1735,281,2,89826.4
4408,1735,177,3,68966.65
4409,1736,272,2,62763.18
4410,1736,336,3,223256.52
4411,1736,255,2,120947.33
4412,1737,188,3,35013.84
4413,1737,319,1,38726.82
4414,1737,276,3,23971.0
4415,1737,370,1,29783.24
4416,1738,212,3,167662.05
4417,1738,148,3,206362.87
4418,1739,9,3,216809.67
4419,1740,366,1,135643.25
4420,1740,294,1,193211.61
4421,1740,341,3,152978.48
4422,1741,42,1,122256.45
4423,1742,267,2,123814.11
4424,1742,65,1,189259.53
4425,1742,12,1,25200.8
4426,1742,268,1,163510.92
4427,1743,91,3,102944.04
4428,1743,84,1,42005.69
4429,1743,246,2,155067.32
4430,1743,179,1,72910.11
4431,1744,324,3,88809.05
4432,1744,267,3,123814.11
4433,1744,193,1,83074.26
4434,1744,91,1,102944.04
4435,1745,13,2,184860.08
4436,1746,279,1,31093.62
4437,1747,299,2,203148.18
4438,1747,309,1,108356.35
4439,1748,90,3,223688.38
4440,1748,68,1,2885.59
4441,1748,325,1,76663.93
4442,1749,56,2,153085.38
4443,1749,293,3,115807.73
4444,1750,102,3,96364.66
4445,1750,148,3,206362.87
4446,1750,20,2,182631.87
4447,1750,10,3,228921.75
4448,1751,305,1,198015.99
4449,1751,285,3,36376.55
4450,1752,274,1,54686.32
4451,1752,343,1,55072.92
4452,1752,46,3,118724.75
4453,1752,164,1,73095.05
4454,1753,59,3,161932.27
4455,1754,99,1,67013.23
4456,1755,211,2,4061.75
4457,1755,3,1,7526.8
4458,1755,204,1,188978.74
4459,1756,386,2,80116.96
4460,1757,40,1,244240.57
4461,1758,139,2,95013.28
4462,1758,36,3,33385.5
4463,1759,238,2,16422.19
4464,1759,56,2,153085.38
4465,1759,126,3,176896.18
4466,1760,305,2,198015.99
4467,1761,354,2,33934.36
4468,1761,198,2,169603.47
4469,1762,340,1,165052.47
4470,1762,399,3,117465.54
4471,1762,57,3,131451.16
4472,1762,248,1,181994.22
4473,1763,283,2,89092.71
4474,1764,108,2,227064.66
4475,1764,197,2,155218.93
4476,1764,383,2,183812.28
4477,1764,68,2,2885.59
4478,1765,174,3,117478.08
4479,1765,211,3,4061.75
4480,1766,168,2,81218.81
4481,1766,331,3,137555.3
4482,1766,129,1,21632.52
4483,1767,33,2,28473.0
4484,1767,63,3,159567.98
4485,1767,50,1,196418.36
4486,1767,81,2,10899.5
4487,1768,152,2,184290.03
4488,1768,173,3,47377.77
4489,1769,169,2,94973.51
4490,1769,242,3,51496.32
4491,1770,28,1,98230.78
4492,1770,294,2,193211.61
4493,1771,155,2,48337.64
4494,1771,168,1,81218.81
4495,1772,338,2,90146.38
4496,1772,65,1,189259.53
4497,1772,224,2,180566.69
4498,1772,37,1,46157.25
4499,1773,180,2,215596.8
4500,1774,43,1,114531.37
4501,1775,160,1,116411.44
4502,1775,356,3,193708.01
4503,1775,218,1,172588.85
4504,1775,105,3,171327.72
4505,1776,155,2,48337.64
4506,1777,282,1,44757.51
4507,1777,123,2,130947.34
4508,1777,113,3,195996.61
4509,1778,170,2,36052.22
4510,1778,321,1,157890.36
4511,1778,185,2,222877.27
4512,1778,365,1,116653.08
4513,1779,14,1,89932.3
4514,1779,123,3,130947.34
4515,1779,137,1,134221.1
4516,1779,145,1,163994.77
4517,1780,161,1,98450.34
4518,1780,123,1,130947.34
4519,1781,203,2,160317.19
4520,1781,366,1,135643.25
4521,1781,204,1,188978.74
4522,1781,378,2,257676.08
4523,1782,47,2,152134.58
4524,1782,379,2,193559.0
4525,1782,20,1,182631.87
4526,1783,336,1,223256.52
4527,1784,213,3,16785.14
4528,1784,351,1,221689.4
4529,1784,51,2,93241.8
4530,1784,320,2,172820.69
4531,1785,364,1,65746.32
4532,1785,19,3,146352.25
4533,1785,253,2,146101.92
4534,1785,105,3,171327.72
4535,1786,378,3,257676.08
4536,1787,313,1,-1000.0
4537,1787,43,3,114531.37
4538,1787,271,3,39127.12
4539,1787,388,1,256305.09
4540,1788,185,1,222877.27
4541,1788,294,1,193211.61
4542,1788,261,3,79486.07
4543,1788,331,3,137555.3
4544,1789,289,3,93894.4
4545,1790,330,1,53581.46
4546,1790,377,2,127215.62
4547,1791,305,2,198015.99
4548,1791,316,2,3769.9
4549,1791,261,1,79486.07
4550,1791,100,1,196105.0
4551,1792,179,2,72910.11
4552,1792,197,1,155218.93
4553,1793,264,3,92901.53
4554,1793,353,3,89374.69
4555,1794,354,3,33934.36
4556,1794,240,3,37718.61
4557,1794,113,3,195996.61
4558,1794,380,3,129190.02
4559,1795,366,3,135643.25
4560,1796,169,3,94973.51
4561,1796,274,2,54686.32
4562,1796,152,3,184290.03
4563,1797,128,1,173129.42
4564,1797,377,3,127215.62
4565,1797,352,2,195040.51
4566,1797,260,3,213378.12
4567,1798,281,2,89826.4
4568,1798,53,1,178807.02
4569,1799,320,1,172820.69
4570,1799,100,3,196105.0
4571,1800,342,1,176733.9
4572,1800,108,1,227064.66
4573,1801,145,3,163994.77
4574,1801,295,2,154948.76
4575,1801,223,3,133823.09
4576,1802,329,2,174721.07
4577,1803,208,2,58440.67
4578,1803,65,3,189259.53
4579,1803,45,1,139853.99
4580,1803,10,3,228921.75
4581,1804,151,2,137308.73
4582,1804,248,3,181994.22
4583,1804,257,2,7609.62
4584,1804,10,3,228921.75
4585,1805,31,1,213222.88
4586,1806,254,2,100631.14
4587,1806,181,2,166139.86
4588,1807,393,3,22998.42
4589,1807,302,3,127736.26
4590,1807,46,3,118724.75
4591,1807,41,1,77155.11
4592,1808,62,2,47437.51
4593,1808,324,2,88809.05
4594,1809,306,1,17520.5
4595,1809,142,2,85943.57
4596,1809,379,2,193559.0
4597,1809,316,1,3769.9
4598,1810,228,3,51706.06
4599,1811,3,3,7526.8
4600,1811,62,1,47437.51
4601,1811,279,3,31093.62
4602,1812,362,2,14481.09
4603,1812,56,3,153085.38
4604,1812,200,2,133017.26
4605,1813,314,2,53745.02
4606,1813,150,1,180012.96
4607,1813,36,2,33385.5
4608,1813,242,2,51496.32
4609,1814,88,3,101192.35
4610,1814,246,3,155067.32
4611,1814,314,1,53745.02
4612,1814,250,2,198609.8
4613,1815,248,3,181994.22
4614,1815,85,2,114181.68
4615,1816,148,2,206362.87
4616,1816,91,3,102944.04
4617,1817,157,3,91158.49
4618,1817,43,2,114531.37
4619,1817,148,2,206362.87
4620,1818,36,2,33385.5
4621,1818,148,1,206362.87
4622,1819,325,2,76663.93
4623,1819,17,2,187307.96
4624,1819,313,1,-1000.0
4625,1820,208,2,58440.67
4626,1820,339,3,10393.21
4627,1820,14,2,89932.3
4628,1821,330,2,53581.46
4629,1822,89,3,200852.0
4630,1823,212,2,167662.05
4631,1824,200,1,133017.26
4632,1825,87,3,45719.31
4633,1825,314,1,53745.02
4634,1826,30,3,37942.17
4635,1826,99,3,67013.23
4636,1826,267,3,123814.11
4637,1826,356,3,193708.01
4638,1827,155,3,48337.64
4639,1827,83,0,227727.93
4640,1827,107,3,33391.06
4641,1828,349,1,20709.51
4642,1829,398,3,79202.64
4643,1829,307,2,50519.78
4644,1830,319,3,38726.82
4645,1830,62,2,47437.51
4646,1830,253,2,146101.92
4647,1830,325,2,76663.93
4648,1831,335,2,62446.33
4649,1832,386,3,80116.96
4650,1833,46,2,118724.75
4651,1833,93,3,85322.12
4652,1833,291,3,103671.46
4653,1833,352,2,195040.51
4654,1834,336,3,223256.52
4655,1834,126,3,176896.18
4656,1835,38,1,108041.96
4657,1836,319,1,38726.82
4658,1836,260,3,213378.12
4659,1836,33,2,28473.0
4660,1836,105,2,171327.72
4661,1837,327,2,93962.55
4662,1837,45,2,139853.99
4663,1837,154,2,211291.85
4664,1838,195,2,92189.19
4665,1838,381,1,176980.96
4666,1838,229,3,20447.16
4667,1839,212,1,167662.05
4668,1839,90,3,223688.38
4669,1839,82,1,102874.79
4670,1840,214,1,146526.82
4671,1841,37,2,46157.25
4672,1841,2,1,149267.73
4673,1842,287,3,22255.08
4674,1843,272,2,62763.18
4675,1844,322,2,130758.24
4676,1844,357,3,175127.82
4677,1844,343,3,55072.92
4678,1844,255,2,120947.33
4679,1845,173,1,47377.77
4680,1846,208,1,58440.67
4681,1846,250,2,198609.8
4682,1847,178,1,202498.25
4683,1847,399,1,117465.54
4684,1847,33,3,28473.0
4685,1848,220,3,107337.51
4686,1848,145,2,163994.77
4687,1848,304,2,161992.8
4688,1849,294,3,193211.61
4689,1850,8,2,187839.72
4690,1850,192,3,43441.24
4691,1850,169,3,94973.51
4692,1850,383,1,183812.28
4693,1851,265,1,39650.36
4694,1851,137,2,134221.1
4695,1852,29,1,63287.15
4696,1852,301,3,112144.59
4697,1852,87,2,45719.31
4698,1853,192,1,43441.24
4699,1853,50,3,196418.36
4700,1853,137,1,134221.1
4701,1853,200,3,133017.26
4702,1854,173,3,47377.77
4703,1855,270,1,94124.72
4704,1856,353,1,89374.69
4705,1856,240,2,37718.61
4706,1856,287,3,22255.08
4707,1857,82,2,102874.79
4708,1857,372,1,129635.61
4709,1857,63,2,159567.98
4710,1857,331,2,137555.3
4711,1858,75,1,109608.7
4712,1859,82,1,102874.79
4713,1860,160,3,116411.44
4714,1860,121,2,72624.12
4715,1860,378,2,257676.08
4716,1861,143,1,187703.44
4717,1862,320,3,172820.69
4718,1862,239,3,91749.05
4719,1863,274,3,54686.32
4720,1863,278,2,146503.31
4721,1863,197,2,155218.93
4722,1864,353,1,89374.69
4723,1864,380,3,129190.02
4724,1864,342,2,176733.9
4725,1865,86,3,31662.6
4726,1865,17,2,187307.96
4727,1865,319,3,38726.82
4728,1865,391,1,49496.26
4729,1866,313,3,-1000.0
4730,1866,115,2,58008.8
4731,1866,372,1,129635.61
4732,1867,340,1,165052.47
4733,1867,13,2,184860.08
4734,1867,121,3,72624.12
4735,1868,145,1,163994.77
4736,1868,285,3,36376.55
4737,1868,133,1,75132.07
4738,1869,37,2,46157.25
4739,1870,165,2,75464.21
4740,1870,332,2,247371.04
4741,1870,202,1,161677.95
4742,1871,366,3,135643.25
4743,1872,110,1,49497.28
4744,1872,308,3,70851.91
4745,1872,148,3,206362.87
4746,1872,213,3,16785.14
4747,1873,116,1,93394.61
4748,1873,236,1,182898.47
4749,1873,334,3,146758.91
4750,1874,110,1,49497.28
4751,1874,391,3,49496.26
4752,1874,246,2,155067.32
4753,1875,396,3,103196.96
4754,1875,374,2,12526.67
4755,1876,246,1,155067.32
4756,1877,26,3,38469.74
4757,1877,3,1,7526.8
4758,1878,87,2,45719.31
4759,1879,289,1,93894.4
4760,1879,271,2,39127.12
4761,1880,340,1,165052.47
4762,1881,297,3,67730.03
4763,1881,318,3,57516.99
4764,1881,181,1,166139.86
4765,1882,343,2,55072.92
4766,1882,285,2,36376.55
4767,1883,352,3,195040.51
4768,1883,315,3,92353.85
4769,1883,379,1,193559.0
4770,1884,197,3,155218.93
4771,1884,190,2,-1000.0
4772,1884,99,3,67013.23
4773,1885,150,1,180012.96
4774,1885,358,3,178348.09
4775,1886,287,1,22255.08
4776,1886,15,3,143957.3
4777,1886,285,1,36376.55
4778,1887,135,2,63733.13
4779,1887,53,3,178807.02
4780,1887,260,3,213378.12
4781,1888,252,3,186098.96
4782,1889,223,2,133823.09
4783,1889,226,3,102863.17
4784,1889,91,2,102944.04
4785,1890,276,3,23971.0
4786,1891,6,2,136605.61
4787,1891,309,3,108356.35
4788,1891,38,3,108041.96
4789,1891,337,2,139826.06
4790,1892,278,2,146503.31
4791,1893,155,2,48337.64
4792,1893,3,2,7526.8
4793,1893,253,2,146101.92
4794,1894,8,1,187839.72
4795,1895,73,1,226665.36
4796,1895,265,3,39650.36
4797,1895,335,2,62446.33
4798,1895,254,2,100631.14
4799,1896,72,3,123267.08
4800,1897,10,2,228921.75
4801,1897,123,3,130947.34
4802,1897,377,1,127215.62
4803,1897,132,3,111446.24
4804,1898,252,2,186098.96
4805,1898,264,1,92901.53
4806,1898,398,2,79202.64
4807,1898,345,2,3634.44
4808,1899,231,1,169920.09
4809,1899,155,1,48337.64
4810,1899,295,3,154948.76
4811,1899,395,2,124226.7
4812,1900,345,1,3634.44
4813,1900,100,3,196105.0
4814,1900,139,3,95013.28
4815,1900,301,3,112144.59
4816,1901,183,1,182249.1
4817,1902,122,2,193564.32
4818,1902,341,1,152978.48
4819,1903,240,3,37718.61
4820,1904,72,1,123267.08
4821,1904,147,1,46179.06
4822,1904,366,2,135643.25
4823,1905,267,2,123814.11
4824,1905,389,1,223901.84
4825,1905,289,3,93894.4
4826,1905,354,1,33934.36
4827,1906,316,2,3769.9
4828,1906,81,3,10899.5
4829,1906,86,3,31662.6
4830,1906,167,3,17448.92
4831,1907,121,1,72624.12
4832,1907,170,1,36052.22
4833,1908,233,3,208635.04
4834,1909,313,1,-1000.0
4835,1909,89,1,200852.0
4836,1910,339,1,10393.21
4837,1911,334,2,146758.91
4838,1911,155,3,48337.64
4839,1911,332,2,247371.04
4840,1911,375,2,31576.35
4841,1912,3,3,7526.8
4842,1913,120,1,146292.08
4843,1913,37,3,46157.25
4844,1913,104,2,59275.63
4845,1914,165,1,75464.21
4846,1914,204,2,188978.74
4847,1915,230,2,99627.55
4848,1915,208,1,58440.67
4849,1915,190,2,-1000.0
4850,1916,206,3,126816.6
4851,1916,388,2,256305.09
4852,1916,291,3,103671.46
4853,1916,129,2,21632.52
4854,1917,216,1,65676.87
4855,1918,160,3,116411.44
4856,1918,197,3,155218.93
4857,1919,151,3,137308.73
4858,1920,213,2,16785.14
4859,1921,2,2,149267.73
4860,1921,282,3,44757.51
4861,1921,76,2,105147.62
4862,1922,336,2,223256.52
4863,1922,396,2,103196.96
4864,1922,309,1,108356.35
4865,1923,313,2,-1000.0
4866,1923,31,3,213222.88
4867,1924,185,2,222877.27
4868,1924,22,1,150862.55
4869,1924,285,1,36376.55
4870,1925,306,3,17520.5
4871,1925,141,2,88692.92
4872,1926,159,2,77121.65
4873,1926,212,1,167662.05
4874,1926,188,2,35013.84
4875,1926,365,1,116653.08
4876,1927,365,1,116653.08
4877,1927,112,3,3039.37
4878,1928,204,0,188978.74
4879,1928,190,1,-1000.0
4880,1928,88,2,101192.35
4881,1928,272,2,62763.18
4882,1929,172,3,156618.46
4883,1929,396,2,103196.96
4884,1930,197,2,155218.93
4885,1931,94,2,211083.87
4886,1931,29,2,63287.15
4887,1932,43,3,114531.37
4888,1932,383,1,183812.28
4889,1933,320,3,172820.69
4890,1933,30,2,37942.17
4891,1933,51,1,93241.8
4892,1934,248,3,181994.22
4893,1934,239,1,91749.05
4894,1935,270,3,94124.72
4895,1936,278,3,146503.31
4896,1937,366,3,135643.25
4897,1937,251,1,107136.01
4898,1937,118,3,88084.04
4899,1937,143,2,187703.44
4900,1938,188,1,35013.84
4901,1938,377,2,127215.62
4902,1939,182,2,35037.64
4903,1939,19,1,146352.25
4904,1939,315,1,92353.85
4905,1939,118,3,88084.04
4906,1940,193,3,83074.26
4907,1941,334,2,146758.91
4908,1941,170,2,36052.22
4909,1941,375,2,31576.35
4910,1941,214,2,146526.82
4911,1942,172,1,156618.46
4912,1942,65,2,189259.53
4913,1942,20,2,182631.87
4914,1942,126,3,176896.18
4915,1943,83,2,227727.93
4916,1943,12,2,25200.8
4917,1943,162,2,52286.3
4918,1944,315,3,92353.85
4919,1944,267,2,123814.11
4920,1944,95,2,49700.64
4921,1945,135,2,63733.13
4922,1945,183,2,182249.1
4923,1945,223,2,133823.09
4924,1945,224,2,180566.69
4925,1946,96,3,65773.58
4926,1946,2,1,149267.73
4927,1946,231,3,169920.09
4928,1946,104,2,59275.63
4929,1947,257,1,7609.62
4930,1947,169,1,94973.51
4931,1947,81,3,10899.5
4932,1947,61,2,189942.13
4933,1948,23,1,113409.53
4934,1949,230,3,99627.55
4935,1950,161,3,98450.34
4936,1951,202,2,161677.95
4937,1952,135,3,63733.13
4938,1953,219,3,194332.13
4939,1953,22,3,150862.55
4940,1953,129,1,21632.52
4941,1953,14,2,89932.3
4942,1954,65,1,189259.53
4943,1954,328,3,28340.81
4944,1954,242,3,51496.32
4945,1954,214,3,146526.82
4946,1955,257,3,7609.62
4947,1955,304,1,161992.8
4948,1955,188,3,35013.84
4949,1956,132,2,111446.24
4950,1957,81,2,10899.5
4951,1958,148,2,206362.87
4952,1959,181,2,166139.86
4953,1959,118,1,88084.04
4954,1959,248,3,181994.22
4955,1959,159,2,77121.65
4956,1960,347,2,137186.09
4957,1960,218,2,172588.85
4958,1961,268,2,163510.92
4959,1961,244,2,8123.81
4960,1962,368,2,209350.37
4961,1962,379,1,193559.0
4962,1962,259,1,267553.37
4963,1962,231,3,169920.09
4964,1963,383,2,183812.28
4965,1963,315,1,92353.85
4966,1963,322,2,130758.24
4967,1963,181,1,166139.86
4968,1964,76,2,105147.62
4969,1964,352,1,195040.51
4970,1964,129,1,21632.52
4971,1964,70,3,92203.48
4972,1965,156,3,100447.5
4973,1965,360,3,24260.58
4974,1965,104,3,59275.63
4975,1966,88,1,101192.35
4976,1966,367,1,228694.37
4977,1966,137,3,134221.1
4978,1967,56,2,153085.38
4979,1967,53,1,178807.02
4980,1967,108,2,227064.66
4981,1968,2,1,149267.73
4982,1968,23,1,113409.53
4983,1969,272,1,62763.18
4984,1970,3,2,7526.8
4985,1970,231,1,169920.09
4986,1970,203,2,160317.19
4987,1970,327,3,93962.55
4988,1971,216,2,65676.87
4989,1971,321,2,157890.36
4990,1971,122,3,193564.32
4991,1972,308,2,70851.91
4992,1972,133,3,75132.07
4993,1973,145,1,163994.77
4994,1973,366,1,135643.25
4995,1973,304,2,161992.8
4996,1974,395,1,124226.7
4997,1975,252,3,186098.96
4998,1975,125,2,191668.58
4999,1976,75,1,109608.7
5000,1976,328,2,28340.81
5001,1976,173,1,47377.77
5002,1976,233,2,208635.04
5003,1977,126,3,176896.18
5004,1977,327,1,93962.55
5005,1977,40,2,244240.57
5006,1978,334,3,146758.91
5007,1978,133,1,75132.07
5008,1978,336,1,223256.52
5009,1978,222,2,15887.34
5010,1979,328,3,28340.81
5011,1979,287,1,22255.08
5012,1979,316,2,3769.9
5013,1979,230,3,99627.55
5014,1980,280,2,154590.14
5015,1980,325,2,76663.93
5016,1981,83,2,227727.93
5017,1982,262,2,111472.85
5018,1982,86,2,31662.6
5019,1983,135,3,63733.13
5020,1983,298,2,22913.44
5021,1983,96,2,65773.58
5022,1983,398,3,79202.64
5023,1984,33,1,28473.0
5024,1985,112,3,3039.37
5025,1985,87,1,45719.31
5026,1985,339,3,10393.21
5027,1986,48,3,132286.45
5028,1987,308,2,70851.91
5029,1987,281,2,89826.4
5030,1988,178,3,202498.25
5031,1989,46,2,118724.75
5032,1989,40,2,244240.57
5033,1989,331,3,137555.3
5034,1989,266,2,154737.92
5035,1990,52,1,193193.24
5036,1990,26,0,38469.74
5037,1990,143,3,187703.44
5038,1991,78,2,197988.01
5039,1991,353,3,89374.69
5040,1991,188,2,35013.84
5041,1991,69,0,4305.21
5042,1992,15,1,143957.3
5043,1992,33,3,28473.0
5044,1993,99,1,67013.23
5045,1993,155,1,48337.64
5046,1994,323,1,27190.12
5047,1994,19,2,146352.25
5048,1994,307,3,50519.78
5049,1995,399,3,117465.54
5050,1995,102,2,96364.66
5051,1996,23,1,113409.53
5052,1996,180,3,215596.8
5053,1996,79,2,117712.55
5054,1997,35,1,120078.64
5055,1998,137,2,134221.1
5056,1998,41,2,77155.11
5057,1998,156,1,100447.5
5058,1998,316,2,3769.9
5059,1999,53,3,178807.02
5060,2000,154,1,211291.85
5061,2001,110,1,49497.28
5062,2002,360,2,24260.58
5063,2002,301,3,112144.59
5064,2003,262,3,111472.85
5065,2003,75,3,109608.7
5066,2003,276,3,23971.0
5067,2003,304,1,161992.8
5068,2004,25,1,56365.36
5069,2005,31,2,213222.88
5070,2006,324,1,88809.05
5071,2006,216,3,65676.87
5072,2007,387,3,60812.16
5073,2007,366,1,135643.25
5074,2007,198,1,169603.47
5075,2007,385,3,237554.64
5076,2008,216,0,65676.87
5077,2009,231,2,169920.09
5078,2009,41,3,77155.11
5079,2010,353,1,89374.69
5080,2010,82,2,102874.79
5081,2010,154,3,211291.85
5082,2011,108,2,227064.66
5083,2011,104,3,59275.63
5084,2012,141,3,88692.92
5085,2012,6,3,136605.61
5086,2013,236,3,182898.47
5087,2013,123,3,130947.34
5088,2013,97,3,124701.15
5089,2013,373,3,38418.12
5090,2014,265,1,39650.36
5091,2014,299,3,203148.18
5092,2015,173,1,47377.77
5093,2015,377,3,127215.62
5094,2015,264,2,92901.53
5095,2015,270,3,94124.72
5096,2016,228,2,51706.06
5097,2017,22,2,150862.55
5098,2018,309,2,108356.35
5099,2018,160,3,116411.44
5100,2018,98,3,185562.02
5101,2018,53,2,178807.02
5102,2019,214,3,146526.82
5103,2020,75,1,109608.7
5104,2020,261,3,79486.07
5105,2020,216,3,65676.87
5106,2021,63,1,159567.98
5107,2022,151,2,137308.73
5108,2023,222,3,15887.34
5109,2023,76,1,105147.62
5110,2023,93,3,85322.12
5111,2024,107,3,33391.06
5112,2024,3,2,7526.8
5113,2024,253,3,146101.92
5114,2024,115,3,58008.8
5115,2025,168,1,81218.81
5116,2025,330,3,53581.46
5117,2025,332,2,247371.04
5118,2026,264,2,92901.53
5119,2026,266,1,154737.92
5120,2026,120,2,146292.08
5121,2026,393,1,22998.42
5122,2027,162,2,52286.3
5123,2028,104,1,59275.63
5124,2029,238,2,16422.19
5125,2029,302,3,127736.26
5126,2029,240,2,37718.61
5127,2029,340,3,165052.47
5128,2030,208,2,58440.67
5129,2030,19,3,146352.25
5130,2031,152,3,184290.03
5131,2031,35,3,120078.64
5132,2031,9,2,216809.67
5133,2031,233,3,208635.04
5134,2032,330,2,53581.46
5135,2033,206,1,126816.6
5136,2034,248,1,181994.22
5137,2034,4,1,114946.67
5138,2034,224,3,180566.69
5139,2034,142,2,85943.57
5140,2035,234,1,134417.8
5141,2036,272,1,62763.18
5142,2036,197,1,155218.93
5143,2036,280,3,154590.14
5144,2037,266,2,154737.92
5145,2037,16,2,130664.31
5146,2038,305,2,198015.99
5147,2038,204,1,188978.74
5148,2038,193,3,83074.26
5149,2039,229,2,20447.16
5150,2039,206,1,126816.6
5151,2039,8,3,187839.72
5152,2040,173,1,47377.77
5153,2040,399,3,117465.54
5154,2040,86,3,31662.6
5155,2040,174,3,117478.08
5156,2041,262,1,111472.85
5157,2041,272,2,62763.18
5158,2041,178,3,202498.25
5159,2041,115,1,58008.8
5160,2042,265,1,39650.36
5161,2042,72,1,123267.08
5162,2043,170,3,36052.22
5163,2043,4,2,114946.67
5164,2043,389,1,223901.84
5165,2044,10,3,228921.75
5166,2044,291,1,103671.46
5167,2044,250,2,198609.8
5168,2044,319,2,38726.82
5169,2045,96,2,65773.58
5170,2045,206,3,126816.6
5171,2045,133,2,75132.07
5172,2046,336,1,223256.52
5173,2046,224,2,180566.69
5174,2046,399,2,117465.54
5175,2047,185,3,222877.27
5176,2047,188,2,35013.84
5177,2047,262,3,111472.85
5178,2047,261,1,79486.07
5179,2048,81,1,10899.5
5180,2049,22,2,150862.55
5181,2049,128,2,173129.42
5182,2049,398,1,79202.64
5183,2050,190,1,-1000.0
5184,2050,367,3,228694.37
5185,2050,87,3,45719.31
5186,2051,173,1,47377.77
5187,2051,310,1,170497.76
5188,2051,204,2,188978.74
5189,2051,137,2,134221.1
5190,2052,73,1,226665.36
5191,2052,174,2,117478.08
5192,2052,351,3,221689.4
5193,2052,395,3,124226.7
5194,2053,334,3,146758.91
5195,2054,303,3,80733.63
5196,2054,341,3,152978.48
5197,2054,324,2,88809.05
5198,2054,120,2,146292.08
5199,2055,193,1,83074.26
5200,2055,259,3,267553.37
5201,2055,42,3,122256.45
5202,2056,302,2,127736.26
5203,2056,188,3,35013.84
5204,2057,112,3,3039.37
5205,2057,316,3,3769.9
5206,2057,143,1,187703.44
5207,2057,30,2,37942.17
5208,2058,42,2,122256.45
5209,2058,250,1,198609.8
5210,2058,200,2,133017.26
5211,2058,399,1,117465.54
5212,2059,302,3,127736.26
5213,2059,274,1,54686.32
5214,2059,252,1,186098.96
5215,2060,303,2,80733.63
5216,2060,266,3,154737.92
5217,2060,246,3,155067.32
5218,2061,132,2,111446.24
5219,2061,367,3,228694.37
5220,2061,236,1,182898.47
5221,2061,279,2,31093.62
5222,2062,238,3,16422.19
5223,2063,86,2,31662.6
5224,2063,386,3,80116.96
5225,2063,291,3,103671.46
5226,2063,25,2,56365.36
5227,2064,156,3,100447.5
5228,2064,30,3,37942.17
5229,2064,26,3,38469.74
5230,2064,57,3,131451.16
5231,2065,185,2,222877.27
5232,2066,367,1,228694.37
5233,2067,353,2,89374.69
5234,2068,6,2,136605.61
5235,2068,102,3,96364.66
5236,2068,228,3,51706.06
5237,2068,68,2,2885.59
5238,2069,180,3,215596.8
5239,2069,295,2,154948.76
5240,2069,23,2,113409.53
5241,2070,178,3,202498.25
5242,2071,133,1,75132.07
5243,2072,266,2,154737.92
5244,2072,252,1,186098.96
5245,2073,368,2,209350.37
5246,2073,121,2,72624.12
5247,2074,354,3,33934.36
5248,2074,25,2,56365.36
5249,2075,97,1,124701.15
5250,2075,320,2,172820.69
5251,2076,82,3,102874.79
5252,2077,19,2,146352.25
5253,2077,3,1,7526.8
5254,2077,331,2,137555.3
5255,2078,222,2,15887.34
5256,2078,12,2,25200.8
5257,2078,372,2,129635.61
5258,2078,50,3,196418.36
5259,2079,271,1,39127.12
5260,2079,279,1,31093.62
5261,2080,40,2,244240.57
5262,2081,305,1,198015.99
5263,2082,130,1,169159.49
5264,2083,268,3,163510.92
5265,2084,137,1,134221.1
5266,2084,332,2,247371.04
5267,2084,301,2,112144.59
5268,2084,251,1,107136.01
5269,2085,164,1,73095.05
5270,2085,147,2,46179.06
5271,2085,255,1,120947.33
5272,2085,45,3,139853.99
5273,2086,62,1,47437.51
5274,2086,368,2,209350.37
5275,2086,35,2,120078.64
5276,2086,322,1,130758.24
5277,2087,332,2,247371.04
5278,2087,2,1,149267.73
5279,2088,244,3,8123.81
5280,2088,123,3,130947.34
5281,2089,216,3,65676.87
5282,2089,50,3,196418.36
5283,2089,43,2,114531.37
5284,2090,338,3,90146.38
5285,2091,170,3,36052.22
5286,2091,133,2,75132.07
5287,2092,3,1,7526.8
5288,2092,266,2,154737.92
5289,2092,41,2,77155.11
5290,2092,315,2,92353.85
5291,2093,167,1,17448.92
5292,2093,218,1,172588.85
5293,2094,188,3,35013.84
5294,2094,32,2,129254.32
5295,2095,179,2,72910.11
5296,2095,150,3,180012.96
5297,2096,214,1,146526.82
5298,2096,187,1,48772.65
5299,2096,381,2,176980.96
5300,2097,48,1,132286.45
5301,2097,216,2,65676.87
5302,2098,180,3,215596.8
5303,2098,161,3,98450.34
5304,2098,20,3,182631.87
5305,2099,19,3,146352.25
5306,2099,222,2,15887.34
5307,2100,327,3,93962.55
5308,2100,255,1,120947.33
5309,2100,30,3,37942.17
5310,2100,161,3,98450.34
5311,2101,296,0,68855.2
5312,2101,37,3,46157.25
5313,2102,345,2,3634.44
5314,2102,42,1,122256.45
5315,2103,337,1,139826.06
5316,2103,378,2,257676.08
5317,2103,222,2,15887.34
5318,2104,296,2,68855.2
5319,2104,233,2,208635.04
5320,2104,339,2,10393.21
5321,2104,139,2,95013.28
5322,2105,352,3,195040.51
5323,2106,279,3,31093.62
5324,2106,175,3,48836.92
5325,2106,79,1,117712.55
5326,2106,381,1,176980.96
5327,2107,148,2,206362.87
5328,2108,129,2,21632.52
5329,2109,96,3,65773.58
5330,2110,366,2,135643.25
5331,2111,128,1,173129.42
5332,2111,36,1,33385.5
5333,2111,374,1,12526.67
5334,2111,295,1,154948.76
5335,2112,172,2,156618.46
5336,2113,148,1,206362.87
5337,2113,239,1,91749.05
5338,2114,82,1,102874.79
5339,2115,307,1,50519.78
5340,2115,327,3,93962.55
5341,2116,165,0,75464.21
5342,2117,280,3,154590.14
5343,2117,244,2,8123.81
5344,2118,295,2,154948.76
5345,2118,342,1,176733.9
5346,2119,112,1,3039.37
5347,2119,218,3,172588.85
5348,2120,165,1,75464.21
5349,2121,20,1,182631.87
5350,2121,70,3,92203.48
5351,2122,157,2,91158.49
5352,2122,370,2,29783.24
5353,2123,362,3,14481.09
5354,2123,125,1,191668.58
5355,2123,17,1,187307.96
5356,2123,276,2,23971.0
5357,2124,362,2,14481.09
5358,2124,46,2,118724.75
5359,2124,329,3,174721.07
5360,2124,83,2,227727.93
5361,2125,75,2,109608.7
5362,2125,62,3,47437.51
5363,2125,345,3,3634.44
5364,2125,93,2,85322.12
5365,2126,279,1,31093.62
5366,2126,305,0,198015.99
5367,2126,343,0,55072.92
5368,2127,53,1,178807.02
5369,2127,301,2,112144.59
5370,2127,197,1,155218.93
5371,2127,155,1,48337.64
5372,2128,380,1,129190.02
5373,2128,291,2,103671.46
5374,2129,79,2,117712.55
5375,2129,345,3,3634.44
5376,2130,172,2,156618.46
5377,2130,240,1,37718.61
5378,2131,257,3,7609.62
5379,2131,156,2,100447.5
5380,2131,388,3,256305.09
5381,2131,50,3,196418.36
5382,2132,320,1,172820.69
5383,2132,324,1,88809.05
5384,2133,285,1,36376.55
5385,2133,141,3,88692.92
5386,2134,85,3,114181.68
5387,2134,206,1,126816.6
5388,2135,383,1,183812.28
5389,2135,303,1,80733.63
5390,2135,204,1,188978.74
5391,2136,59,3,161932.27
5392,2136,83,3,227727.93
5393,2136,362,2,14481.09
5394,2136,14,1,89932.3
5395,2137,135,2,63733.13
5396,2138,141,2,88692.92
5397,2138,260,1,213378.12
5398,2139,26,2,38469.74
5399,2139,170,2,36052.22
5400,2140,156,3,100447.5
5401,2141,283,3,89092.71
5402,2141,255,3,120947.33
5403,2142,151,2,137308.73
5404,2143,139,3,95013.28
5405,2143,70,3,92203.48
5406,2144,238,2,16422.19
5407,2144,125,1,191668.58
5408,2144,259,3,267553.37
5409,2144,368,3,209350.37
5410,2145,275,1,196237.01
5411,2145,228,2,51706.06
5412,2146,91,3,102944.04
5413,2146,125,3,191668.58
5414,2146,291,1,103671.46
5415,2147,226,2,102863.17
5416,2147,322,2,130758.24
5417,2147,395,1,124226.7
5418,2148,353,2,89374.69
5419,2148,212,2,167662.05
5420,2149,6,3,136605.61
5421,2149,383,1,183812.28
5422,2150,233,1,208635.04
5423,2150,187,1,48772.65
5424,2150,151,3,137308.73
5425,2150,357,3,175127.82
5426,2151,325,3,76663.93
5427,2151,69,2,4305.21
5428,2151,17,2,187307.96
5429,2151,396,3,103196.96
5430,2152,182,3,35037.64
5431,2152,353,3,89374.69
5432,2153,29,1,63287.15
5433,2153,115,2,58008.8
5434,2153,337,3,139826.06
5435,2154,206,0,126816.6
5436,2154,3,1,7526.8
5437,2154,31,1,213222.88
5438,2154,172,2,156618.46
5439,2155,160,3,116411.44
5440,2155,6,1,136605.61
5441,2155,41,1,77155.11
5442,2156,298,2,22913.44
5443,2156,72,1,123267.08
5444,2156,398,1,79202.64
5445,2157,257,2,7609.62
5446,2157,132,3,111446.24
5447,2157,270,3,94124.72
5448,2157,250,2,198609.8
5449,2158,100,3,196105.0
5450,2158,113,2,195996.61
5451,2158,250,1,198609.8
5452,2159,76,1,105147.62
5453,2159,216,2,65676.87
5454,2159,398,3,79202.64
5455,2160,126,2,176896.18
5456,2160,299,3,203148.18
5457,2160,113,1,195996.61
5458,2160,197,3,155218.93
5459,2161,296,2,68855.2
5460,2161,99,3,67013.23
5461,2162,202,2,161677.95
5462,2162,121,1,72624.12
5463,2163,357,1,175127.82
5464,2163,309,1,108356.35
5465,2163,31,2,213222.88
5466,2164,310,3,170497.76
5467,2164,65,1,189259.53
5468,2164,133,3,75132.07
5469,2164,35,3,120078.64
5470,2165,220,3,107337.51
5471,2166,279,2,31093.62
5472,2166,377,2,127215.62
5473,2167,259,2,267553.37
5474,2167,383,2,183812.28
5475,2167,301,2,112144.59
5476,2167,161,3,98450.34
5477,2168,22,1,150862.55
5478,2168,386,3,80116.96
5479,2168,126,1,176896.18
5480,2169,236,2,182898.47
5481,2170,162,3,52286.3
5482,2171,152,1,184290.03
5483,2172,178,3,202498.25
5484,2172,62,2,47437.51
5485,2172,135,3,63733.13
5486,2173,156,1,100447.5
5487,2173,121,3,72624.12
5488,2174,213,1,16785.14
5489,2175,257,1,7609.62
5490,2176,358,2,178348.09
5491,2177,251,3,107136.01
5492,2177,254,2,100631.14
5493,2178,155,1,48337.64
5494,2178,190,3,-1000.0
5495,2179,354,2,33934.36
5496,2179,100,2,196105.0
5497,2179,141,1,88692.92
5498,2179,172,1,156618.46
5499,2180,155,3,48337.64
5500,2180,222,1,15887.34
5501,2180,160,2,116411.44
5502,2181,175,1,48836.92
5503,2182,32,3,129254.32
5504,2182,383,2,183812.28
5505,2182,294,2,193211.61
5506,2182,398,2,79202.64
5507,2183,229,1,20447.16
5508,2183,150,1,180012.96
5509,2183,135,1,63733.13
5510,2184,84,3,42005.69
5511,2185,185,3,222877.27
5512,2185,319,2,38726.82
5513,2185,299,3,203148.18
5514,2186,397,1,37758.94
5515,2186,373,1,38418.12
5516,2186,32,2,129254.32
5517,2187,386,3,80116.96
5518,2188,362,1,14481.09
5519,2188,222,2,15887.34
5520,2188,193,2,83074.26
5521,2188,216,2,65676.87
5522,2189,135,2,63733.13
5523,2189,52,2,193193.24
5524,2189,108,2,227064.66
5525,2189,68,2,2885.59
5526,2190,8,3,187839.72
5527,2191,323,2,27190.12
5528,2191,155,1,48337.64
5529,2192,141,1,88692.92
5530,2192,37,1,46157.25
5531,2192,396,2,103196.96
5532,2192,320,3,172820.69
5533,2193,358,1,178348.09
5534,2193,165,2,75464.21
5535,2193,16,1,130664.31
5536,2194,358,3,178348.09
5537,2194,302,2,127736.26
5538,2194,323,1,27190.12
5539,2194,13,2,184860.08
5540,2195,122,3,193564.32
5541,2196,343,1,55072.92
5542,2196,25,3,56365.36
5543,2197,364,1,65746.32
5544,2197,378,3,257676.08
5545,2197,303,3,80733.63
5546,2198,354,3,33934.36
5547,2198,154,3,211291.85
5548,2198,22,3,150862.55
5549,2198,203,3,160317.19
5550,2199,157,2,91158.49
5551,2199,182,2,35037.64
5552,2199,385,2,237554.64
5553,2199,268,2,163510.92
5554,2200,321,2,157890.36
5555,2200,185,1,222877.27
5556,2201,242,2,51496.32
5557,2201,148,2,206362.87
5558,2201,195,3,92189.19
5559,2201,152,3,184290.03
5560,2202,84,2,42005.69
5561,2202,271,1,39127.12
5562,2202,254,1,100631.14
5563,2202,358,1,178348.09
5564,2203,399,3,117465.54
5565,2203,55,1,63638.65
5566,2204,370,1,29783.24
5567,2204,35,2,120078.64
5568,2205,51,3,93241.8
5569,2205,267,2,123814.11
5570,2206,213,0,16785.14
5571,2207,233,2,208635.04
5572,2207,107,3,33391.06
5573,2208,307,3,50519.78
5574,2208,96,3,65773.58
5575,2209,62,1,47437.51
5576,2209,265,1,39650.36
5577,2210,95,3,49700.64
5578,2210,370,3,29783.24
5579,2210,148,1,206362.87
5580,2210,6,2,136605.61
5581,2211,242,3,51496.32
5582,2211,325,1,76663.93
5583,2211,48,1,132286.45
5584,2211,105,2,171327.72
5585,2212,214,2,146526.82
5586,2212,280,2,154590.14
5587,2213,187,3,48772.65
5588,2213,33,1,28473.0
5589,2213,298,1,22913.44
5590,2213,267,1,123814.11
5591,2214,129,3,21632.52
5592,2215,181,2,166139.86
5593,2215,356,1,193708.01
5594,2215,23,1,113409.53
5595,2215,266,2,154737.92
5596,2216,23,1,113409.53
5597,2216,325,3,76663.93
5598,2217,315,1,92353.85
5599,2217,347,3,137186.09
5600,2217,115,2,58008.8
5601,2218,156,2,100447.5
5602,2218,25,3,56365.36
5603,2218,325,1,76663.93
5604,2219,341,3,152978.48
5605,2220,267,1,123814.11
5606,2220,387,3,60812.16
5607,2221,316,3,3769.9
5608,2222,91,2,102944.04
5609,2223,331,2,137555.3
5610,2223,48,2,132286.45
5611,2223,85,3,114181.68
5612,2224,13,1,184860.08
5613,2224,250,2,198609.8
5614,2224,347,1,137186.09
5615,2225,322,1,130758.24
5616,2225,112,3,3039.37
5617,2225,295,3,154948.76
5618,2226,380,2,129190.02
5619,2227,59,3,161932.27
5620,2228,28,3,98230.78
5621,2228,222,1,15887.34
5622,2228,98,3,185562.02
5623,2229,113,1,195996.61
5624,2230,257,2,7609.62
5625,2231,322,1,130758.24
5626,2232,79,2,117712.55
5627,2232,145,1,163994.77
5628,2232,16,3,130664.31
5629,2232,285,2,36376.55
5630,2233,99,2,67013.23
5631,2233,244,1,8123.81
5632,2233,246,1,155067.32
5633,2233,210,2,97334.98
5634,2234,145,1,163994.77
5635,2234,244,1,8123.81
5636,2235,12,3,25200.8
5637,2235,373,1,38418.12
5638,2236,362,1,14481.09
5639,2237,102,3,96364.66
5640,2237,86,2,31662.6
5641,2237,270,2,94124.72
5642,2238,362,2,14481.09
5643,2238,397,2,37758.94
5644,2239,304,2,161992.8
5645,2239,86,1,31662.6
5646,2239,272,3,62763.18
5647,2239,341,1,152978.48
5648,2240,139,3,95013.28
5649,2241,265,3,39650.36
5650,2241,279,1,31093.62
5651,2241,389,1,223901.84
5652,2241,398,1,79202.64
5653,2242,33,2,28473.0
5654,2242,172,2,156618.46
5655,2243,242,3,51496.32
5656,2244,59,3,161932.27
5657,2244,152,2,184290.03
5658,2244,282,2,44757.51
5659,2244,257,3,7609.62
5660,2245,377,2,127215.62
5661,2245,40,3,244240.57
5662,2245,231,1,169920.09
5663,2245,16,2,130664.31
5664,2246,110,3,49497.28
5665,2246,253,3,146101.92
5666,2246,327,3,93962.55
5667,2246,374,2,12526.67
5668,2247,45,1,139853.99
5669,2247,270,1,94124.72
5670,2247,210,3,97334.98
5671,2247,133,1,75132.07
5672,2248,380,1,129190.02
5673,2248,141,1,88692.92
5674,2248,183,2,182249.1
5675,2248,167,2,17448.92
5676,2249,393,3,22998.42
5677,2249,4,1,114946.67
5678,2249,31,3,213222.88
5679,2250,399,2,117465.54
5680,2250,234,3,134417.8
5681,2250,37,1,46157.25
5682,2250,281,3,89826.4
5683,2251,48,2,132286.45
5684,2251,3,3,7526.8
5685,2251,95,3,49700.64
5686,2252,161,3,98450.34
5687,2252,96,2,65773.58
5688,2253,155,2,48337.64
5689,2253,338,3,90146.38
5690,2253,305,1,198015.99
5691,2254,387,1,60812.16
5692,2254,154,3,211291.85
5693,2254,3,3,7526.8
5694,2254,373,1,38418.12
5695,2255,294,2,193211.61
5696,2255,229,3,20447.16
5697,2255,367,2,228694.37
5698,2255,272,1,62763.18
5699,2256,182,3,35037.64
5700,2256,193,3,83074.26
5701,2257,312,1,213856.86
5702,2258,197,3,155218.93
5703,2258,192,2,43441.24
5704,2259,393,2,22998.42
5705,2259,276,3,23971.0
5706,2260,78,1,197988.01
5707,2261,301,2,112144.59
5708,2261,365,1,116653.08
5709,2261,38,3,108041.96
5710,2261,63,1,159567.98
5711,2262,214,2,146526.82
5712,2262,337,3,139826.06
5713,2262,203,3,160317.19
5714,2262,86,2,31662.6
5715,2263,397,2,37758.94
5716,2263,6,1,136605.61
5717,2263,250,1,198609.8
5718,2264,397,2,37758.94
5719,2264,365,1,116653.08
5720,2264,337,2,139826.06
5721,2265,379,1,193559.0
5722,2265,339,3,10393.21
5723,2265,362,1,14481.09
5724,2266,108,3,227064.66
5725,2266,385,2,237554.64
5726,2267,159,3,77121.65
5727,2268,87,2,45719.31
5728,2268,130,2,169159.49
5729,2268,94,1,211083.87
5730,2269,197,2,155218.93
5731,2269,91,1,102944.04
5732,2269,354,3,33934.36
5733,2269,272,1,62763.18
5734,2270,185,1,222877.27
5735,2270,35,2,120078.64
5736,2271,226,3,102863.17
5737,2272,29,3,63287.15
5738,2272,354,2,33934.36
5739,2272,22,1,150862.55
5740,2273,211,3,4061.75
5741,2274,299,1,203148.18
5742,2274,125,2,191668.58
5743,2275,143,1,187703.44
5744,2276,338,3,90146.38
5745,2276,226,3,102863.17
5746,2277,305,1,198015.99
5747,2277,10,1,228921.75
5748,2277,188,3,35013.84
5749,2278,276,3,23971.0
5750,2278,107,3,33391.06
5751,2278,177,2,68966.65
5752,2279,168,1,81218.81
5753,2279,4,1,114946.67
5754,2279,309,1,108356.35
5755,2280,169,3,94973.51
5756,2281,397,2,37758.94
5757,2282,353,2,89374.69
5758,2282,20,0,182631.87
5759,2282,182,2,35037.64
5760,2282,352,3,195040.51
5761,2283,228,3,51706.06
5762,2283,89,1,200852.0
5763,2283,248,2,181994.22
5764,2283,50,2,196418.36
5765,2284,285,2,36376.55
5766,2284,378,1,257676.08
5767,2285,268,2,163510.92
5768,2286,16,3,130664.31
5769,2286,142,2,85943.57
5770,2287,210,3,97334.98
5771,2287,86,3,31662.6
5772,2287,69,3,4305.21
5773,2288,91,2,102944.04
5774,2288,377,2,127215.62
5775,2289,35,3,120078.64
5776,2289,67,2,97379.9
5777,2290,336,1,223256.52
5778,2290,395,2,124226.7
5779,2290,57,2,131451.16
5780,2290,264,2,92901.53
5781,2291,250,3,198609.8
5782,2292,88,3,101192.35
5783,2293,128,2,173129.42
5784,2293,260,3,213378.12
5785,2294,173,3,47377.77
5786,2294,248,2,181994.22
5787,2294,95,2,49700.64
5788,2295,337,2,139826.06
5789,2295,354,2,33934.36
5790,2295,307,1,50519.78
5791,2295,230,2,99627.55
5792,2296,152,2,184290.03
5793,2296,108,1,227064.66
5794,2296,291,3,103671.46
5795,2297,312,3,213856.86
5796,2297,309,1,108356.35
5797,2298,255,3,120947.33
5798,2298,347,2,137186.09
5799,2298,115,1,58008.8
5800,2299,250,2,198609.8
5801,2299,366,1,135643.25
5802,2299,340,2,165052.47
5803,2299,95,2,49700.64
5804,2300,244,3,8123.81
5805,2300,110,3,49497.28
5806,2300,285,3,36376.55
5807,2301,48,2,132286.45
5808,2301,242,2,51496.32
5809,2301,183,3,182249.1
5810,2301,322,1,130758.24
5811,2302,53,3,178807.02
5812,2303,351,2,221689.4
5813,2304,278,2,146503.31
5814,2304,173,2,47377.77
5815,2304,380,3,129190.02
5816,2305,160,1,116411.44
5817,2306,41,2,77155.11
5818,2306,26,3,38469.74
5819,2306,248,2,181994.22
5820,2306,332,1,247371.04
5821,2307,376,3,204960.25
5822,2307,17,3,187307.96
5823,2307,118,2,88084.04
5824,2308,374,2,12526.67
5825,2308,318,3,57516.99
5826,2309,325,1,76663.93
5827,2309,15,3,143957.3
5828,2310,299,3,203148.18
5829,2310,342,2,176733.9
5830,2310,365,1,116653.08
5831,2310,17,1,187307.96
5832,2311,383,3,183812.28
5833,2311,343,2,55072.92
5834,2311,375,3,31576.35
5835,2312,321,3,157890.36
5836,2313,298,1,22913.44
5837,2313,267,2,123814.11
5838,2313,187,1,48772.65
5839,2313,224,2,180566.69
5840,2314,351,1,221689.4
5841,2314,287,2,22255.08
5842,2314,365,1,116653.08
5843,2314,48,3,132286.45
5844,2315,234,1,134417.8
5845,2315,159,2,77121.65
5846,2315,9,3,216809.67
5847,2315,287,2,22255.08
5848,2316,354,1,33934.36
5849,2317,270,1,94124.72
5850,2317,25,1,56365.36
5851,2317,152,1,184290.03
5852,2317,95,3,49700.64
5853,2318,379,2,193559.0
5854,2319,312,2,213856.86
5855,2320,293,3,115807.73
5856,2320,28,3,98230.78
5857,2320,266,3,154737.92
5858,2320,267,2,123814.11
5859,2321,270,1,94124.72
5860,2321,90,1,223688.38
5861,2321,12,1,25200.8
5862,2321,381,3,176980.96
5863,2322,86,1,31662.6
5864,2322,68,2,2885.59
5865,2323,85,2,114181.68
5866,2323,98,3,185562.02
5867,2323,47,2,152134.58
5868,2323,339,1,10393.21
5869,2324,270,2,94124.72
5870,2324,46,2,118724.75
5871,2324,132,2,111446.24
5872,2325,306,2,17520.5
5873,2325,152,3,184290.03
5874,2326,14,3,89932.3
5875,2327,8,1,187839.72
5876,2328,376,2,204960.25
5877,2328,305,1,198015.99
5878,2329,340,1,165052.47
5879,2329,12,2,25200.8
5880,2329,95,3,49700.64
5881,2329,122,1,193564.32
5882,2330,276,3,23971.0
5883,2331,4,1,114946.67
5884,2331,343,1,55072.92
5885,2331,190,1,-1000.0
5886,2331,211,2,4061.75
5887,2332,188,1,35013.84
5888,2332,321,2,157890.36
5889,2333,118,2,88084.04
5890,2333,278,1,146503.31
5891,2333,381,2,176980.96
5892,2334,340,1,165052.47
5893,2334,169,2,94973.51
5894,2334,224,3,180566.69
5895,2335,20,3,182631.87
5896,2335,70,1,92203.48
5897,2336,296,3,68855.2
5898,2336,278,2,146503.31
5899,2336,46,3,118724.75
5900,2337,9,3,216809.67
5901,2337,4,2,114946.67
5902,2337,214,1,146526.82
5903,2338,121,1,72624.12
5904,2338,148,3,206362.87
5905,2338,25,1,56365.36
5906,2338,238,1,16422.19
5907,2339,381,2,176980.96
5908,2340,25,2,56365.36
5909,2340,86,2,31662.6
5910,2341,148,2,206362.87
5911,2341,372,3,129635.61
5912,2342,321,2,157890.36
5913,2342,59,1,161932.27
5914,2343,287,3,22255.08
5915,2343,120,2,146292.08
5916,2343,234,3,134417.8
5917,2344,198,3,169603.47
5918,2345,68,1,2885.59
5919,2345,265,2,39650.36
5920,2346,65,3,189259.53
5921,2346,270,3,94124.72
5922,2347,357,1,175127.82
5923,2347,15,3,143957.3
5924,2347,212,3,167662.05
5925,2348,159,1,77121.65
5926,2348,302,1,127736.26
5927,2349,352,1,195040.51
5928,2349,366,3,135643.25
5929,2349,285,2,36376.55
5930,2350,309,3,108356.35
5931,2350,289,1,93894.4
5932,2350,391,3,49496.26
5933,2350,358,2,178348.09
5934,2351,37,1,46157.25
5935,2352,61,1,189942.13
5936,2353,332,3,247371.04
5937,2353,319,3,38726.82
5938,2354,219,1,194332.13
5939,2355,280,3,154590.14
5940,2356,257,3,7609.62
5941,2356,379,2,193559.0
5942,2356,367,2,228694.37
5943,2357,315,3,92353.85
5944,2358,102,3,96364.66
5945,2358,57,1,131451.16
5946,2358,135,3,63733.13
5947,2358,224,1,180566.69
5948,2359,219,3,194332.13
5949,2359,331,2,137555.3
5950,2359,214,3,146526.82
5951,2360,365,1,116653.08
5952,2360,357,2,175127.82
5953,2361,66,0,185456.68
5954,2361,122,2,193564.32
5955,2362,147,1,46179.06
5956,2362,206,1,126816.6
5957,2363,192,2,43441.24
5958,2363,316,3,3769.9
5959,2363,279,3,31093.62
5960,2364,283,3,89092.71
5961,2364,374,3,12526.67
5962,2365,379,3,193559.0
5963,2366,380,3,129190.02
5964,2367,28,2,98230.78
5965,2367,14,2,89932.3
5966,2368,20,3,182631.87
5967,2368,57,1,131451.16
5968,2368,23,2,113409.53
5969,2369,238,3,16422.19
5970,2369,98,2,185562.02
5971,2369,99,3,67013.23
5972,2370,325,2,76663.93
5973,2371,379,1,193559.0
5974,2372,41,3,77155.11
5975,2372,190,3,-1000.0
5976,2372,303,3,80733.63
5977,2373,135,3,63733.13
5978,2373,110,3,49497.28
5979,2374,179,3,72910.11
5980,2374,255,3,120947.33
5981,2375,301,0,112144.59
5982,2375,62,3,47437.51
5983,2376,293,2,115807.73
5984,2377,231,3,169920.09
5985,2377,339,1,10393.21
5986,2378,204,2,188978.74
5987,2378,357,3,175127.82
5988,2379,66,3,185456.68
5989,2379,174,3,117478.08
5990,2379,362,3,14481.09
5991,2380,285,2,36376.55
5992,2381,100,1,196105.0
5993,2381,291,2,103671.46
5994,2381,399,3,117465.54
5995,2381,73,2,226665.36
5996,2382,294,3,193211.61
5997,2383,214,1,146526.82
5998,2383,197,1,155218.93
5999,2384,293,3,115807.73
6000,2384,321,2,157890.36
6001,2384,386,3,80116.96
6002,2384,379,2,193559.0
6003,2385,213,0,16785.14
6004,2386,322,3,130758.24
6005,2387,53,2,178807.02
6006,2387,236,1,182898.47
6007,2387,395,3,124226.7
6008,2387,161,1,98450.34
6009,2388,10,3,228921.75
6010,2388,374,2,12526.67
6011,2388,42,3,122256.45
6012,2389,122,3,193564.32
6013,2389,279,3,31093.62
6014,2390,305,2,198015.99
6015,2390,13,3,184860.08
6016,2391,352,2,195040.51
6017,2391,337,1,139826.06
6018,2391,116,3,93394.61
6019,2392,76,1,105147.62
6020,2392,28,2,98230.78
6021,2392,259,1,267553.37
6022,2392,143,2,187703.44
6023,2393,268,3,163510.92
6024,2393,287,2,22255.08
6025,2393,214,1,146526.82
6026,2393,231,2,169920.09
6027,2394,236,3,182898.47
6028,2394,168,1,81218.81
6029,2394,202,1,161677.95
6030,2394,257,2,7609.62
6031,2395,398,2,79202.64
6032,2396,130,3,169159.49
6033,2397,271,1,39127.12
6034,2398,193,1,83074.26
6035,2398,308,0,70851.91
6036,2398,204,2,188978.74
6037,2398,270,2,94124.72
6038,2399,118,3,88084.04
6039,2400,6,3,136605.61
6040,2400,278,2,146503.31
6041,2401,110,1,49497.28
6042,2402,397,3,37758.94
6043,2402,387,2,60812.16
6044,2402,37,1,46157.25
6045,2403,98,1,185562.02
6046,2403,62,2,47437.51
6047,2403,112,2,3039.37
6048,2403,242,1,51496.32
6049,2404,327,1,93962.55
6050,2404,82,1,102874.79
6051,2404,19,3,146352.25
6052,2404,75,2,109608.7
6053,2405,59,1,161932.27
6054,2405,113,2,195996.61
6055,2405,62,1,47437.51
6056,2406,291,3,103671.46
6057,2406,182,1,35037.64
6058,2406,187,3,48772.65
6059,2407,332,3,247371.04
6060,2407,22,1,150862.55
6061,2407,375,2,31576.35
6062,2407,308,1,70851.91
6063,2408,302,3,127736.26
6064,2408,320,3,172820.69
6065,2408,42,3,122256.45
6066,2408,381,0,176980.96
6067,2409,185,1,222877.27
6068,2410,305,3,198015.99
6069,2410,296,2,68855.2
6070,2411,25,2,56365.36
6071,2411,257,3,7609.62
6072,2411,287,3,22255.08
6073,2411,57,1,131451.16
6074,2412,132,2,111446.24
6075,2412,374,1,12526.67
6076,2413,157,2,91158.49
6077,2413,327,1,93962.55
6078,2413,22,3,150862.55
6079,2414,368,2,209350.37
6080,2414,9,3,216809.67
6081,2414,287,1,22255.08
6082,2414,264,3,92901.53
6083,2415,276,2,23971.0
6084,2416,309,1,108356.35
6085,2416,206,3,126816.6
6086,2416,398,1,79202.64
6087,2417,90,2,223688.38
6088,2418,262,1,111472.85
6089,2418,197,2,155218.93
6090,2418,78,1,197988.01
6091,2418,283,3,89092.71
6092,2419,246,2,155067.32
6093,2419,294,1,193211.61
6094,2419,306,2,17520.5
6095,2419,88,2,101192.35
6096,2420,332,2,247371.04
6097,2421,278,3,146503.31
6098,2422,287,3,22255.08
6099,2422,347,2,137186.09
6100,2422,137,2,134221.1
6101,2423,159,1,77121.65
6102,2423,50,2,196418.36
6103,2423,279,3,31093.62
6104,2424,121,3,72624.12
6105,2424,222,3,15887.34
6106,2424,297,3,67730.03
6107,2425,173,1,47377.77
6108,2425,48,3,132286.45
6109,2426,314,1,53745.02
6110,2426,397,1,37758.94
6111,2426,66,1,185456.68
6112,2426,37,1,46157.25
6113,2427,56,2,153085.38
6114,2427,254,1,100631.14
6115,2427,159,1,77121.65
6116,2428,84,2,42005.69
6117,2428,26,2,38469.74
6118,2428,157,1,91158.49
6119,2429,157,2,91158.49
6120,2429,130,1,169159.49
6121,2430,170,1,36052.22
6122,2431,139,2,95013.28
6123,2431,67,2,97379.9
6124,2431,294,2,193211.61
6125,2432,208,3,58440.67
6126,2432,159,3,77121.65
6127,2432,274,2,54686.32
6128,2432,89,3,200852.0
6129,2433,299,2,203148.18
6130,2433,338,1,90146.38
6131,2434,228,2,51706.06
6132,2434,255,2,120947.33
6133,2435,125,3,191668.58
6134,2435,391,2,49496.26
6135,2435,376,3,204960.25
6136,2435,161,2,98450.34
6137,2436,145,2,163994.77
6138,2436,62,2,47437.51
6139,2436,372,2,129635.61
6140,2437,281,2,89826.4
6141,2437,126,2,176896.18
6142,2438,200,3,133017.26
6143,2438,226,2,102863.17
6144,2438,230,2,99627.55
6145,2439,31,1,213222.88
6146,2439,46,3,118724.75
6147,2440,251,2,107136.01
6148,2441,230,3,99627.55
6149,2442,367,2,228694.37
6150,2442,31,2,213222.88
6151,2442,306,1,17520.5
6152,2442,291,1,103671.46
6153,2443,385,1,237554.64
6154,2443,148,1,206362.87
6155,2443,130,3,169159.49
6156,2443,132,3,111446.24
6157,2444,295,3,154948.76
6158,2444,113,1,195996.61
6159,2445,187,2,48772.65
6160,2446,132,2,111446.24
6161,2447,178,2,202498.25
6162,2448,378,2,257676.08
6163,2448,129,2,21632.52
6164,2448,224,1,180566.69
6165,2448,352,1,195040.51
6166,2449,142,1,85943.57
6167,2449,349,1,20709.51
6168,2449,399,3,117465.54
6169,2450,141,1,88692.92
6170,2450,126,1,176896.18
6171,2451,47,3,152134.58
6172,2451,174,3,117478.08
6173,2451,162,1,52286.3
6174,2452,275,1,196237.01
6175,2452,122,1,193564.32
6176,2453,84,2,42005.69
6177,2453,335,3,62446.33
6178,2453,193,2,83074.26
6179,2454,63,2,159567.98
6180,2454,319,2,38726.82
6181,2455,112,2,3039.37
6182,2455,339,3,10393.21
6183,2455,110,2,49497.28
6184,2455,19,2,146352.25
6185,2456,46,2,118724.75
6186,2457,43,2,114531.37
6187,2457,188,1,35013.84
6188,2457,31,2,213222.88
6189,2458,85,1,114181.68
6190,2458,320,1,172820.69
6191,2458,387,1,60812.16
6192,2459,141,1,88692.92
6193,2459,218,3,172588.85
6194,2459,223,3,133823.09
6195,2459,145,1,163994.77
6196,2460,145,2,163994.77
6197,2461,266,3,154737.92
6198,2461,338,2,90146.38
6199,2462,38,2,108041.96
6200,2462,69,3,4305.21
6201,2462,98,3,185562.02
6202,2463,4,3,114946.67
6203,2463,377,1,127215.62
6204,2463,73,1,226665.36
6205,2464,17,3,187307.96
6206,2465,236,2,182898.47
6207,2466,99,2,67013.23
6208,2466,305,1,198015.99
6209,2466,276,2,23971.0
6210,2467,159,2,77121.65
6211,2467,274,3,54686.32
6212,2467,31,1,213222.88
6213,2468,195,2,92189.19
6214,2469,230,2,99627.55
6215,2470,254,2,100631.14
6216,2470,183,1,182249.1
6217,2470,354,1,33934.36
6218,2471,268,2,163510.92
6219,2472,129,1,21632.52
6220,2472,210,3,97334.98
6221,2472,216,3,65676.87
6222,2472,380,3,129190.02
6223,2473,180,2,215596.8
6224,2473,266,2,154737.92
6225,2473,287,2,22255.08
6226,2473,213,3,16785.14
6227,2474,298,2,22913.44
6228,2474,112,1,3039.37
6229,2475,319,3,38726.82
6230,2475,89,2,200852.0
6231,2475,212,3,167662.05
6232,2476,6,3,136605.61
6233,2476,195,2,92189.19
6234,2477,102,1,96364.66
6235,2477,291,1,103671.46
6236,2478,306,1,17520.5
6237,2479,118,1,88084.04
6238,2479,211,2,4061.75
6239,2479,129,3,21632.52
6240,2479,274,3,54686.32
6241,2480,243,3,37577.05
6242,2480,230,1,99627.55
6243,2480,96,2,65773.58
6244,2481,351,1,221689.4
6245,2481,55,1,63638.65
6246,2481,296,1,68855.2
6247,2481,379,3,193559.0
6248,2482,264,3,92901.53
6249,2482,212,3,167662.05
6250,2482,254,1,100631.14
6251,2482,321,0,157890.36
6252,2483,208,1,58440.67
6253,2483,84,3,42005.69
6254,2483,20,3,182631.87
6255,2484,330,3,53581.46
6256,2484,91,2,102944.04
6257,2484,204,1,188978.74
6258,2485,244,3,8123.81
6259,2485,373,1,38418.12
6260,2485,17,3,187307.96
6261,2486,90,3,223688.38
6262,2487,364,2,65746.32
6263,2487,372,1,129635.61
6264,2487,306,2,17520.5
6265,2487,46,1,118724.75
6266,2488,20,1,182631.87
6267,2488,139,2,95013.28
6268,2488,387,3,60812.16
6269,2489,299,3,203148.18
6270,2489,291,2,103671.46
6271,2490,397,1,37758.94
6272,2490,206,2,126816.6
6273,2490,15,1,143957.3
6274,2491,271,1,39127.12
6275,2491,331,1,137555.3
6276,2492,78,1,197988.01
6277,2492,281,1,89826.4
6278,2493,84,1,42005.69
6279,2493,154,3,211291.85
6280,2493,132,3,111446.24
6281,2493,15,3,143957.3
6282,2494,347,3,137186.09
6283,2494,254,2,100631.14
6284,2495,88,1,101192.35
6285,2495,6,2,136605.61
6286,2495,61,3,189942.13
6287,2495,387,3,60812.16
6288,2496,316,1,3769.9
6289,2496,253,3,146101.92
6290,2496,55,1,63638.65
6291,2496,75,1,109608.7
6292,2497,65,1,189259.53
6293,2497,167,3,17448.92
6294,2497,312,1,213856.86
6295,2498,204,1,188978.74
6296,2498,332,2,247371.04
6297,2498,100,1,196105.0
6298,2499,324,2,88809.05
6299,2500,338,2,90146.38
6300,2500,362,3,14481.09
6301,2501,155,2,48337.64
6302,2501,160,1,116411.44
6303,2501,297,3,67730.03
6304,2502,182,2,35037.64
6305,2503,334,2,146758.91
6306,2503,352,1,195040.51
6307,2503,112,1,3039.37
6308,2504,125,1,191668.58
6309,2504,211,2,4061.75
6310,2504,268,1,163510.92
6311,2504,399,3,117465.54
6312,2505,323,2,27190.12
6313,2506,248,1,181994.22
6314,2506,246,3,155067.32
6315,2506,356,3,193708.01
6316,2506,218,3,172588.85
6317,2507,76,2,105147.62
6318,2507,96,3,65773.58
6319,2507,319,2,38726.82
6320,2508,343,1,55072.92
6321,2508,266,3,154737.92
6322,2508,93,1,85322.12
6323,2508,91,1,102944.04
6324,2509,195,1,92189.19
6325,2509,15,1,143957.3
6326,2510,246,2,155067.32
6327,2510,378,2,257676.08
6328,2510,79,2,117712.55
6329,2511,61,1,189942.13
6330,2511,181,3,166139.86
6331,2511,104,2,59275.63
6332,2512,46,3,118724.75
6333,2512,212,1,167662.05
6334,2512,123,2,130947.34
6335,2512,373,1,38418.12
6336,2513,242,3,51496.32
6337,2513,338,1,90146.38
6338,2513,320,3,172820.69
6339,2513,267,2,123814.11
6340,2514,246,2,155067.32
6341,2515,268,1,163510.92
6342,2515,70,3,92203.48
6343,2516,374,1,12526.67
6344,2516,40,1,244240.57
6345,2516,398,2,79202.64
6346,2517,213,2,16785.14
6347,2517,154,2,211291.85
6348,2517,173,2,47377.77
6349,2517,107,3,33391.06
6350,2518,9,3,216809.67
6351,2518,123,3,130947.34
6352,2518,332,1,247371.04
6353,2519,360,2,24260.58
6354,2520,357,1,175127.82
6355,2520,255,2,120947.33
6356,2521,123,3,130947.34
6357,2521,30,1,37942.17
6358,2522,287,2,22255.08
6359,2522,210,1,97334.98
6360,2523,35,2,120078.64
6361,2523,72,2,123267.08
6362,2524,129,3,21632.52
6363,2525,75,3,109608.7
6364,2525,73,2,226665.36
6365,2525,165,1,75464.21
6366,2525,168,1,81218.81
6367,2526,152,1,184290.03
6368,2526,185,3,222877.27
6369,2526,301,1,112144.59
6370,2527,283,3,89092.71
6371,2528,9,1,216809.67
6372,2529,295,1,154948.76
6373,2529,222,3,15887.34
6374,2529,6,2,136605.61
6375,2529,276,1,23971.0
6376,2530,100,3,196105.0
6377,2530,282,1,44757.51
6378,2531,31,3,213222.88
6379,2531,351,1,221689.4
6380,2531,285,2,36376.55
6381,2532,31,3,213222.88
6382,2532,32,3,129254.32
6383,2533,129,3,21632.52
6384,2533,42,3,122256.45
6385,2533,118,2,88084.04
6386,2533,299,2,203148.18
6387,2534,179,3,72910.11
6388,2535,125,3,191668.58
6389,2536,20,1,182631.87
6390,2536,254,1,100631.14
6391,2536,274,3,54686.32
6392,2536,265,1,39650.36
6393,2537,267,2,123814.11
6394,2538,174,1,117478.08
6395,2538,110,1,49497.28
6396,2539,289,2,93894.4
6397,2539,270,1,94124.72
6398,2539,94,2,211083.87
6399,2540,62,2,47437.51
6400,2540,139,1,95013.28
6401,2541,206,1,126816.6
6402,2541,81,1,10899.5
6403,2541,98,2,185562.02
6404,2541,321,1,157890.36
6405,2542,23,1,113409.53
6406,2543,160,1,116411.44
6407,2543,48,2,132286.45
6408,2544,328,1,28340.81
6409,2545,230,2,99627.55
6410,2545,46,1,118724.75
6411,2545,368,3,209350.37
6412,2545,143,2,187703.44
6413,2546,376,1,204960.25
6414,2546,385,3,237554.64
6415,2546,257,0,7609.62
6416,2547,137,2,134221.1
6417,2547,331,1,137555.3
6418,2547,141,2,88692.92
6419,2548,353,2,89374.69
6420,2548,152,3,184290.03
6421,2548,15,1,143957.3
6422,2549,246,0,155067.32
6423,2549,337,1,139826.06
6424,2550,324,3,88809.05
6425,2551,377,2,127215.62
6426,2551,274,2,54686.32
6427,2551,53,2,178807.02
6428,2552,340,3,165052.47
6429,2552,380,3,129190.02
6430,2552,274,1,54686.32
6431,2552,15,2,143957.3
6432,2553,25,3,56365.36
6433,2553,192,2,43441.24
6434,2553,108,3,227064.66
6435,2553,395,3,124226.7
6436,2554,214,3,146526.82
6437,2554,73,1,226665.36
6438,2554,296,1,68855.2
6439,2554,137,2,134221.1
6440,2555,45,3,139853.99
6441,2555,257,2,7609.62
6442,2555,151,0,137308.73
6443,2556,374,1,12526.67
6444,2556,271,2,39127.12
6445,2556,90,2,223688.38
6446,2557,99,1,67013.23
6447,2557,6,1,136605.61
6448,2557,142,2,85943.57
6449,2557,253,3,146101.92
6450,2558,98,1,185562.02
6451,2558,188,1,35013.84
6452,2559,95,3,49700.64
6453,2559,261,3,79486.07
6454,2560,268,1,163510.92
6455,2560,200,1,133017.26
6456,2560,314,3,53745.02
6457,2560,121,1,72624.12
6458,2561,187,1,48772.65
6459,2561,216,1,65676.87
6460,2562,226,3,102863.17
6461,2562,395,3,124226.7
6462,2563,145,1,163994.77
6463,2563,260,1,213378.12
6464,2563,88,2,101192.35
6465,2564,73,2,226665.36
6466,2564,164,2,73095.05
6467,2564,337,1,139826.06
6468,2565,12,3,25200.8
6469,2565,102,3,96364.66
6470,2565,23,1,113409.53
6471,2565,65,2,189259.53
6472,2566,381,2,176980.96
6473,2567,252,2,186098.96
6474,2567,375,3,31576.35
6475,2568,175,2,48836.92
6476,2568,349,1,20709.51
6477,2568,125,3,191668.58
6478,2569,145,2,163994.77
6479,2569,79,2,117712.55
6480,2570,155,3,48337.64
6481,2570,307,1,50519.78
6482,2571,304,3,161992.8
6483,2571,168,3,81218.81
6484,2572,254,2,100631.14
6485,2572,202,3,161677.95
6486,2572,121,3,72624.12
6487,2573,368,2,209350.37
6488,2573,362,3,14481.09
6489,2573,295,3,154948.76
6490,2574,380,2,129190.02
6491,2575,107,2,33391.06
6492,2575,40,1,244240.57
6493,2575,216,2,65676.87
6494,2576,319,2,38726.82
6495,2576,322,1,130758.24
6496,2576,43,2,114531.37
6497,2576,266,1,154737.92
6498,2577,3,2,7526.8
6499,2577,310,1,170497.76
6500,2577,395,1,124226.7
6501,2578,168,1,81218.81
6502,2578,298,1,22913.44
6503,2579,229,2,20447.16
6504,2579,65,1,189259.53
6505,2580,36,0,33385.5
6506,2580,9,3,216809.67
6507,2580,305,2,198015.99
6508,2581,244,1,8123.81
6509,2582,314,1,53745.02
6510,2582,224,2,180566.69
6511,2582,389,2,223901.84
6512,2583,190,2,-1000.0
6513,2583,271,1,39127.12
6514,2583,316,3,3769.9
6515,2583,50,3,196418.36
6516,2584,376,3,204960.25
6517,2585,368,3,209350.37
6518,2585,102,3,96364.66
6519,2585,287,3,22255.08
6520,2585,38,3,108041.96
6521,2586,76,2,105147.62
6522,2586,297,1,67730.03
6523,2586,88,1,101192.35
6524,2587,341,3,152978.48
6525,2587,3,1,7526.8
6526,2588,385,2,237554.64
6527,2588,108,1,227064.66
6528,2588,99,1,67013.23
6529,2588,336,2,223256.52
6530,2589,337,1,139826.06
6531,2589,248,2,181994.22
6532,2589,380,2,129190.02
6533,2590,55,2,63638.65
6534,2590,393,3,22998.42
6535,2590,26,3,38469.74
6536,2591,93,1,85322.12
6537,2591,87,3,45719.31
6538,2591,156,3,100447.5
6539,2592,203,2,160317.19
6540,2592,141,1,88692.92
6541,2593,96,3,65773.58
6542,2593,183,3,182249.1
6543,2593,30,1,37942.17
6544,2594,66,1,185456.68
6545,2594,212,2,167662.05
6546,2595,123,2,130947.34
6547,2595,368,2,209350.37
6548,2596,48,3,132286.45
6549,2596,66,3,185456.68
6550,2596,356,2,193708.01
6551,2597,265,3,39650.36
6552,2597,365,3,116653.08
6553,2597,3,3,7526.8
6554,2598,291,3,103671.46
6555,2598,76,2,105147.62
6556,2598,372,3,129635.61
6557,2599,107,2,33391.06
6558,2599,90,2,223688.38
6559,2599,362,2,14481.09
6560,2599,62,2,47437.51
6561,2600,50,3,196418.36
6562,2600,181,2,166139.86
6563,2601,52,3,193193.24
6564,2601,150,2,180012.96
6565,2602,331,3,137555.3
6566,2602,91,3,102944.04
6567,2602,366,3,135643.25
6568,2602,257,2,7609.62
6569,2603,190,1,-1000.0
6570,2603,336,3,223256.52
6571,2604,121,3,72624.12
6572,2604,386,3,80116.96
6573,2605,132,2,111446.24
6574,2606,253,1,146101.92
6575,2606,356,3,193708.01
6576,2606,9,2,216809.67
6577,2607,259,2,267553.37
6578,2608,56,3,153085.38
6579,2609,197,1,155218.93
6580,2609,351,1,221689.4
6581,2609,168,2,81218.81
6582,2609,3,1,7526.8
6583,2610,38,1,108041.96
6584,2610,270,3,94124.72
6585,2610,223,3,133823.09
6586,2611,99,1,67013.23
6587,2612,334,2,146758.91
6588,2612,340,1,165052.47
6589,2612,389,2,223901.84
6590,2612,43,3,114531.37
6591,2613,167,2,17448.92
6592,2613,198,0,169603.47
6593,2613,143,1,187703.44
6594,2613,10,3,228921.75
6595,2614,364,3,65746.32
6596,2615,298,2,22913.44
6597,2616,373,2,38418.12
6598,2616,36,2,33385.5
6599,2617,85,2,114181.68
6600,2618,56,2,153085.38
6601,2619,116,3,93394.61
6602,2619,295,1,154948.76
6603,2620,173,1,47377.77
6604,2620,267,1,123814.11
6605,2620,231,1,169920.09
6606,2621,91,1,102944.04
6607,2621,65,3,189259.53
6608,2621,216,2,65676.87
6609,2622,274,1,54686.32
6610,2622,315,1,92353.85
6611,2622,222,2,15887.34
6612,2622,259,1,267553.37
6613,2623,367,3,228694.37
6614,2623,373,2,38418.12
6615,2624,293,2,115807.73
6616,2624,315,2,92353.85
6617,2624,135,3,63733.13
6618,2624,295,1,154948.76
6619,2625,168,1,81218.81
6620,2625,238,1,16422.19
6621,2626,187,3,48772.65
6622,2626,57,2,131451.16
6623,2626,41,1,77155.11
6624,2627,66,3,185456.68
6625,2627,329,1,174721.07
6626,2627,314,2,53745.02
6627,2628,223,1,133823.09
6628,2629,125,2,191668.58
6629,2630,129,3,21632.52
6630,2630,213,2,16785.14
6631,2630,107,1,33391.06
6632,2631,72,2,123267.08
6633,2631,377,1,127215.62
6634,2632,370,3,29783.24
6635,2632,387,1,60812.16
6636,2632,224,3,180566.69
6637,2632,357,1,175127.82
6638,2633,386,3,80116.96
6639,2634,50,1,196418.36
6640,2634,398,1,79202.64
6641,2634,41,1,77155.11
6642,2634,262,3,111472.85
6643,2635,257,3,7609.62
6644,2635,126,2,176896.18
6645,2635,254,3,100631.14
6646,2635,57,1,131451.16
6647,2636,252,2,186098.96
6648,2636,3,3,7526.8
6649,2636,102,3,96364.66
6650,2636,141,1,88692.92
6651,2637,367,1,228694.37
6652,2638,25,3,56365.36
6653,2638,128,2,173129.42
6654,2639,374,1,12526.67
6655,2639,376,1,204960.25
6656,2639,192,3,43441.24
6657,2639,143,2,187703.44
6658,2640,36,1,33385.5
6659,2640,266,2,154737.92
6660,2640,238,3,16422.19
6661,2641,2,3,149267.73
6662,2642,252,2,186098.96
6663,2642,297,2,67730.03
6664,2643,298,1,22913.44
6665,2643,280,3,154590.14
6666,2643,212,1,167662.05
6667,2643,345,1,3634.44
6668,2644,8,3,187839.72
6669,2644,395,3,124226.7
6670,2645,20,1,182631.87
6671,2645,115,2,58008.8
6672,2646,316,2,3769.9
6673,2646,63,1,159567.98
6674,2646,14,1,89932.3
6675,2647,45,2,139853.99
6676,2647,334,2,146758.91
6677,2647,161,3,98450.34
6678,2648,250,1,198609.8
6679,2649,305,1,198015.99
6680,2649,377,3,127215.62
6681,2649,123,2,130947.34
6682,2649,14,2,89932.3
6683,2650,281,3,89826.4
6684,2650,120,1,146292.08
6685,2650,41,3,77155.11
6686,2651,234,1,134417.8
6687,2651,328,2,28340.81
6688,2652,79,3,117712.55
6689,2652,193,0,83074.26
6690,2652,53,1,178807.02
6691,2653,398,3,79202.64
6692,2653,285,2,36376.55
6693,2653,13,2,184860.08
6694,2654,3,1,7526.8
6695,2654,238,1,16422.19
6696,2655,82,1,102874.79
6697,2655,383,3,183812.28
6698,2655,228,1,51706.06
6699,2655,386,2,80116.96
6700,2656,294,1,193211.61
6701,2657,271,3,39127.12
6702,2657,67,3,97379.9
6703,2657,228,3,51706.06
6704,2658,255,1,120947.33
6705,2659,291,1,103671.46
6706,2659,22,2,150862.55
6707,2660,183,1,182249.1
6708,2661,327,3,93962.55
6709,2661,62,1,47437.51
6710,2662,376,1,204960.25
6711,2662,105,2,171327.72
6712,2662,94,2,211083.87
6713,2662,287,1,22255.08
6714,2663,31,2,213222.88
6715,2663,87,1,45719.31
6716,2664,204,3,188978.74
6717,2664,23,1,113409.53
6718,2664,226,1,102863.17
6719,2664,53,1,178807.02
6720,2665,305,2,198015.99
6721,2665,304,3,161992.8
6722,2665,293,1,115807.73
6723,2665,368,2,209350.37
6724,2666,367,1,228694.37
6725,2666,61,1,189942.13
6726,2667,314,3,53745.02
6727,2667,218,3,172588.85
6728,2667,192,2,43441.24
6729,2668,276,1,23971.0
6730,2668,148,1,206362.87
6731,2668,244,3,8123.81
6732,2668,281,3,89826.4
6733,2669,88,2,101192.35
6734,2669,246,2,155067.32
6735,2669,17,1,187307.96
6736,2670,293,1,115807.73
6737,2670,30,3,37942.17
6738,2670,211,1,4061.75
6739,2670,229,2,20447.16
6740,2671,118,3,88084.04
6741,2671,35,2,120078.64
6742,2671,38,2,108041.96
6743,2672,59,3,161932.27
6744,2672,43,2,114531.37
6745,2672,187,1,48772.65
6746,2673,364,2,65746.32
6747,2673,143,1,187703.44
6748,2673,125,3,191668.58
6749,2673,151,3,137308.73
6750,2674,272,2,62763.18
6751,2674,15,2,143957.3
6752,2674,62,1,47437.51
6753,2675,356,2,193708.01
6754,2675,130,0,169159.49
6755,2676,182,2,35037.64
6756,2676,183,3,182249.1
6757,2677,276,1,23971.0
6758,2677,223,3,133823.09
6759,2677,154,2,211291.85
6760,2678,192,1,43441.24
6761,2678,230,3,99627.55
6762,2678,17,3,187307.96
6763,2678,181,1,166139.86
6764,2679,377,3,127215.62
6765,2680,328,1,28340.81
6766,2680,51,0,93241.8
6767,2680,358,3,178348.09
6768,2680,118,1,88084.04
6769,2681,289,1,93894.4
6770,2681,381,1,176980.96
6771,2682,218,3,172588.85
6772,2682,141,3,88692.92
6773,2683,175,2,48836.92
6774,2683,251,2,107136.01
6775,2683,156,1,100447.5
6776,2684,334,1,146758.91
6777,2684,279,3,31093.62
6778,2684,50,2,196418.36
6779,2684,287,2,22255.08
6780,2685,223,3,133823.09
6781,2685,168,3,81218.81
6782,2685,116,3,93394.61
6783,2685,4,2,114946.67
6784,2686,110,3,49497.28
6785,2686,97,2,124701.15
6786,2687,239,2,91749.05
6787,2687,93,3,85322.12
6788,2688,302,2,127736.26
6789,2689,75,2,109608.7
6790,2689,323,3,27190.12
6791,2690,45,1,139853.99
6792,2690,239,3,91749.05
6793,2690,365,3,116653.08
6794,2691,321,1,157890.36
6795,2691,364,1,65746.32
6796,2692,96,2,65773.58
6797,2693,25,1,56365.36
6798,2693,172,1,156618.46
6799,2693,53,3,178807.02
6800,2693,13,1,184860.08
6801,2694,293,3,115807.73
6802,2695,193,1,83074.26
6803,2696,316,2,3769.9
6804,2697,399,3,117465.54
6805,2697,185,3,222877.27
6806,2697,356,3,193708.01
6807,2698,97,1,124701.15
6808,2698,208,3,58440.67
6809,2698,12,2,25200.8
6810,2699,265,2,39650.36
6811,2699,380,2,129190.02
6812,2700,157,1,91158.49
6813,2700,200,3,133017.26
6814,2700,271,1,39127.12
6815,2701,375,1,31576.35
6816,2701,298,1,22913.44
6817,2701,234,2,134417.8
6818,2702,267,2,123814.11
6819,2703,251,2,107136.01
6820,2703,40,3,244240.57
6821,2704,254,2,100631.14
6822,2705,330,3,53581.46
6823,2706,220,2,107337.51
6824,2706,175,2,48836.92
6825,2707,380,2,129190.02
6826,2708,295,3,154948.76
6827,2708,337,3,139826.06
6828,2708,87,3,45719.31
6829,2708,388,2,256305.09
6830,2709,87,1,45719.31
6831,2709,81,3,10899.5
6832,2709,173,3,47377.77
6833,2710,32,2,129254.32
6834,2710,41,2,77155.11
6835,2710,211,1,4061.75
6836,2711,55,3,63638.65
6837,2712,388,1,256305.09
6838,2712,324,3,88809.05
6839,2713,202,2,161677.95
6840,2713,43,3,114531.37
6841,2713,165,3,75464.21
6842,2714,364,3,65746.32
6843,2715,162,2,52286.3
6844,2715,376,1,204960.25
6845,2715,252,1,186098.96
6846,2715,200,1,133017.26
6847,2716,210,3,97334.98
6848,2717,282,2,44757.51
6849,2717,270,3,94124.72
6850,2717,2,3,149267.73
6851,2718,342,1,176733.9
6852,2718,395,3,124226.7
6853,2718,172,1,156618.46
6854,2718,307,3,50519.78
6855,2719,297,1,67730.03
6856,2719,270,3,94124.72
6857,2720,252,3,186098.96
6858,2720,287,1,22255.08
6859,2720,313,3,-1000.0
6860,2721,4,1,114946.67
6861,2721,330,3,53581.46
6862,2721,259,3,267553.37
6863,2721,234,3,134417.8
6864,2722,67,3,97379.9
6865,2723,376,3,204960.25
6866,2723,304,3,161992.8
6867,2723,356,1,193708.01
6868,2723,261,2,79486.07
6869,2724,339,1,10393.21
6870,2724,141,2,88692.92
6871,2724,214,2,146526.82
6872,2725,226,1,102863.17
6873,2726,366,3,135643.25
6874,2726,228,1,51706.06
6875,2726,296,2,68855.2
6876,2726,275,3,196237.01
6877,2727,287,1,22255.08
6878,2728,19,1,146352.25
6879,2728,2,3,149267.73
6880,2729,303,1,80733.63
6881,2729,52,3,193193.24
6882,2730,330,2,53581.46
6883,2730,67,2,97379.9
6884,2731,336,2,223256.52
6885,2732,218,2,172588.85
6886,2732,380,1,129190.02
6887,2732,275,1,196237.01
6888,2733,102,3,96364.66
6889,2733,276,1,23971.0
6890,2733,397,3,37758.94
6891,2734,28,1,98230.78
6892,2734,40,1,244240.57
6893,2734,48,3,132286.45
6894,2735,155,3,48337.64
6895,2735,89,1,200852.0
6896,2736,76,1,105147.62
6897,2736,331,1,137555.3
6898,2736,91,1,102944.04
6899,2737,328,3,28340.81
6900,2737,353,3,89374.69
6901,2737,178,1,202498.25
6902,2737,95,1,49700.64
6903,2738,83,3,227727.93
6904,2738,367,2,228694.37
6905,2738,165,1,75464.21
6906,2739,324,1,88809.05
6907,2739,129,3,21632.52
6908,2739,373,2,38418.12
6909,2740,120,2,146292.08
6910,2740,307,1,50519.78
6911,2740,261,2,79486.07
6912,2741,183,2,182249.1
6913,2742,243,1,37577.05
6914,2742,252,2,186098.96
6915,2743,29,2,63287.15
6916,2743,12,3,25200.8
6917,2743,37,3,46157.25
6918,2743,165,2,75464.21
6919,2744,143,1,187703.44
6920,2744,324,1,88809.05
6921,2745,362,1,14481.09
6922,2745,282,1,44757.51
6923,2745,216,2,65676.87
6924,2746,279,3,31093.62
6925,2746,14,3,89932.3
6926,2746,172,3,156618.46
6927,2746,97,3,124701.15
6928,2747,175,3,48836.92
6929,2747,35,3,120078.64
6930,2747,20,2,182631.87
6931,2748,41,3,77155.11
6932,2748,305,1,198015.99
6933,2748,97,2,124701.15
6934,2749,293,2,115807.73
6935,2750,345,1,3634.44
6936,2750,164,2,73095.05
6937,2750,59,2,161932.27
6938,2751,66,0,185456.68
6939,2751,289,2,93894.4
6940,2751,42,2,122256.45
6941,2752,386,2,80116.96
6942,2752,305,2,198015.99
6943,2752,381,2,176980.96
6944,2753,335,2,62446.33
6945,2754,187,2,48772.65
6946,2754,4,3,114946.67
6947,2755,83,2,227727.93
6948,2755,143,1,187703.44
6949,2755,78,3,197988.01
6950,2755,260,1,213378.12
6951,2756,15,2,143957.3
6952,2757,229,1,20447.16
6953,2757,329,3,174721.07
6954,2757,151,2,137308.73
6955,2758,133,2,75132.07
6956,2758,143,1,187703.44
6957,2758,294,2,193211.61
6958,2758,399,1,117465.54
6959,2759,95,3,49700.64
6960,2759,121,2,72624.12
6961,2759,220,1,107337.51
6962,2759,126,1,176896.18
6963,2760,139,1,95013.28
6964,2760,231,3,169920.09
6965,2760,374,2,12526.67
6966,2761,272,2,62763.18
6967,2761,362,1,14481.09
6968,2762,353,1,89374.69
6969,2762,328,2,28340.81
6970,2762,178,3,202498.25
6971,2762,99,1,67013.23
6972,2763,239,3,91749.05
6973,2764,35,1,120078.64
6974,2764,82,3,102874.79
6975,2764,100,3,196105.0
6976,2764,389,3,223901.84
6977,2765,37,2,46157.25
6978,2765,310,2,170497.76
6979,2765,338,1,90146.38
6980,2765,10,3,228921.75
6981,2766,55,2,63638.65
6982,2766,162,3,52286.3
6983,2766,314,1,53745.02
6984,2766,175,1,48836.92
6985,2767,308,3,70851.91
6986,2768,42,1,122256.45
6987,2768,222,3,15887.34
6988,2768,25,3,56365.36
6989,2769,19,3,146352.25
6990,2770,315,3,92353.85
6991,2771,22,3,150862.55
6992,2771,376,3,204960.25
6993,2772,123,1,130947.34
6994,2772,372,1,129635.61
6995,2772,342,1,176733.9
6996,2773,222,2,15887.34
6997,2773,331,2,137555.3
6998,2773,151,2,137308.73
6999,2774,84,3,42005.69
7000,2774,393,3,22998.42
7001,2774,83,3,227727.93
7002,2774,260,1,213378.12
7003,2775,212,1,167662.05
7004,2775,73,2,226665.36
7005,2776,310,1,170497.76
7006,2777,107,3,33391.06
7007,2778,238,1,16422.19
7008,2778,93,1,85322.12
7009,2778,314,2,53745.02
7010,2778,161,1,98450.34
7011,2779,73,1,226665.36
7012,2779,202,2,161677.95
7013,2779,257,3,7609.62
7014,2779,142,2,85943.57
7015,2780,211,1,4061.75
7016,2780,228,1,51706.06
7017,2781,178,3,202498.25
7018,2781,105,1,171327.72
7019,2781,224,1,180566.69
7020,2781,10,3,228921.75
7021,2782,283,2,89092.71
7022,2782,385,2,237554.64
7023,2783,63,1,159567.98
7024,2783,223,2,133823.09
7025,2783,360,3,24260.58
7026,2784,143,2,187703.44
7027,2785,204,1,188978.74
7028,2785,314,3,53745.02
7029,2786,248,1,181994.22
7030,2786,376,2,204960.25
7031,2786,87,1,45719.31
7032,2787,318,1,57516.99
7033,2788,254,1,100631.14
7034,2788,372,2,129635.61
7035,2788,19,1,146352.25
7036,2789,204,1,188978.74
7037,2789,283,1,89092.71
7038,2790,257,2,7609.62
7039,2790,99,1,67013.23
7040,2790,255,2,120947.33
7041,2790,95,3,49700.64
7042,2791,35,1,120078.64
7043,2791,206,2,126816.6
7044,2791,37,1,46157.25
7045,2792,244,3,8123.81
7046,2792,6,1,136605.61
7047,2792,57,3,131451.16
7048,2792,220,2,107337.51
7049,2793,20,1,182631.87
7050,2793,63,1,159567.98
7051,2793,115,3,58008.8
7052,2793,229,3,20447.16
7053,2794,294,1,193211.61
7054,2794,213,2,16785.14
7055,2794,349,2,20709.51
7056,2794,341,1,152978.48
7057,2795,294,3,193211.61
7058,2796,278,1,146503.31
7059,2797,116,1,93394.61
7060,2797,170,2,36052.22
7061,2798,168,3,81218.81
7062,2798,78,3,197988.01
7063,2798,380,3,129190.02
7064,2798,152,1,184290.03
7065,2799,187,2,48772.65
7066,2799,386,2,80116.96
7067,2799,397,3,37758.94
7068,2800,330,2,53581.46
7069,2800,331,1,137555.3
7070,2800,224,1,180566.69
7071,2800,246,2,155067.32
7072,2801,61,1,189942.13
7073,2802,313,2,-1000.0
7074,2802,15,2,143957.3
7075,2803,81,2,10899.5
7076,2803,224,2,180566.69
7077,2804,160,2,116411.44
7078,2804,162,1,52286.3
7079,2804,236,3,182898.47
7080,2804,351,1,221689.4
7081,2805,381,3,176980.96
7082,2805,364,2,65746.32
7083,2805,45,2,139853.99
7084,2805,250,1,198609.8
7085,2806,367,3,228694.37
7086,2806,358,3,178348.09
7087,2807,56,1,153085.38
7088,2807,254,3,100631.14
7089,2807,323,1,27190.12
7090,2808,281,2,89826.4
7091,2808,297,3,67730.03
7092,2809,110,3,49497.28
7093,2810,155,3,48337.64
7094,2810,100,1,196105.0
7095,2810,178,2,202498.25
7096,2811,270,2,94124.72
7097,2811,97,1,124701.15
7098,2811,212,3,167662.05
7099,2812,220,1,107337.51
7100,2812,143,3,187703.44
7101,2813,135,2,63733.13
7102,2813,62,0,47437.51
7103,2813,142,2,85943.57
7104,2814,179,1,72910.11
7105,2814,162,2,52286.3
7106,2814,84,1,42005.69
7107,2815,242,3,51496.32
7108,2815,316,3,3769.9
7109,2815,315,3,92353.85
7110,2815,398,2,79202.64
7111,2816,170,2,36052.22
7112,2816,282,2,44757.51
7113,2817,328,2,28340.81
7114,2817,156,2,100447.5
7115,2817,154,3,211291.85
7116,2817,378,1,257676.08
7117,2818,16,1,130664.31
7118,2818,37,3,46157.25
7119,2818,287,3,22255.08
7120,2819,289,1,93894.4
7121,2819,206,1,126816.6
7122,2819,376,2,204960.25
7123,2820,37,3,46157.25
7124,2820,374,3,12526.67
7125,2820,52,1,193193.24
7126,2821,115,3,58008.8
7127,2821,32,2,129254.32
7128,2821,366,2,135643.25
7129,2821,190,2,-1000.0
7130,2822,88,2,101192.35
7131,2823,197,2,155218.93
7132,2823,367,3,228694.37
7133,2823,283,1,89092.71
7134,2823,287,3,22255.08
7135,2824,388,2,256305.09
7136,2824,94,1,211083.87
7137,2825,387,2,60812.16
7138,2825,357,1,175127.82
7139,2826,345,1,3634.44
7140,2827,275,3,196237.01
7141,2827,345,2,3634.44
7142,2828,202,1,161677.95
7143,2828,22,3,150862.55
7144,2828,314,2,53745.02
7145,2828,274,2,54686.32
7146,2829,102,1,96364.66
7147,2829,275,1,196237.01
7148,2830,214,3,146526.82
7149,2830,89,1,200852.0
7150,2831,87,2,45719.31
7151,2831,188,1,35013.84
7152,2831,386,2,80116.96
7153,2831,324,3,88809.05
7154,2832,370,1,29783.24
7155,2832,160,1,116411.44
7156,2832,216,2,65676.87
7157,2833,198,2,169603.47
7158,2834,69,1,4305.21
7159,2834,305,3,198015.99
7160,2835,248,1,181994.22
7161,2835,381,1,176980.96
7162,2835,105,1,171327.72
7163,2836,351,3,221689.4
7164,2836,398,3,79202.64
7165,2837,190,2,-1000.0
7166,2837,118,3,88084.04
7167,2837,53,2,178807.02
7168,2838,254,2,100631.14
7169,2838,88,3,101192.35
7170,2839,198,3,169603.47
7171,2839,295,2,154948.76
7172,2839,115,1,58008.8
7173,2839,219,2,194332.13
7174,2840,30,1,37942.17
7175,2841,381,3,176980.96
7176,2841,98,3,185562.02
7177,2841,15,2,143957.3
7178,2841,268,1,163510.92
7179,2842,239,1,91749.05
7180,2842,374,1,12526.67
7181,2842,342,3,176733.9
7182,2842,340,2,165052.47
7183,2843,63,3,159567.98
7184,2844,327,1,93962.55
7185,2845,222,1,15887.34
7186,2845,388,1,256305.09
7187,2845,259,1,267553.37
7188,2846,304,1,161992.8
7189,2847,126,1,176896.18
7190,2847,278,1,146503.31
7191,2848,157,3,91158.49
7192,2848,139,1,95013.28
7193,2849,239,1,91749.05
7194,2850,202,3,161677.95
7195,2851,289,3,93894.4
7196,2851,202,2,161677.95
7197,2851,152,1,184290.03
7198,2851,349,2,20709.51
7199,2852,37,3,46157.25
7200,2852,145,2,163994.77
7201,2852,13,1,184860.08
7202,2852,243,1,37577.05
7203,2853,17,1,187307.96
7204,2853,291,2,103671.46
7205,2853,38,1,108041.96
7206,2854,238,2,16422.19
7207,2854,47,2,152134.58
7208,2855,142,3,85943.57
7209,2855,234,3,134417.8
7210,2856,76,2,105147.62
7211,2857,228,1,51706.06
7212,2858,66,1,185456.68
7213,2858,98,1,185562.02
7214,2858,354,2,33934.36
7215,2858,93,3,85322.12
7216,2859,70,1,92203.48
7217,2859,204,3,188978.74
7218,2859,287,3,22255.08
7219,2860,379,3,193559.0
7220,2861,25,2,56365.36
7221,2861,312,2,213856.86
7222,2862,79,2,117712.55
7223,2863,367,3,228694.37
7224,2863,351,0,221689.4
7225,2863,108,1,227064.66
7226,2864,79,3,117712.55
7227,2864,165,2,75464.21
7228,2864,240,2,37718.61
7229,2865,118,3,88084.04
7230,2866,376,2,204960.25
7231,2866,168,2,81218.81
7232,2866,246,3,155067.32
7233,2867,367,1,228694.37
7234,2867,55,2,63638.65
7235,2868,236,3,182898.47
7236,2868,150,1,180012.96
7237,2869,334,3,146758.91
7238,2870,233,3,208635.04
7239,2870,170,2,36052.22
7240,2870,283,3,89092.71
7241,2870,223,1,133823.09
7242,2871,367,3,228694.37
7243,2871,129,1,21632.52
7244,2871,16,1,130664.31
7245,2871,310,2,170497.76
7246,2872,59,1,161932.27
7247,2872,231,2,169920.09
7248,2873,180,2,215596.8
7249,2873,268,2,163510.92
7250,2873,37,1,46157.25
7251,2873,12,3,25200.8
7252,2874,203,3,160317.19
7253,2874,102,3,96364.66
7254,2874,287,3,22255.08
7255,2874,85,3,114181.68
7256,2875,193,2,83074.26
7257,2875,88,3,101192.35
7258,2875,155,2,48337.64
7259,2875,328,2,28340.81
7260,2876,332,3,247371.04
7261,2876,218,2,172588.85
7262,2876,370,2,29783.24
7263,2877,65,1,189259.53
7264,2878,250,1,198609.8
7265,2878,69,2,4305.21
7266,2878,84,3,42005.69
7267,2878,351,1,221689.4
7268,2879,177,3,68966.65
7269,2879,272,2,62763.18
7270,2880,33,1,28473.0
7271,2880,113,2,195996.61
7272,2881,310,2,170497.76
7273,2881,85,3,114181.68
7274,2881,139,1,95013.28
7275,2882,283,3,89092.71
7276,2882,195,2,92189.19
7277,2882,63,3,159567.98
7278,2883,31,3,213222.88
7279,2883,393,3,22998.42
7280,2883,157,1,91158.49
7281,2884,362,2,14481.09
7282,2885,162,2,52286.3
7283,2885,337,3,139826.06
7284,2885,293,1,115807.73
7285,2885,228,3,51706.06
7286,2886,260,1,213378.12
7287,2886,67,2,97379.9
7288,2887,121,3,72624.12
7289,2887,367,2,228694.37
7290,2887,336,3,223256.52
7291,2888,291,3,103671.46
7292,2888,360,3,24260.58
7293,2889,26,2,38469.74
7294,2889,116,2,93394.61
7295,2889,378,3,257676.08
7296,2890,219,1,194332.13
7297,2891,162,1,52286.3
7298,2892,164,3,73095.05
7299,2892,261,3,79486.07
7300,2892,30,2,37942.17
7301,2892,267,2,123814.11
7302,2893,309,2,108356.35
7303,2894,231,1,169920.09
7304,2895,319,3,38726.82
7305,2896,161,1,98450.34
7306,2896,330,1,53581.46
7307,2897,364,3,65746.32
7308,2897,178,2,202498.25
7309,2898,15,2,143957.3
7310,2898,185,1,222877.27
7311,2898,204,3,188978.74
7312,2898,83,3,227727.93
7313,2899,398,2,79202.64
7314,2899,250,3,198609.8
7315,2899,6,1,136605.61
7316,2900,228,1,51706.06
7317,2900,395,3,124226.7
7318,2900,182,1,35037.64
7319,2901,174,2,117478.08
7320,2901,161,1,98450.34
7321,2901,112,2,3039.37
7322,2902,69,3,4305.21
7323,2903,50,3,196418.36
7324,2903,8,2,187839.72
7325,2903,98,3,185562.02
7326,2903,208,1,58440.67
7327,2904,192,2,43441.24
7328,2904,211,1,4061.75
7329,2905,76,2,105147.62
7330,2905,324,3,88809.05
7331,2905,190,1,-1000.0
7332,2905,373,1,38418.12
7333,2906,187,2,48772.65
7334,2906,314,3,53745.02
7335,2906,230,2,99627.55
7336,2906,362,2,14481.09
7337,2907,324,2,88809.05
7338,2907,381,2,176980.96
7339,2908,255,1,120947.33
7340,2908,268,3,163510.92
7341,2909,183,3,182249.1
7342,2909,243,1,37577.05
7343,2909,375,1,31576.35
7344,2910,343,3,55072.92
7345,2910,372,3,129635.61
7346,2911,133,2,75132.07
7347,2911,356,1,193708.01
7348,2911,55,3,63638.65
7349,2911,397,2,37758.94
7350,2912,15,2,143957.3
7351,2913,128,2,173129.42
7352,2913,25,3,56365.36
7353,2913,208,2,58440.67
7354,2913,36,3,33385.5
7355,2914,208,1,58440.67
7356,2914,168,2,81218.81
7357,2914,147,2,46179.06
7358,2914,230,3,99627.55
7359,2915,257,1,7609.62
7360,2915,271,2,39127.12
7361,2916,85,1,114181.68
7362,2916,210,2,97334.98
7363,2916,376,1,204960.25
7364,2917,165,3,75464.21
7365,2917,222,2,15887.34
7366,2917,313,2,-1000.0
7367,2918,289,2,93894.4
7368,2918,81,3,10899.5
7369,2918,375,3,31576.35
7370,2919,139,2,95013.28
7371,2919,283,3,89092.71
7372,2919,40,1,244240.57
7373,2920,75,3,109608.7
7374,2920,254,1,100631.14
7375,2920,218,2,172588.85
7376,2920,378,3,257676.08
7377,2921,206,3,126816.6
7378,2922,296,3,68855.2
7379,2922,306,2,17520.5
7380,2923,395,3,124226.7
7381,2923,325,3,76663.93
7382,2923,181,3,166139.86
7383,2924,328,3,28340.81
7384,2924,145,1,163994.77
7385,2924,142,2,85943.57
7386,2924,360,2,24260.58
7387,2925,156,1,100447.5
7388,2925,357,1,175127.82
7389,2925,224,1,180566.69
7390,2925,51,2,93241.8
7391,2926,337,3,139826.06
7392,2926,329,3,174721.07
7393,2927,368,2,209350.37
7394,2927,78,3,197988.01
7395,2928,28,1,98230.78
7396,2928,141,3,88692.92
7397,2928,13,1,184860.08
7398,2929,219,1,194332.13
7399,2929,281,1,89826.4
7400,2929,197,3,155218.93
7401,2929,43,1,114531.37
7402,2930,143,1,187703.44
7403,2931,378,3,257676.08
7404,2931,356,1,193708.01
7405,2931,121,1,72624.12
7406,2932,105,1,171327.72
7407,2932,341,2,152978.48
7408,2932,296,1,68855.2
7409,2932,388,2,256305.09
7410,2933,349,1,20709.51
7411,2933,254,3,100631.14
7412,2934,310,3,170497.76
7413,2934,275,3,196237.01
7414,2934,174,3,117478.08
7415,2934,216,3,65676.87
7416,2935,70,2,92203.48
7417,2935,219,1,194332.13
7418,2935,86,2,31662.6
7419,2935,4,1,114946.67
7420,2936,115,3,58008.8
7421,2936,391,1,49496.26
7422,2936,381,2,176980.96
7423,2936,4,1,114946.67
7424,2937,248,3,181994.22
7425,2937,366,3,135643.25
7426,2938,56,3,153085.38
7427,2938,280,2,154590.14
7428,2938,335,2,62446.33
7429,2939,35,1,120078.64
7430,2939,367,1,228694.37
7431,2940,42,3,122256.45
7432,2940,381,2,176980.96
7433,2940,336,1,223256.52
7434,2940,204,3,188978.74
7435,2941,220,3,107337.51
7436,2942,341,3,152978.48
7437,2943,282,1,44757.51
7438,2943,4,3,114946.67
7439,2943,313,1,-1000.0
7440,2943,260,1,213378.12
7441,2944,67,2,97379.9
7442,2945,97,1,124701.15
7443,2945,239,1,91749.05
7444,2945,129,3,21632.52
7445,2945,218,3,172588.85
7446,2946,47,1,152134.58
7447,2946,31,2,213222.88
7448,2946,183,3,182249.1
7449,2946,152,2,184290.03
7450,2947,283,0,89092.71
7451,2947,29,3,63287.15
7452,2948,231,3,169920.09
7453,2948,366,2,135643.25
7454,2948,294,2,193211.61
7455,2949,145,3,163994.77
7456,2950,168,3,81218.81
7457,2950,81,2,10899.5
7458,2950,45,3,139853.99
7459,2950,231,2,169920.09
7460,2951,53,2,178807.02
7461,2951,310,1,170497.76
7462,2952,260,1,213378.12
7463,2952,234,3,134417.8
7464,2953,123,2,130947.34
7465,2953,280,2,154590.14
7466,2953,84,1,42005.69
7467,2953,222,2,15887.34
7468,2954,327,2,93962.55
7469,2954,57,2,131451.16
7470,2954,260,3,213378.12
7471,2954,211,3,4061.75
7472,2955,145,2,163994.77
7473,2955,242,1,51496.32
7474,2956,155,2,48337.64
7475,2956,180,3,215596.8
7476,2956,72,2,123267.08
7477,2956,3,2,7526.8
7478,2957,287,3,22255.08
7479,2958,175,1,48836.92
7480,2959,380,3,129190.02
7481,2960,28,1,98230.78
7482,2960,339,3,10393.21
7483,2960,96,1,65773.58
7484,2961,335,1,62446.33
7485,2961,42,1,122256.45
7486,2961,343,3,55072.92
7487,2961,86,3,31662.6
7488,2962,340,3,165052.47
7489,2962,282,3,44757.51
7490,2962,389,1,223901.84
7491,2962,175,3,48836.92
7492,2963,337,2,139826.06
7493,2963,104,1,59275.63
7494,2964,246,3,155067.32
7495,2964,157,1,91158.49
7496,2965,35,3,120078.64
7497,2965,177,2,68966.65
7498,2965,100,1,196105.0
7499,2965,278,1,146503.31
7500,2966,310,2,170497.76
7501,2966,309,1,108356.35
7502,2966,36,1,33385.5
7503,2967,13,3,184860.08
7504,2967,282,2,44757.51
7505,2967,107,1,33391.06
7506,2967,293,2,115807.73
7507,2968,296,2,68855.2
7508,2969,238,1,16422.19
7509,2969,56,2,153085.38
7510,2970,285,3,36376.55
7511,2970,383,2,183812.28
7512,2970,316,1,3769.9
7513,2971,135,2,63733.13
7514,2971,156,1,100447.5
7515,2971,266,1,154737.92
7516,2971,188,3,35013.84
7517,2972,177,1,68966.65
7518,2972,275,2,196237.01
7519,2972,389,1,223901.84
7520,2972,187,2,48772.65
7521,2973,20,1,182631.87
7522,2974,23,2,113409.53
7523,2974,135,2,63733.13
7524,2975,72,1,123267.08
7525,2975,385,3,237554.64
7526,2975,297,1,67730.03
7527,2976,135,2,63733.13
7528,2976,352,1,195040.51
7529,2976,76,3,105147.62
7530,2977,125,2,191668.58
7531,2977,323,2,27190.12
7532,2978,100,2,196105.0
7533,2978,33,3,28473.0
7534,2979,214,3,146526.82
7535,2979,116,2,93394.61
7536,2979,329,2,174721.07
7537,2979,75,2,109608.7
7538,2980,280,2,154590.14
7539,2980,275,3,196237.01
7540,2980,175,3,48836.92
7541,2981,42,1,122256.45
7542,2981,347,3,137186.09
7543,2981,381,1,176980.96
7544,2981,94,2,211083.87
7545,2982,192,2,43441.24
7546,2982,154,1,211291.85
7547,2982,327,2,93962.55
7548,2982,389,1,223901.84
7549,2983,89,2,200852.0
7550,2983,182,2,35037.64
7551,2984,356,2,193708.01
7552,2984,57,3,131451.16
7553,2984,214,2,146526.82
7554,2984,287,1,22255.08
7555,2985,12,2,25200.8
7556,2985,41,2,77155.11
7557,2985,172,2,156618.46
7558,2986,336,3,223256.52
7559,2986,239,3,91749.05
7560,2986,224,3,180566.69
7561,2987,85,1,114181.68
7562,2988,250,1,198609.8
7563,2988,95,3,49700.64
7564,2988,387,3,60812.16
7565,2988,238,2,16422.19
7566,2989,383,2,183812.28
7567,2989,53,3,178807.02
7568,2989,181,2,166139.86
7569,2990,133,1,75132.07
7570,2991,216,1,65676.87
7571,2991,282,2,44757.51
7572,2992,218,2,172588.85
7573,2992,270,1,94124.72
7574,2992,226,3,102863.17
7575,2992,102,3,96364.66
7576,2993,331,3,137555.3
7577,2993,244,1,8123.81
7578,2994,262,3,111472.85
7579,2995,381,1,176980.96
7580,2996,338,1,90146.38
7581,2996,57,1,131451.16
7582,2996,130,3,169159.49
7583,2997,360,2,24260.58
7584,2998,250,1,198609.8
7585,2998,94,3,211083.87
7586,2999,257,2,7609.62
7587,2999,352,2,195040.51
7588,2999,51,1,93241.8
7589,2999,179,3,72910.11
7590,3000,395,3,124226.7
7591,3000,240,2,37718.61
7592,3000,356,3,193708.01
7593,3000,266,3,154737.92
7594,3001,226,2,102863.17
7595,3001,345,3,3634.44
7596,3001,79,2,117712.55
7597,3002,313,2,-1000.0
7598,3002,17,2,187307.96
7599,3002,315,2,92353.85
7600,3003,85,2,114181.68
7601,3004,253,2,146101.92
7602,3004,374,3,12526.67
7603,3004,275,2,196237.01
7604,3005,48,1,132286.45
7605,3005,132,3,111446.24
7606,3006,79,1,117712.55
7607,3007,172,1,156618.46
7608,3007,202,3,161677.95
7609,3008,133,2,75132.07
7610,3008,389,2,223901.84
7611,3008,253,3,146101.92
7612,3008,59,3,161932.27
7613,3009,275,1,196237.01
7614,3009,213,1,16785.14
7615,3010,151,1,137308.73
7616,3010,157,1,91158.49
7617,3010,375,1,31576.35
7618,3011,339,2,10393.21
7619,3012,267,3,123814.11
7620,3013,112,2,3039.37
7621,3013,29,1,63287.15
7622,3013,204,1,188978.74
7623,3013,397,2,37758.94
7624,3014,226,2,102863.17
7625,3014,72,3,123267.08
7626,3014,248,3,181994.22
7627,3014,126,3,176896.18
7628,3015,88,3,101192.35
7629,3016,30,3,37942.17
7630,3016,308,1,70851.91
7631,3017,294,1,193211.61
7632,3017,222,2,15887.34
7633,3017,154,2,211291.85
7634,3018,305,2,198015.99
7635,3018,63,1,159567.98
7636,3018,108,3,227064.66
7637,3018,164,1,73095.05
7638,3019,272,2,62763.18
7639,3019,150,2,180012.96
7640,3019,268,1,163510.92
7641,3020,104,3,59275.63
7642,3020,128,3,173129.42
7643,3021,160,3,116411.44
7644,3021,175,3,48836.92
7645,3021,308,3,70851.91
7646,3022,210,1,97334.98
7647,3022,167,1,17448.92
7648,3022,206,1,126816.6
7649,3023,268,3,163510.92
7650,3023,72,2,123267.08
7651,3023,364,1,65746.32
7652,3024,222,1,15887.34
7653,3024,206,2,126816.6
7654,3024,118,2,88084.04
7655,3025,335,1,62446.33
7656,3025,90,3,223688.38
7657,3026,41,1,77155.11
7658,3027,347,2,137186.09
7659,3027,172,3,156618.46
7660,3028,298,2,22913.44
7661,3028,281,1,89826.4
7662,3028,208,2,58440.67
7663,3028,376,3,204960.25
7664,3029,314,3,53745.02
7665,3029,135,3,63733.13
7666,3029,192,1,43441.24
7667,3030,329,2,174721.07
7668,3031,62,3,47437.51
7669,3031,98,1,185562.02
7670,3031,228,1,51706.06
7671,3032,19,1,146352.25
7672,3032,147,2,46179.06
7673,3032,212,2,167662.05
7674,3033,379,1,193559.0
7675,3033,378,1,257676.08
7676,3034,164,3,73095.05
7677,3034,42,1,122256.45
7678,3034,177,2,68966.65
7679,3035,324,1,88809.05
7680,3035,257,2,7609.62
7681,3035,133,1,75132.07
7682,3036,234,1,134417.8
7683,3036,386,2,80116.96
7684,3036,181,3,166139.86
7685,3036,239,2,91749.05
7686,3037,222,1,15887.34
7687,3037,214,1,146526.82
7688,3037,337,2,139826.06
7689,3037,203,2,160317.19
7690,3038,73,1,226665.36
7691,3038,36,3,33385.5
7692,3038,129,1,21632.52
7693,3038,293,3,115807.73
7694,3039,283,2,89092.71
7695,3040,279,1,31093.62
7696,3040,296,2,68855.2
7697,3040,387,1,60812.16
7698,3040,352,3,195040.51
7699,3041,98,1,185562.02
7700,3041,139,2,95013.28
7701,3041,93,2,85322.12
7702,3041,334,2,146758.91
7703,3042,279,3,31093.62
7704,3043,285,3,36376.55
7705,3043,203,3,160317.19
7706,3044,9,2,216809.67
7707,3045,31,2,213222.88
7708,3045,224,2,180566.69
7709,3045,229,2,20447.16
7710,3046,386,3,80116.96
7711,3047,8,3,187839.72
7712,3047,222,2,15887.34
7713,3047,276,3,23971.0
7714,3047,358,2,178348.09
7715,3048,320,3,172820.69
7716,3048,398,1,79202.64
7717,3049,213,1,16785.14
7718,3049,349,2,20709.51
7719,3050,82,3,102874.79
7720,3051,63,2,159567.98
7721,3051,161,3,98450.34
7722,3051,10,3,228921.75
7723,3051,162,2,52286.3
7724,3052,88,2,101192.35
7725,3052,17,3,187307.96
7726,3052,76,3,105147.62
7727,3052,190,2,-1000.0
7728,3053,33,1,28473.0
7729,3054,316,2,3769.9
7730,3054,100,2,196105.0
7731,3055,37,1,46157.25
7732,3056,59,2,161932.27
7733,3056,252,3,186098.96
7734,3056,343,3,55072.92
7735,3056,82,3,102874.79
7736,3057,122,2,193564.32
7737,3057,319,3,38726.82
7738,3057,323,1,27190.12
7739,3058,376,3,204960.25
7740,3058,236,2,182898.47
7741,3059,264,2,92901.53
7742,3059,219,1,194332.13
7743,3059,229,3,20447.16
7744,3060,96,2,65773.58
7745,3061,93,1,85322.12
7746,3062,78,3,197988.01
7747,3062,179,3,72910.11
7748,3062,19,2,146352.25
7749,3063,76,3,105147.62
7750,3063,236,3,182898.47
7751,3063,89,2,200852.0
7752,3063,332,3,247371.04
7753,3064,336,3,223256.52
7754,3064,142,1,85943.57
7755,3065,35,3,120078.64
7756,3065,391,2,49496.26
7757,3066,100,3,196105.0
7758,3066,264,2,92901.53
7759,3067,86,2,31662.6
7760,3067,341,2,152978.48
7761,3068,305,3,198015.99
7762,3068,132,2,111446.24
7763,3068,306,3,17520.5
7764,3068,345,2,3634.44
7765,3069,270,2,94124.72
7766,3069,156,2,100447.5
7767,3070,388,1,256305.09
7768,3070,156,3,100447.5
7769,3070,314,2,53745.02
7770,3071,167,3,17448.92
7771,3071,122,3,193564.32
7772,3071,248,1,181994.22
7773,3072,236,3,182898.47
7774,3072,90,3,223688.38
7775,3073,360,3,24260.58
7776,3074,231,3,169920.09
7777,3074,53,3,178807.02
7778,3075,276,3,23971.0
7779,3075,154,1,211291.85
7780,3076,397,2,37758.94
7781,3076,393,2,22998.42
7782,3076,268,3,163510.92
7783,3076,168,2,81218.81
7784,3077,46,3,118724.75
7785,3077,148,1,206362.87
7786,3078,325,3,76663.93
7787,3079,206,2,126816.6
7788,3079,343,3,55072.92
7789,3079,309,3,108356.35
7790,3079,78,1,197988.01
7791,3080,330,1,53581.46
7792,3080,282,2,44757.51
7793,3080,395,2,124226.7
7794,3081,47,1,152134.58
7795,3081,343,1,55072.92
7796,3081,45,1,139853.99
7797,3082,161,2,98450.34
7798,3082,291,2,103671.46
7799,3082,297,3,67730.03
7800,3082,294,3,193211.61
7801,3083,180,2,215596.8
7802,3083,16,1,130664.31
7803,3083,203,1,160317.19
7804,3083,213,2,16785.14
7805,3084,33,2,28473.0
7806,3084,293,1,115807.73
7807,3085,381,2,176980.96
7808,3085,128,2,173129.42
7809,3085,367,3,228694.37
7810,3086,178,2,202498.25
7811,3087,266,1,154737.92
7812,3087,303,3,80733.63
7813,3087,322,3,130758.24
7814,3088,283,1,89092.71
7815,3089,393,2,22998.42
7816,3089,231,3,169920.09
7817,3089,226,3,102863.17
7818,3089,257,3,7609.62
7819,3090,197,3,155218.93
7820,3090,336,2,223256.52
7821,3090,259,2,267553.37
7822,3091,62,3,47437.51
7823,3091,51,3,93241.8
7824,3091,66,3,185456.68
7825,3092,315,2,92353.85
7826,3092,360,2,24260.58
7827,3092,151,2,137308.73
7828,3093,14,2,89932.3
7829,3093,62,2,47437.51
7830,3093,137,1,134221.1
7831,3093,395,3,124226.7
7832,3094,239,2,91749.05
7833,3094,223,1,133823.09
7834,3094,349,2,20709.51
7835,3094,69,2,4305.21
7836,3095,248,2,181994.22
7837,3096,218,1,172588.85
7838,3096,78,2,197988.01
7839,3097,46,2,118724.75
7840,3097,279,2,31093.62
7841,3097,38,3,108041.96
7842,3097,15,3,143957.3
7843,3098,352,3,195040.51
7844,3098,45,2,139853.99
7845,3099,220,1,107337.51
7846,3099,130,2,169159.49
7847,3099,192,3,43441.24
7848,3100,135,3,63733.13
7849,3100,251,1,107136.01
7850,3100,195,1,92189.19
7851,3100,322,1,130758.24
7852,3101,328,3,28340.81
7853,3101,143,3,187703.44
7854,3101,208,2,58440.67
7855,3101,366,2,135643.25
7856,3102,261,3,79486.07
7857,3102,170,1,36052.22
7858,3103,118,2,88084.04
7859,3103,320,2,172820.69
7860,3103,354,1,33934.36
7861,3104,97,2,124701.15
7862,3105,175,2,48836.92
7863,3105,330,1,53581.46
7864,3105,313,3,-1000.0
7865,3106,302,2,127736.26
7866,3107,43,1,114531.37
7867,3107,197,1,155218.93
7868,3108,173,2,47377.77
7869,3108,351,3,221689.4
7870,3108,35,2,120078.64
7871,3109,242,3,51496.32
7872,3109,156,1,100447.5
7873,3109,228,2,51706.06
7874,3109,28,1,98230.78
7875,3110,72,3,123267.08
7876,3111,99,3,67013.23
7877,3111,108,2,227064.66
7878,3112,396,1,103196.96
7879,3113,12,1,25200.8
7880,3113,105,3,171327.72
7881,3114,356,3,193708.01
7882,3114,347,2,137186.09
7883,3115,397,3,37758.94
7884,3115,278,3,146503.31
7885,3115,6,2,136605.61
7886,3115,214,3,146526.82
7887,3116,280,1,154590.14
7888,3116,202,1,161677.95
7889,3117,142,2,85943.57
7890,3118,383,1,183812.28
7891,3118,36,1,33385.5
7892,3118,113,1,195996.61
7893,3119,113,1,195996.61
7894,3120,375,2,31576.35
7895,3121,104,3,59275.63
7896,3121,298,3,22913.44
7897,3121,270,2,94124.72
7898,3122,255,3,120947.33
7899,3123,154,1,211291.85
7900,3123,108,1,227064.66
7901,3123,264,2,92901.53
7902,3124,118,2,88084.04
7903,3124,335,1,62446.33
7904,3124,226,3,102863.17
7905,3125,121,3,72624.12
7906,3126,68,3,2885.59
7907,3126,185,3,222877.27
7908,3126,165,2,75464.21
7909,3127,262,1,111472.85
7910,3127,31,3,213222.88
7911,3128,190,2,-1000.0
7912,3128,305,3,198015.99
7913,3128,155,2,48337.64
7914,3129,154,1,211291.85
7915,3129,211,1,4061.75
7916,3129,161,3,98450.34
7917,3129,43,1,114531.37
7918,3130,328,2,28340.81
7919,3131,63,2,159567.98
7920,3131,185,1,222877.27
7921,3131,47,2,152134.58
7922,3132,15,3,143957.3
7923,3132,50,3,196418.36
7924,3132,204,3,188978.74
7925,3133,307,2,50519.78
7926,3133,343,3,55072.92
7927,3133,129,1,21632.52
7928,3133,161,2,98450.34
7929,3134,352,3,195040.51
7930,3134,366,3,135643.25
7931,3135,37,1,46157.25
7932,3135,362,3,14481.09
7933,3135,160,1,116411.44
7934,3136,336,1,223256.52
7935,3136,182,3,35037.64
7936,3136,33,2,28473.0
7937,3137,228,3,51706.06
7938,3138,200,2,133017.26
7939,3138,289,2,93894.4
7940,3139,370,1,29783.24
7941,3139,248,3,181994.22
7942,3139,222,1,15887.34
7943,3140,297,1,67730.03
7944,3141,208,3,58440.67
7945,3141,185,2,222877.27
7946,3141,298,3,22913.44
7947,3141,160,1,116411.44
7948,3142,197,1,155218.93
7949,3142,389,3,223901.84
7950,3143,115,2,58008.8
7951,3143,75,1,109608.7
7952,3143,204,1,188978.74
7953,3144,214,1,146526.82
7954,3144,253,3,146101.92
7955,3144,104,3,59275.63
7956,3144,305,3,198015.99
7957,3145,162,2,52286.3
7958,3145,141,3,88692.92
7959,3145,349,3,20709.51
7960,3146,105,3,171327.72
7961,3146,362,1,14481.09
7962,3146,332,3,247371.04
7963,3147,242,3,51496.32
7964,3147,63,3,159567.98
7965,3147,125,2,191668.58
7966,3148,316,1,3769.9
7967,3149,105,1,171327.72
7968,3149,304,3,161992.8
7969,3149,181,2,166139.86
7970,3150,291,3,103671.46
7971,3151,20,2,182631.87
7972,3151,341,3,152978.48
7973,3151,351,3,221689.4
7974,3151,353,1,89374.69
7975,3152,32,2,129254.32
7976,3153,20,2,182631.87
7977,3154,83,1,227727.93
7978,3154,349,3,20709.51
7979,3154,325,2,76663.93
7980,3154,261,1,79486.07
7981,3155,52,2,193193.24
7982,3155,99,1,67013.23
7983,3155,75,2,109608.7
7984,3155,264,3,92901.53
7985,3156,388,3,256305.09
7986,3156,182,3,35037.64
7987,3156,102,1,96364.66
7988,3157,145,2,163994.77
7989,3157,102,3,96364.66
7990,3157,160,2,116411.44
7991,3157,365,1,116653.08
7992,3158,308,2,70851.91
7993,3158,161,1,98450.34
7994,3159,168,2,81218.81
7995,3160,349,2,20709.51
7996,3160,307,3,50519.78
7997,3160,198,3,169603.47
7998,3160,25,3,56365.36
7999,3161,379,2,193559.0
8000,3162,25,3,56365.36
8001,3162,213,2,16785.14
8002,3163,255,3,120947.33
8003,3163,287,3,22255.08
8004,3163,181,1,166139.86
8005,3164,62,1,47437.51
8006,3164,120,1,146292.08
8007,3164,360,1,24260.58
8008,3165,102,1,96364.66
8009,3166,96,1,65773.58
8010,3167,145,2,163994.77
8011,3167,197,2,155218.93
8012,3167,302,3,127736.26
8013,3168,30,1,37942.17
8014,3168,362,1,14481.09
8015,3168,399,3,117465.54
8016,3168,188,2,35013.84
8017,3169,291,3,103671.46
8018,3169,79,1,117712.55
8019,3169,342,3,176733.9
8020,3169,264,3,92901.53
8021,3170,159,3,77121.65
8022,3170,351,1,221689.4
8023,3170,133,2,75132.07
8024,3171,69,2,4305.21
8025,3171,345,2,3634.44
8026,3171,257,2,7609.62
8027,3171,381,2,176980.96
8028,3172,349,1,20709.51
8029,3172,192,2,43441.24
8030,3172,362,2,14481.09
8031,3172,150,2,180012.96
8032,3173,243,2,37577.05
8033,3174,6,3,136605.61
8034,3174,118,1,88084.04
8035,3175,295,3,154948.76
8036,3176,88,2,101192.35
8037,3176,173,1,47377.77
8038,3176,19,3,146352.25
8039,3177,52,2,193193.24
8040,3178,115,1,58008.8
8041,3178,313,2,-1000.0
8042,3178,110,2,49497.28
8043,3178,295,1,154948.76
8044,3179,97,3,124701.15
8045,3180,82,3,102874.79
8046,3180,244,2,8123.81
8047,3180,294,1,193211.61
8048,3181,45,3,139853.99
8049,3181,238,1,16422.19
8050,3181,399,2,117465.54
8051,3181,211,1,4061.75
8052,3182,259,2,267553.37
8053,3183,246,1,155067.32
8054,3183,388,2,256305.09
8055,3183,93,2,85322.12
8056,3184,197,1,155218.93
8057,3184,236,1,182898.47
8058,3184,155,1,48337.64
8059,3185,224,1,180566.69
8060,3186,37,1,46157.25
8061,3186,120,2,146292.08
8062,3186,328,3,28340.81
8063,3186,90,2,223688.38
8064,3187,130,1,169159.49
8065,3187,278,3,146503.31
8066,3187,314,2,53745.02
8067,3188,155,3,48337.64
8068,3188,115,1,58008.8
8069,3189,210,2,97334.98
8070,3190,219,2,194332.13
8071,3190,368,3,209350.37
8072,3190,222,2,15887.34
8073,3190,339,3,10393.21
8074,3191,141,2,88692.92
8075,3192,393,3,22998.42
8076,3192,334,2,146758.91
8077,3192,115,1,58008.8
8078,3193,208,3,58440.67
8079,3194,133,1,75132.07
8080,3194,331,3,137555.3
8081,3194,266,2,154737.92
8082,3194,352,1,195040.51
8083,3195,95,2,49700.64
8084,3196,388,2,256305.09
8085,3196,381,1,176980.96
8086,3196,341,3,152978.48
8087,3197,83,3,227727.93
8088,3198,214,1,146526.82
8089,3198,46,2,118724.75
8090,3199,128,1,173129.42
8091,3199,178,1,202498.25
8092,3199,161,2,98450.34
8093,3199,278,1,146503.31
8094,3200,193,2,83074.26
8095,3200,180,2,215596.8
8096,3201,23,1,113409.53
8097,3201,169,2,94973.51
8098,3202,278,3,146503.31
8099,3202,294,2,193211.61
8100,3202,132,1,111446.24
8101,3203,147,1,46179.06
8102,3203,319,3,38726.82
8103,3204,397,3,37758.94
8104,3204,395,2,124226.7
8105,3204,341,3,152978.48
8106,3205,112,2,3039.37
8107,3205,372,1,129635.61
8108,3206,388,3,256305.09
8109,3206,182,2,35037.64
8110,3206,150,1,180012.96
8111,3207,297,3,67730.03
8112,3208,28,1,98230.78
8113,3208,302,1,127736.26
8114,3208,112,1,3039.37
8115,3208,376,3,204960.25
8116,3209,126,2,176896.18
8117,3209,59,1,161932.27
8118,3209,78,1,197988.01
8119,3209,55,2,63638.65
8120,3210,116,3,93394.61
8121,3210,246,3,155067.32
8122,3210,203,1,160317.19
8123,3211,53,1,178807.02
8124,3211,150,1,180012.96
8125,3211,289,3,93894.4
8126,3212,142,1,85943.57
8127,3212,151,2,137308.73
8128,3213,283,3,89092.71
8129,3213,386,1,80116.96
8130,3213,267,3,123814.11
8131,3213,320,3,172820.69
8132,3214,395,1,124226.7
8133,3214,50,3,196418.36
8134,3215,83,2,227727.93
8135,3215,160,2,116411.44
8136,3215,70,2,92203.48
8137,3215,360,2,24260.58
8138,3216,294,3,193211.61
8139,3216,356,3,193708.01
8140,3217,143,2,187703.44
8141,3217,38,1,108041.96
8142,3217,362,2,14481.09
8143,3218,46,1,118724.75
8144,3218,212,0,167662.05
8145,3218,223,1,133823.09
8146,3218,386,1,80116.96
8147,3219,238,2,16422.19
8148,3219,243,3,37577.05
8149,3219,20,2,182631.87
8150,3219,223,2,133823.09
8151,3220,178,2,202498.25
8152,3220,4,2,114946.67
8153,3221,211,2,4061.75
8154,3221,206,3,126816.6
8155,3221,301,1,112144.59
8156,3221,231,3,169920.09
8157,3222,388,2,256305.09
8158,3222,305,2,198015.99
8159,3223,41,2,77155.11
8160,3223,192,2,43441.24
8161,3224,223,2,133823.09
8162,3225,324,3,88809.05
8163,3225,91,2,102944.04
8164,3226,47,2,152134.58
8165,3227,367,3,228694.37
8166,3227,251,1,107136.01
8167,3228,331,2,137555.3
8168,3228,349,1,20709.51
8169,3228,276,1,23971.0
8170,3228,40,1,244240.57
8171,3229,214,1,146526.82
8172,3229,285,1,36376.55
8173,3230,96,3,65773.58
8174,3230,342,2,176733.9
8175,3231,87,2,45719.31
8176,3232,69,1,4305.21
8177,3232,307,3,50519.78
8178,3233,386,1,80116.96
8179,3233,100,1,196105.0
8180,3233,195,2,92189.19
8181,3234,226,2,102863.17
8182,3234,91,3,102944.04
8183,3235,93,2,85322.12
8184,3235,320,2,172820.69
8185,3235,310,3,170497.76
8186,3236,260,1,213378.12
8187,3236,293,2,115807.73
8188,3236,283,2,89092.71
8189,3237,244,1,8123.81
8190,3238,265,3,39650.36
8191,3238,41,1,77155.11
8192,3238,253,2,146101.92
8193,3239,274,3,54686.32
8194,3239,304,1,161992.8
8195,3240,262,2,111472.85
8196,3240,96,1,65773.58
8197,3240,250,3,198609.8
8198,3241,116,1,93394.61
8199,3241,276,2,23971.0
8200,3242,30,1,37942.17
8201,3242,139,3,95013.28
8202,3242,281,2,89826.4
8203,3242,279,2,31093.62
8204,3243,100,2,196105.0
8205,3243,6,1,136605.61
8206,3243,368,1,209350.37
8207,3243,61,1,189942.13
8208,3244,282,1,44757.51
8209,3244,90,3,223688.38
8210,3244,82,3,102874.79
8211,3245,364,3,65746.32
8212,3245,97,1,124701.15
8213,3245,105,2,171327.72
8214,3245,76,3,105147.62
8215,3246,13,3,184860.08
8216,3246,267,3,123814.11
8217,3246,139,3,95013.28
8218,3246,233,3,208635.04
8219,3247,301,3,112144.59
8220,3248,156,2,100447.5
8221,3248,35,1,120078.64
8222,3248,86,3,31662.6
8223,3248,324,3,88809.05
8224,3249,254,1,100631.14
8225,3250,378,2,257676.08
8226,3250,291,2,103671.46
8227,3250,46,2,118724.75
8228,3251,374,1,12526.67
8229,3251,325,1,76663.93
8230,3251,210,2,97334.98
8231,3251,31,3,213222.88
8232,3252,98,2,185562.02
8233,3252,345,3,3634.44
8234,3252,177,3,68966.65
8235,3252,213,3,16785.14
8236,3253,129,1,21632.52
8237,3253,303,2,80733.63
8238,3253,115,1,58008.8
8239,3254,204,2,188978.74
8240,3254,386,1,80116.96
8241,3254,29,3,63287.15
8242,3254,372,2,129635.61
8243,3255,276,3,23971.0
8244,3255,266,2,154737.92
8245,3255,252,1,186098.96
8246,3255,107,2,33391.06
8247,3256,177,3,68966.65
8248,3257,32,3,129254.32
8249,3257,214,3,146526.82
8250,3258,357,2,175127.82
8251,3258,35,1,120078.64
8252,3258,178,3,202498.25
8253,3258,102,3,96364.66
8254,3259,81,3,10899.5
8255,3259,372,1,129635.61
8256,3259,132,3,111446.24
8257,3259,19,2,146352.25
8258,3260,40,1,244240.57
8259,3260,129,2,21632.52
8260,3261,219,3,194332.13
8261,3261,278,2,146503.31
8262,3262,45,1,139853.99
8263,3262,313,3,-1000.0
8264,3262,332,1,247371.04
8265,3262,368,3,209350.37
8266,3263,151,3,137308.73
8267,3264,331,2,137555.3
8268,3265,172,3,156618.46
8269,3265,38,1,108041.96
8270,3265,229,1,20447.16
8271,3266,121,3,72624.12
8272,3267,175,3,48836.92
8273,3267,366,3,135643.25
8274,3268,322,3,130758.24
8275,3268,125,1,191668.58
8276,3269,351,1,221689.4
8277,3269,174,1,117478.08
8278,3269,244,2,8123.81
8279,3270,95,3,49700.64
8280,3270,216,1,65676.87
8281,3270,325,3,76663.93
8282,3271,145,2,163994.77
8283,3271,272,3,62763.18
8284,3271,262,2,111472.85
8285,3272,164,3,73095.05
8286,3273,399,2,117465.54
8287,3273,183,2,182249.1
8288,3273,360,3,24260.58
8289,3273,56,3,153085.38
8290,3274,63,3,159567.98
8291,3274,53,3,178807.02
8292,3274,76,2,105147.62
8293,3274,301,1,112144.59
8294,3275,302,3,127736.26
8295,3276,16,1,130664.31
8296,3277,327,2,93962.55
8297,3277,301,2,112144.59
8298,3277,253,3,146101.92
8299,3277,142,0,85943.57
8300,3278,274,3,54686.32
8301,3279,332,3,247371.04
8302,3279,36,3,33385.5
8303,3279,242,1,51496.32
8304,3279,254,1,100631.14
8305,3280,266,3,154737.92
8306,3280,180,2,215596.8
8307,3280,373,1,38418.12
8308,3281,187,1,48772.65
8309,3281,328,2,28340.81
8310,3281,6,1,136605.61
8311,3281,331,0,137555.3
8312,3282,321,1,157890.36
8313,3282,172,3,156618.46
8314,3282,69,2,4305.21
8315,3282,2,3,149267.73
8316,3283,310,1,170497.76
8317,3283,10,2,228921.75
8318,3283,332,3,247371.04
8319,3284,360,1,24260.58
8320,3284,261,1,79486.07
8321,3285,132,2,111446.24
8322,3285,398,3,79202.64
8323,3286,100,2,196105.0
8324,3286,376,2,204960.25
8325,3286,193,1,83074.26
8326,3286,43,1,114531.37
8327,3287,266,2,154737.92
8328,3288,53,3,178807.02
8329,3288,187,2,48772.65
8330,3288,279,3,31093.62
8331,3288,226,1,102863.17
8332,3289,211,1,4061.75
8333,3289,93,2,85322.12
8334,3289,206,1,126816.6
8335,3289,63,3,159567.98
8336,3290,349,3,20709.51
8337,3290,159,2,77121.65
8338,3291,130,1,169159.49
8339,3292,182,3,35037.64
8340,3292,76,3,105147.62
8341,3292,214,2,146526.82
8342,3292,198,2,169603.47
8343,3293,375,2,31576.35
8344,3293,254,2,100631.14
8345,3294,240,3,37718.61
8346,3294,397,1,37758.94
8347,3295,164,3,73095.05
8348,3295,9,2,216809.67
8349,3295,29,2,63287.15
8350,3296,282,3,44757.51
8351,3296,51,3,93241.8
8352,3296,271,2,39127.12
8353,3296,17,2,187307.96
8354,3297,380,3,129190.02
8355,3297,231,1,169920.09
8356,3298,282,1,44757.51
8357,3298,388,2,256305.09
8358,3298,68,2,2885.59
8359,3298,293,1,115807.73
8360,3299,260,2,213378.12
8361,3300,216,2,65676.87
8362,3300,233,2,208635.04
8363,3301,4,2,114946.67
8364,3302,161,1,98450.34
8365,3303,142,2,85943.57
8366,3303,38,1,108041.96
8367,3304,129,2,21632.52
8368,3305,306,3,17520.5
8369,3306,253,3,146101.92
8370,3306,116,1,93394.61
8371,3306,57,2,131451.16
8372,3306,331,1,137555.3
8373,3307,204,3,188978.74
8374,3307,181,2,166139.86
8375,3308,313,3,-1000.0
8376,3308,66,2,185456.68
8377,3308,161,2,98450.34
8378,3309,43,3,114531.37
8379,3309,84,2,42005.69
8380,3309,271,2,39127.12
8381,3309,100,1,196105.0
8382,3310,156,3,100447.5
8383,3310,298,1,22913.44
8384,3310,372,1,129635.61
8385,3310,231,2,169920.09
8386,3311,240,1,37718.61
8387,3311,315,1,92353.85
8388,3312,148,3,206362.87
8389,3312,242,1,51496.32
8390,3312,85,2,114181.68
8391,3312,121,3,72624.12
8392,3313,110,3,49497.28
8393,3314,88,3,101192.35
8394,3314,255,2,120947.33
8395,3314,104,2,59275.63
8396,3315,185,3,222877.27
8397,3315,216,2,65676.87
8398,3316,395,2,124226.7
8399,3316,4,2,114946.67
8400,3317,295,1,154948.76
8401,3317,335,2,62446.33
8402,3318,385,1,237554.64
8403,3318,75,1,109608.7
8404,3318,12,3,25200.8
8405,3318,275,2,196237.01
8406,3319,22,3,150862.55
8407,3319,2,1,149267.73
8408,3319,86,2,31662.6
8409,3320,299,3,203148.18
8410,3320,318,3,57516.99
8411,3320,307,1,50519.78
8412,3320,356,1,193708.01
8413,3321,197,2,155218.93
8414,3321,150,2,180012.96
8415,3322,214,1,146526.82
8416,3323,113,2,195996.61
8417,3323,52,3,193193.24
8418,3324,123,3,130947.34
8419,3324,97,2,124701.15
8420,3325,316,3,3769.9
8421,3325,216,1,65676.87
8422,3325,193,1,83074.26
8423,3326,278,1,146503.31
8424,3326,168,1,81218.81
8425,3327,185,1,222877.27
8426,3327,45,3,139853.99
8427,3328,87,3,45719.31
8428,3328,118,3,88084.04
8429,3329,43,3,114531.37
8430,3330,10,3,228921.75
8431,3330,281,3,89826.4
8432,3331,280,1,154590.14
8433,3331,125,3,191668.58
8434,3331,291,1,103671.46
8435,3331,315,2,92353.85
8436,3332,16,3,130664.31
8437,3332,148,1,206362.87
8438,3332,251,3,107136.01
8439,3332,23,2,113409.53
8440,3333,210,2,97334.98
8441,3333,377,2,127215.62
8442,3333,62,2,47437.51
8443,3333,126,2,176896.18
8444,3334,339,1,10393.21
8445,3334,91,2,102944.04
8446,3334,31,1,213222.88
8447,3335,139,2,95013.28
8448,3336,13,3,184860.08
8449,3336,306,1,17520.5
8450,3336,208,3,58440.67
8451,3337,279,1,31093.62
8452,3338,112,1,3039.37
8453,3339,115,3,58008.8
8454,3340,204,3,188978.74
8455,3340,110,2,49497.28
8456,3341,230,1,99627.55
8457,3342,391,3,49496.26
8458,3342,259,1,267553.37
8459,3342,220,2,107337.51
8460,3342,275,2,196237.01
8461,3343,159,3,77121.65
8462,3343,47,1,152134.58
8463,3343,251,2,107136.01
8464,3344,381,2,176980.96
8465,3344,345,3,3634.44
8466,3345,397,1,37758.94
8467,3346,19,3,146352.25
8468,3346,152,1,184290.03
8469,3346,210,2,97334.98
8470,3347,274,3,54686.32
8471,3347,226,3,102863.17
8472,3347,156,1,100447.5
8473,3347,230,1,99627.55
8474,3348,48,1,132286.45
8475,3348,89,3,200852.0
8476,3348,220,1,107337.51
8477,3349,203,1,160317.19
8478,3350,315,2,92353.85
8479,3350,260,2,213378.12
8480,3350,316,1,3769.9
8481,3351,312,1,213856.86
8482,3351,145,3,163994.77
8483,3352,195,1,92189.19
8484,3352,319,1,38726.82
8485,3352,211,3,4061.75
8486,3353,340,1,165052.47
8487,3353,173,1,47377.77
8488,3353,222,3,15887.34
8489,3354,380,2,129190.02
8490,3355,174,3,117478.08
8491,3355,395,3,124226.7
8492,3355,37,2,46157.25
8493,3356,220,1,107337.51
8494,3356,334,3,146758.91
8495,3357,155,1,48337.64
8496,3358,37,2,46157.25
8497,3359,132,3,111446.24
8498,3359,230,1,99627.55
8499,3359,75,3,109608.7
8500,3360,188,1,35013.84
8501,3361,328,1,28340.81
8502,3361,316,3,3769.9
8503,3361,271,2,39127.12
8504,3361,37,3,46157.25
8505,3362,379,3,193559.0
8506,3362,252,1,186098.96
8507,3363,9,3,216809.67
8508,3364,96,3,65773.58
8509,3364,310,2,170497.76
8510,3365,96,2,65773.58
8511,3366,120,2,146292.08
8512,3366,255,2,120947.33
8513,3366,33,3,28473.0
8514,3366,116,2,93394.61
8515,3367,162,2,52286.3
8516,3367,38,3,108041.96
8517,3367,48,1,132286.45
8518,3368,220,3,107337.51
8519,3368,59,2,161932.27
8520,3369,318,3,57516.99
8521,3369,356,1,193708.01
8522,3369,15,3,143957.3
8523,3369,69,2,4305.21
8524,3370,22,3,150862.55
8525,3371,90,3,223688.38
8526,3371,271,1,39127.12
8527,3372,121,3,72624.12
8528,3373,328,2,28340.81
8529,3373,95,1,49700.64
8530,3374,304,3,161992.8
8531,3374,155,2,48337.64
8532,3374,372,2,129635.61
8533,3375,57,3,131451.16
8534,3375,239,2,91749.05
8535,3375,70,2,92203.48
8536,3375,244,1,8123.81
8537,3376,251,1,107136.01
8538,3377,159,2,77121.65
8539,3377,188,3,35013.84
8540,3377,335,1,62446.33
8541,3377,20,1,182631.87
8542,3378,90,3,223688.38
8543,3379,240,1,37718.61
8544,3380,356,1,193708.01
8545,3380,59,2,161932.27
8546,3381,4,0,114946.67
8547,3382,121,2,72624.12
8548,3383,174,3,117478.08
8549,3383,385,2,237554.64
8550,3383,389,3,223901.84
8551,3383,211,1,4061.75
8552,3384,271,3,39127.12
8553,3385,3,3,7526.8
8554,3385,180,3,215596.8
8555,3386,2,3,149267.73
8556,3387,255,3,120947.33
8557,3387,94,1,211083.87
8558,3387,154,2,211291.85
8559,3387,380,2,129190.02
8560,3388,231,2,169920.09
8561,3388,147,2,46179.06
8562,3388,126,2,176896.18
8563,3389,378,3,257676.08
8564,3389,195,1,92189.19
8565,3390,202,1,161677.95
8566,3390,17,3,187307.96
8567,3390,289,1,93894.4
8568,3390,204,2,188978.74
8569,3391,23,1,113409.53
8570,3391,142,3,85943.57
8571,3391,120,1,146292.08
8572,3392,340,1,165052.47
8573,3393,243,2,37577.05
8574,3393,35,3,120078.64
8575,3393,261,1,79486.07
8576,3393,244,1,8123.81
8577,3394,182,3,35037.64
8578,3394,168,2,81218.81
8579,3394,309,2,108356.35
8580,3395,41,2,77155.11
8581,3396,168,3,81218.81
8582,3396,204,1,188978.74
8583,3396,391,2,49496.26
8584,3397,121,2,72624.12
8585,3397,181,3,166139.86
8586,3397,52,3,193193.24
8587,3398,358,2,178348.09
8588,3398,145,1,163994.77
8589,3398,210,1,97334.98
8590,3398,206,1,126816.6
8591,3399,315,1,92353.85
8592,3399,377,3,127215.62
8593,3399,304,3,161992.8
8594,3399,56,3,153085.38
8595,3400,213,2,16785.14
8596,3400,36,2,33385.5
8597,3401,148,2,206362.87
8598,3401,25,3,56365.36
8599,3402,330,2,53581.46
8600,3402,248,1,181994.22
8601,3403,364,1,65746.32
8602,3403,154,3,211291.85
8603,3404,56,3,153085.38
8604,3404,387,3,60812.16
8605,3404,219,3,194332.13
8606,3405,360,1,24260.58
8607,3405,341,1,152978.48
8608,3406,370,1,29783.24
8609,3406,378,3,257676.08
8610,3407,374,1,12526.67
8611,3407,233,1,208635.04
8612,3407,327,1,93962.55
8613,3408,223,1,133823.09
8614,3408,276,3,23971.0
8615,3409,388,1,256305.09
8616,3409,329,2,174721.07
8617,3410,310,2,170497.76
8618,3410,272,2,62763.18
8619,3411,341,3,152978.48
8620,3411,367,3,228694.37
8621,3411,254,1,100631.14
8622,3412,323,1,27190.12
8623,3412,125,2,191668.58
8624,3412,342,1,176733.9
8625,3413,223,2,133823.09
8626,3413,386,1,80116.96
8627,3413,251,3,107136.01
8628,3414,169,3,94973.51
8629,3414,13,3,184860.08
8630,3414,177,3,68966.65
8631,3415,357,2,175127.82
8632,3416,357,3,175127.82
8633,3416,78,3,197988.01
8634,3416,257,1,7609.62
8635,3416,325,1,76663.93
8636,3417,31,2,213222.88
8637,3417,378,3,257676.08
8638,3417,309,1,108356.35
8639,3417,97,2,124701.15
8640,3418,211,2,4061.75
8641,3418,293,3,115807.73
8642,3419,99,2,67013.23
8643,3420,28,2,98230.78
8644,3420,238,2,16422.19
8645,3420,239,3,91749.05
8646,3420,181,2,166139.86
8647,3421,370,3,29783.24
8648,3421,118,1,88084.04
8649,3422,222,3,15887.34
8650,3422,337,3,139826.06
8651,3422,339,3,10393.21
8652,3423,10,3,228921.75
8653,3424,250,3,198609.8
8654,3425,157,1,91158.49
8655,3425,318,2,57516.99
8656,3425,395,1,124226.7
8657,3426,395,2,124226.7
8658,3426,192,1,43441.24
8659,3426,251,1,107136.01
8660,3426,68,3,2885.59
8661,3427,40,2,244240.57
8662,3427,306,3,17520.5
8663,3427,230,1,99627.55
8664,3427,331,3,137555.3
8665,3428,188,3,35013.84
8666,3428,99,2,67013.23
8667,3429,223,2,133823.09
8668,3430,88,1,101192.35
8669,3431,310,1,170497.76
8670,3431,174,3,117478.08
8671,3431,53,3,178807.02
8672,3432,87,2,45719.31
8673,3433,15,1,143957.3
8674,3433,179,3,72910.11
8675,3433,126,3,176896.18
8676,3433,165,2,75464.21
8677,3434,17,1,187307.96
8678,3434,33,1,28473.0
8679,3435,197,1,155218.93
8680,3435,278,3,146503.31
8681,3436,208,2,58440.67
8682,3436,190,2,-1000.0
8683,3437,157,1,91158.49
8684,3437,43,1,114531.37
8685,3437,321,3,157890.36
8686,3438,206,3,126816.6
8687,3439,266,3,154737.92
8688,3439,281,2,89826.4
8689,3439,14,3,89932.3
8690,3439,52,1,193193.24
8691,3440,14,3,89932.3
8692,3440,156,3,100447.5
8693,3440,372,3,129635.61
8694,3440,188,3,35013.84
8695,3441,48,2,132286.45
8696,3441,268,1,163510.92
8697,3441,4,3,114946.67
8698,3442,10,1,228921.75
8699,3443,10,3,228921.75
8700,3443,187,2,48772.65
8701,3444,275,2,196237.01
8702,3444,62,2,47437.51
8703,3445,304,3,161992.8
8704,3446,178,1,202498.25
8705,3447,104,2,59275.63
8706,3447,352,3,195040.51
8707,3447,353,2,89374.69
8708,3448,128,1,173129.42
8709,3449,264,2,92901.53
8710,3449,282,2,44757.51
8711,3449,388,2,256305.09
8712,3450,83,2,227727.93
8713,3451,236,2,182898.47
8714,3451,73,1,226665.36
8715,3452,122,1,193564.32
8716,3452,257,2,7609.62
8717,3453,293,3,115807.73
8718,3453,35,3,120078.64
8719,3454,25,2,56365.36
8720,3454,198,3,169603.47
8721,3455,385,3,237554.64
8722,3455,228,3,51706.06
8723,3455,154,3,211291.85
8724,3455,162,1,52286.3
8725,3456,280,1,154590.14
8726,3456,336,2,223256.52
8727,3457,123,1,130947.34
8728,3457,15,2,143957.3
8729,3458,84,2,42005.69
8730,3458,302,2,127736.26
8731,3458,47,2,152134.58
8732,3458,213,2,16785.14
8733,3459,287,1,22255.08
8734,3459,234,2,134417.8
8735,3459,264,2,92901.53
8736,3460,35,2,120078.64
8737,3460,164,3,73095.05
8738,3461,6,2,136605.61
8739,3462,70,3,92203.48
8740,3462,321,2,157890.36
8741,3462,285,3,36376.55
8742,3462,154,3,211291.85
8743,3463,379,2,193559.0
8744,3463,75,2,109608.7
8745,3463,139,3,95013.28
8746,3464,246,1,155067.32
8747,3464,319,1,38726.82
8748,3464,224,3,180566.69
8749,3465,296,1,68855.2
8750,3465,96,1,65773.58
8751,3465,37,3,46157.25
8752,3466,229,2,20447.16
8753,3466,202,3,161677.95
8754,3467,397,1,37758.94
8755,3467,152,3,184290.03
8756,3467,104,2,59275.63
8757,3467,276,2,23971.0
8758,3468,305,2,198015.99
8759,3468,321,2,157890.36
8760,3468,316,3,3769.9
8761,3468,22,3,150862.55
8762,3469,14,1,89932.3
8763,3470,306,1,17520.5
8764,3470,79,3,117712.55
8765,3470,274,1,54686.32
8766,3470,381,3,176980.96
8767,3471,46,2,118724.75
8768,3471,204,2,188978.74
8769,3471,188,1,35013.84
8770,3471,340,2,165052.47
8771,3472,274,3,54686.32
8772,3473,173,2,47377.77
8773,3473,162,2,52286.3
8774,3473,69,1,4305.21
8775,3474,113,1,195996.61
8776,3474,69,2,4305.21
8777,3474,314,3,53745.02
8778,3474,253,2,146101.92
8779,3475,15,1,143957.3
8780,3475,322,1,130758.24
8781,3475,99,1,67013.23
8782,3476,3,3,7526.8
8783,3476,367,3,228694.37
8784,3477,353,3,89374.69
8785,3477,244,3,8123.81
8786,3477,204,2,188978.74
8787,3477,242,2,51496.32
8788,3478,243,3,37577.05
8789,3479,132,1,111446.24
8790,3479,211,1,4061.75
8791,3479,342,3,176733.9
8792,3479,339,1,10393.21
8793,3480,13,1,184860.08
8794,3480,25,3,56365.36
8795,3480,345,3,3634.44
8796,3480,357,1,175127.82
8797,3481,397,3,37758.94
8798,3482,210,2,97334.98
8799,3482,126,3,176896.18
8800,3482,68,3,2885.59
8801,3482,10,3,228921.75
8802,3483,183,1,182249.1
8803,3483,327,1,93962.55
8804,3483,381,1,176980.96
8805,3483,219,1,194332.13
8806,3484,395,3,124226.7
8807,3484,179,1,72910.11
8808,3484,220,3,107337.51
8809,3484,51,1,93241.8
8810,3485,325,3,76663.93
8811,3485,238,1,16422.19
8812,3485,52,3,193193.24
8813,3486,93,2,85322.12
8814,3486,67,3,97379.9
8815,3486,9,2,216809.67
8816,3487,219,1,194332.13
8817,3487,9,1,216809.67
8818,3488,362,1,14481.09
8819,3489,291,3,103671.46
8820,3490,107,2,33391.06
8821,3490,242,3,51496.32
8822,3491,130,2,169159.49
8823,3491,283,3,89092.71
8824,3492,334,2,146758.91
8825,3492,252,2,186098.96
8826,3492,183,3,182249.1
8827,3493,391,2,49496.26
8828,3493,229,2,20447.16
8829,3493,95,2,49700.64
8830,3493,216,3,65676.87
8831,3494,190,3,-1000.0
8832,3495,13,2,184860.08
8833,3495,298,3,22913.44
8834,3495,297,3,67730.03
8835,3496,211,3,4061.75
8836,3497,303,1,80733.63
8837,3497,150,2,180012.96
8838,3497,340,1,165052.47
8839,3497,33,1,28473.0
8840,3498,142,2,85943.57
8841,3498,160,2,116411.44
8842,3498,59,3,161932.27
8843,3498,307,3,50519.78
8844,3499,187,2,48772.65
8845,3499,143,2,187703.44
8846,3500,240,1,37718.61
8847,3500,50,3,196418.36
8848,3501,180,3,215596.8
8849,3501,267,3,123814.11
8850,3502,212,2,167662.05
8851,3502,147,3,46179.06
8852,3502,157,1,91158.49
8853,3502,35,1,120078.64
8854,3503,94,1,211083.87
8855,3503,63,1,159567.98
8856,3504,123,1,130947.34
8857,3505,328,1,28340.81
8858,3505,100,3,196105.0
8859,3505,321,2,157890.36
8860,3506,358,3,178348.09
8861,3507,375,1,31576.35
8862,3507,260,2,213378.12
8863,3507,97,3,124701.15
8864,3508,188,2,35013.84
8865,3508,335,1,62446.33
8866,3508,19,1,146352.25
8867,3508,260,1,213378.12
8868,3509,309,1,108356.35
8869,3509,391,2,49496.26
8870,3509,15,2,143957.3
8871,3509,84,2,42005.69
8872,3510,61,2,189942.13
8873,3510,281,3,89826.4
8874,3510,107,2,33391.06
8875,3510,396,1,103196.96
8876,3511,389,1,223901.84
8877,3512,226,3,102863.17
8878,3512,303,2,80733.63
8879,3513,320,2,172820.69
8880,3513,10,2,228921.75
8881,3514,325,3,76663.93
8882,3514,265,1,39650.36
8883,3514,389,2,223901.84
8884,3515,312,2,213856.86
8885,3515,31,3,213222.88
8886,3515,118,1,88084.04
8887,3516,357,1,175127.82
8888,3516,116,3,93394.61
8889,3517,43,1,114531.37
8890,3518,2,3,149267.73
8891,3518,240,3,37718.61
8892,3518,218,3,172588.85
8893,3519,20,1,182631.87
8894,3519,310,1,170497.76
8895,3520,180,2,215596.8
8896,3520,110,3,49497.28
8897,3521,224,2,180566.69
8898,3522,383,2,183812.28
8899,3522,154,3,211291.85
8900,3523,210,3,97334.98
8901,3523,301,2,112144.59
8902,3523,368,3,209350.37
8903,3524,266,1,154737.92
8904,3525,362,2,14481.09
8905,3526,291,3,103671.46
8906,3526,308,1,70851.91
8907,3526,323,1,27190.12
8908,3526,341,1,152978.48
8909,3527,98,2,185562.02
8910,3527,70,2,92203.48
8911,3527,387,3,60812.16
8912,3528,48,3,132286.45
8913,3528,51,3,93241.8
8914,3528,226,1,102863.17
8915,3528,386,3,80116.96
8916,3529,239,3,91749.05
8917,3529,379,3,193559.0
8918,3529,164,1,73095.05
8919,3530,178,3,202498.25
8920,3530,26,2,38469.74
8921,3531,396,2,103196.96
8922,3531,20,3,182631.87
8923,3532,364,1,65746.32
8924,3532,164,1,73095.05
8925,3532,240,3,37718.61
8926,3533,88,3,101192.35
8927,3533,113,3,195996.61
8928,3534,375,2,31576.35
8929,3534,316,3,3769.9
8930,3535,204,3,188978.74
8931,3535,338,1,90146.38
8932,3535,246,3,155067.32
8933,3536,250,3,198609.8
8934,3537,246,3,155067.32
8935,3538,81,1,10899.5
8936,3538,340,3,165052.47
8937,3538,319,2,38726.82
8938,3539,202,1,161677.95
8939,3539,57,1,131451.16
8940,3539,338,3,90146.38
8941,3540,70,1,92203.48
8942,3541,297,1,67730.03
8943,3541,251,1,107136.01
8944,3542,224,3,180566.69
8945,3542,279,3,31093.62
8946,3543,358,2,178348.09
8947,3543,302,1,127736.26
8948,3543,236,3,182898.47
8949,3544,224,2,180566.69
8950,3544,285,2,36376.55
8951,3544,387,1,60812.16
8952,3544,301,2,112144.59
8953,3545,97,2,124701.15
8954,3545,334,2,146758.91
8955,3546,250,1,198609.8
8956,3547,399,3,117465.54
8957,3547,86,2,31662.6
8958,3548,4,3,114946.67
8959,3549,91,2,102944.04
8960,3549,226,1,102863.17
8961,3549,315,1,92353.85
8962,3550,178,1,202498.25
8963,3551,279,1,31093.62
8964,3551,121,2,72624.12
8965,3551,287,2,22255.08
8966,3552,48,1,132286.45
8967,3552,281,1,89826.4
8968,3553,222,1,15887.34
8969,3553,164,2,73095.05
8970,3553,325,3,76663.93
8971,3554,188,3,35013.84
8972,3554,116,3,93394.61
8973,3554,174,2,117478.08
8974,3554,178,2,202498.25
8975,3555,112,2,3039.37
8976,3555,4,3,114946.67
8977,3555,52,3,193193.24
8978,3555,141,2,88692.92
8979,3556,304,2,161992.8
8980,3557,261,1,79486.07
8981,3557,213,1,16785.14
8982,3557,301,1,112144.59
8983,3558,328,2,28340.81
8984,3558,188,3,35013.84
8985,3558,69,3,4305.21
8986,3558,6,2,136605.61
8987,3559,293,1,115807.73
8988,3559,20,1,182631.87
8989,3560,283,1,89092.71
8990,3560,29,1,63287.15
8991,3561,376,1,204960.25
8992,3561,287,2,22255.08
8993,3562,185,2,222877.27
8994,3563,38,2,108041.96
8995,3563,398,2,79202.64
8996,3563,40,2,244240.57
8997,3563,8,2,187839.72
8998,3564,243,1,37577.05
8999,3565,270,3,94124.72
9000,3565,187,1,48772.65
9001,3565,57,2,131451.16
9002,3566,234,2,134417.8
9003,3566,396,1,103196.96
9004,3566,10,3,228921.75
9005,3567,55,3,63638.65
9006,3567,63,1,159567.98
9007,3567,252,1,186098.96
9008,3568,69,1,4305.21
9009,3568,29,2,63287.15
9010,3568,357,2,175127.82
9011,3568,275,3,196237.01
9012,3569,378,3,257676.08
9013,3570,270,2,94124.72
9014,3570,281,1,89826.4
9015,3570,264,1,92901.53
9016,3570,381,1,176980.96
9017,3571,377,1,127215.62
9018,3571,253,3,146101.92
9019,3572,264,2,92901.53
9020,3572,197,3,155218.93
9021,3572,68,2,2885.59
9022,3573,313,3,-1000.0
9023,3573,210,1,97334.98
9024,3574,281,1,89826.4
9025,3574,108,2,227064.66
9026,3574,318,1,57516.99
9027,3575,193,3,83074.26
9028,3575,310,2,170497.76
9029,3575,271,1,39127.12
9030,3575,154,2,211291.85
9031,3576,132,3,111446.24
9032,3576,309,1,108356.35
9033,3576,307,1,50519.78
9034,3576,14,2,89932.3
9035,3577,254,1,100631.14
9036,3577,229,3,20447.16
9037,3577,110,3,49497.28
9038,3577,206,1,126816.6
9039,3578,331,3,137555.3
9040,3578,123,2,130947.34
9041,3579,73,2,226665.36
9042,3580,113,1,195996.61
9043,3580,48,3,132286.45
9044,3580,14,1,89932.3
9045,3581,240,2,37718.61
9046,3581,68,1,2885.59
9047,3581,305,3,198015.99
9048,3582,206,3,126816.6
9049,3582,167,1,17448.92
9050,3583,52,2,193193.24
9051,3583,296,2,68855.2
9052,3583,332,3,247371.04
9053,3583,187,1,48772.65
9054,3584,375,1,31576.35
9055,3584,283,3,89092.71
9056,3584,147,1,46179.06
9057,3585,289,3,93894.4
9058,3585,353,2,89374.69
9059,3586,121,3,72624.12
9060,3587,302,3,127736.26
9061,3588,161,3,98450.34
9062,3588,251,2,107136.01
9063,3588,94,3,211083.87
9064,3588,12,3,25200.8
9065,3589,26,3,38469.74
9066,3589,351,1,221689.4
9067,3589,250,3,198609.8
9068,3590,281,2,89826.4
9069,3590,122,3,193564.32
9070,3591,67,1,97379.9
9071,3592,81,3,10899.5
9072,3592,203,3,160317.19
9073,3592,57,2,131451.16
9074,3593,312,2,213856.86
9075,3593,386,3,80116.96
9076,3594,151,3,137308.73
9077,3595,281,2,89826.4
9078,3595,208,3,58440.67
9079,3596,170,3,36052.22
9080,3597,135,2,63733.13
9081,3597,157,1,91158.49
9082,3598,270,3,94124.72
9083,3598,253,2,146101.92
9084,3598,208,3,58440.67
9085,3598,29,3,63287.15
9086,3599,121,3,72624.12
9087,3599,70,3,92203.48
9088,3600,243,1,37577.05
9089,3600,370,2,29783.24
9090,3600,351,1,221689.4
9091,3600,105,1,171327.72
9092,3601,381,1,176980.96
9093,3601,17,2,187307.96
9094,3602,252,1,186098.96
9095,3602,12,2,25200.8
9096,3602,318,2,57516.99
9097,3602,297,3,67730.03
9098,3603,85,3,114181.68
9099,3603,40,1,244240.57
9100,3603,265,1,39650.36
9101,3604,141,1,88692.92
9102,3605,177,3,68966.65
9103,3605,179,3,72910.11
9104,3606,91,1,102944.04
9105,3606,79,3,117712.55
9106,3606,97,1,124701.15
9107,3607,299,1,203148.18
9108,3607,94,3,211083.87
9109,3608,334,3,146758.91
9110,3609,203,1,160317.19
9111,3609,365,1,116653.08
9112,3609,310,3,170497.76
9113,3609,195,2,92189.19
9114,3610,334,3,146758.91
9115,3611,280,2,154590.14
9116,3611,180,1,215596.8
9117,3611,15,3,143957.3
9118,3612,126,1,176896.18
9119,3612,69,2,4305.21
9120,3613,216,2,65676.87
9121,3613,28,1,98230.78
9122,3613,395,3,124226.7
9123,3613,96,1,65773.58
9124,3614,122,3,193564.32
9125,3614,377,1,127215.62
9126,3614,165,3,75464.21
9127,3614,242,1,51496.32
9128,3615,339,1,10393.21
9129,3615,236,1,182898.47
9130,3616,336,2,223256.52
9131,3616,331,3,137555.3
9132,3616,298,3,22913.44
9133,3616,275,3,196237.01
9134,3617,110,1,49497.28
9135,3618,142,3,85943.57
9136,3618,2,1,149267.73
9137,3618,130,3,169159.49
9138,3618,55,1,63638.65
9139,3619,265,2,39650.36
9140,3619,167,3,17448.92
9141,3619,233,3,208635.04
9142,3619,297,2,67730.03
9143,3620,19,3,146352.25
9144,3620,132,2,111446.24
9145,3620,370,2,29783.24
9146,3621,61,3,189942.13
9147,3621,6,2,136605.61
9148,3621,216,2,65676.87
9149,3622,337,1,139826.06
9150,3623,72,1,123267.08
9151,3623,29,2,63287.15
9152,3623,395,1,124226.7
9153,3624,99,2,67013.23
9154,3624,88,1,101192.35
9155,3625,45,2,139853.99
9156,3625,255,3,120947.33
9157,3625,98,3,185562.02
9158,3626,337,2,139826.06
9159,3626,376,2,204960.25
9160,3626,271,2,39127.12
9161,3626,398,1,79202.64
9162,3627,203,2,160317.19
9163,3627,200,1,133017.26
9164,3627,352,2,195040.51
9165,3628,307,1,50519.78
9166,3628,219,1,194332.13
9167,3628,17,3,187307.96
9168,3628,386,2,80116.96
9169,3629,69,3,4305.21
9170,3629,393,1,22998.42
9171,3630,53,3,178807.02
9172,3630,338,2,90146.38
9173,3631,42,2,122256.45
9174,3631,356,1,193708.01
9175,3631,323,3,27190.12
9176,3631,160,2,116411.44
9177,3632,208,2,58440.67
9178,3633,33,3,28473.0
9179,3634,2,2,149267.73
9180,3635,335,2,62446.33
9181,3636,76,2,105147.62
9182,3636,357,1,175127.82
9183,3637,62,2,47437.51
9184,3637,325,0,76663.93
9185,3637,253,3,146101.92
9186,3637,349,2,20709.51
9187,3638,204,2,188978.74
9188,3638,45,3,139853.99
9189,3638,155,1,48337.64
9190,3638,98,3,185562.02
9191,3639,172,1,156618.46
9192,3639,55,2,63638.65
9193,3639,15,3,143957.3
9194,3639,123,3,130947.34
9195,3640,366,1,135643.25
9196,3640,118,3,88084.04
9197,3640,341,2,152978.48
9198,3640,107,1,33391.06
9199,3641,298,1,22913.44
9200,3641,334,2,146758.91
9201,3641,399,3,117465.54
9202,3641,233,1,208635.04
9203,3642,398,2,79202.64
9204,3642,126,1,176896.18
9205,3642,208,3,58440.67
9206,3642,2,2,149267.73
9207,3643,296,1,68855.2
9208,3644,260,3,213378.12
9209,3644,30,3,37942.17
9210,3644,46,1,118724.75
9211,3645,110,3,49497.28
9212,3646,253,1,146101.92
9213,3647,262,1,111472.85
9214,3647,366,3,135643.25
9215,3648,36,2,33385.5
9216,3649,179,2,72910.11
9217,3649,373,3,38418.12
9218,3649,105,1,171327.72
9219,3650,391,3,49496.26
9220,3650,399,1,117465.54
9221,3650,364,2,65746.32
9222,3650,169,2,94973.51
9223,3651,42,1,122256.45
9224,3651,170,2,36052.22
9225,3652,233,2,208635.04
9226,3653,192,3,43441.24
9227,3653,270,2,94124.72
9228,3653,278,2,146503.31
9229,3654,169,2,94973.51
9230,3654,62,3,47437.51
9231,3655,112,3,3039.37
9232,3655,385,1,237554.64
9233,3655,330,2,53581.46
9234,3656,314,1,53745.02
9235,3656,177,2,68966.65
9236,3656,370,1,29783.24
9237,3657,94,2,211083.87
9238,3658,152,2,184290.03
9239,3658,393,2,22998.42
9240,3658,126,3,176896.18
9241,3658,354,3,33934.36
9242,3659,148,2,206362.87
9243,3659,96,1,65773.58
9244,3659,155,1,48337.64
9245,3659,281,2,89826.4
9246,3660,352,2,195040.51
9247,3660,335,2,62446.33
9248,3661,373,2,38418.12
9249,3661,88,1,101192.35
9250,3661,306,2,17520.5
9251,3661,170,1,36052.22
9252,3662,349,1,20709.51
9253,3662,173,3,47377.77
9254,3662,375,3,31576.35
9255,3663,161,1,98450.34
9256,3663,50,3,196418.36
9257,3663,204,3,188978.74
9258,3663,332,2,247371.04
9259,3664,143,1,187703.44
9260,3664,116,1,93394.61
9261,3665,251,3,107136.01
9262,3665,129,1,21632.52
9263,3665,41,2,77155.11
9264,3666,187,1,48772.65
9265,3666,278,2,146503.31
9266,3666,254,3,100631.14
9267,3667,73,3,226665.36
9268,3668,203,2,160317.19
9269,3669,251,2,107136.01
9270,3670,364,3,65746.32
9271,3670,147,1,46179.06
9272,3671,42,1,122256.45
9273,3671,314,1,53745.02
9274,3671,252,3,186098.96
9275,3671,270,2,94124.72
9276,3672,336,1,223256.52
9277,3673,120,3,146292.08
9278,3673,20,3,182631.87
9279,3674,343,3,55072.92
9280,3674,132,0,111446.24
9281,3675,26,2,38469.74
9282,3676,135,3,63733.13
9283,3676,262,1,111472.85
9284,3677,151,2,137308.73
9285,3677,85,2,114181.68
9286,3678,313,2,-1000.0
9287,3679,73,3,226665.36
9288,3680,55,1,63638.65
9289,3680,37,1,46157.25
9290,3680,145,1,163994.77
9291,3680,23,1,113409.53
9292,3681,83,3,227727.93
9293,3681,362,3,14481.09
9294,3681,296,1,68855.2
9295,3682,248,1,181994.22
9296,3682,335,1,62446.33
9297,3682,36,3,33385.5
9298,3683,182,3,35037.64
9299,3683,89,2,200852.0
9300,3684,61,2,189942.13
9301,3685,89,3,200852.0
9302,3686,375,2,31576.35
9303,3686,239,1,91749.05
9304,3686,372,2,129635.61
9305,3687,246,1,155067.32
9306,3687,335,1,62446.33
9307,3688,353,3,89374.69
9308,3688,339,1,10393.21
9309,3688,385,2,237554.64
9310,3688,335,0,62446.33
9311,3689,379,3,193559.0
9312,3689,254,3,100631.14
9313,3689,46,3,118724.75
9314,3689,130,2,169159.49
9315,3690,198,3,169603.47
9316,3690,345,1,3634.44
9317,3691,316,1,3769.9
9318,3691,141,1,88692.92
9319,3691,306,3,17520.5
9320,3692,233,3,208635.04
9321,3692,73,1,226665.36
9322,3692,396,1,103196.96
9323,3692,347,1,137186.09
9324,3693,246,3,155067.32
9325,3693,168,2,81218.81
9326,3693,113,2,195996.61
9327,3693,261,2,79486.07
9328,3694,26,2,38469.74
9329,3694,335,2,62446.33
9330,3694,315,1,92353.85
9331,3694,274,3,54686.32
9332,3695,298,2,22913.44
9333,3696,353,2,89374.69
9334,3696,238,3,16422.19
9335,3697,259,2,267553.37
9336,3697,212,2,167662.05
9337,3698,347,2,137186.09
9338,3698,231,1,169920.09
9339,3699,79,2,117712.55
9340,3699,231,3,169920.09
9341,3699,50,3,196418.36
9342,3700,180,2,215596.8
9343,3700,345,3,3634.44
9344,3700,339,1,10393.21
9345,3701,339,1,10393.21
9346,3701,26,2,38469.74
9347,3701,274,0,54686.32
9348,3701,23,3,113409.53
9349,3702,2,1,149267.73
9350,3702,61,1,189942.13
9351,3703,240,2,37718.61
9352,3703,172,2,156618.46
9353,3703,310,2,170497.76
9354,3703,297,2,67730.03
9355,3704,335,3,62446.33
9356,3704,254,2,100631.14
9357,3704,327,1,93962.55
9358,3705,376,1,204960.25
9359,3705,50,2,196418.36
9360,3706,56,3,153085.38
9361,3707,30,1,37942.17
9362,3707,253,3,146101.92
9363,3708,148,3,206362.87
9364,3709,182,1,35037.64
9365,3709,220,3,107337.51
9366,3710,342,1,176733.9
9367,3710,185,1,222877.27
9368,3710,130,3,169159.49
9369,3711,331,1,137555.3
9370,3711,270,3,94124.72
9371,3712,240,1,37718.61
9372,3713,42,2,122256.45
9373,3713,305,3,198015.99
9374,3714,168,1,81218.81
9375,3715,310,1,170497.76
9376,3716,265,1,39650.36
9377,3716,167,3,17448.92
9378,3717,193,2,83074.26
9379,3717,291,3,103671.46
9380,3718,327,2,93962.55
9381,3718,353,3,89374.69
9382,3719,162,1,52286.3
9383,3719,365,1,116653.08
9384,3719,295,1,154948.76
9385,3720,356,3,193708.01
9386,3721,122,1,193564.32
9387,3722,159,2,77121.65
9388,3723,100,1,196105.0
9389,3723,376,3,204960.25
9390,3723,31,2,213222.88
9391,3724,236,3,182898.47
9392,3724,218,3,172588.85
9393,3724,192,2,43441.24
9394,3725,181,1,166139.86
9395,3725,267,1,123814.11
9396,3725,330,3,53581.46
9397,3726,33,1,28473.0
9398,3726,15,3,143957.3
9399,3726,35,3,120078.64
9400,3726,19,3,146352.25
9401,3727,69,1,4305.21
9402,3727,37,2,46157.25
9403,3727,20,3,182631.87
9404,3728,334,2,146758.91
9405,3728,150,3,180012.96
9406,3729,299,2,203148.18
9407,3729,341,2,152978.48
9408,3730,12,1,25200.8
9409,3731,325,3,76663.93
9410,3731,190,3,-1000.0
9411,3731,271,1,39127.12
9412,3731,338,3,90146.38
9413,3732,56,3,153085.38
9414,3732,30,2,37942.17
9415,3732,238,1,16422.19
9416,3732,118,3,88084.04
9417,3733,372,3,129635.61
9418,3733,305,3,198015.99
9419,3733,156,2,100447.5
9420,3734,307,3,50519.78
9421,3735,238,1,16422.19
9422,3735,28,1,98230.78
9423,3735,316,1,3769.9
9424,3735,360,3,24260.58
9425,3736,113,1,195996.61
9426,3737,351,2,221689.4
9427,3737,383,2,183812.28
9428,3738,155,3,48337.64
9429,3739,328,1,28340.81
9430,3739,65,2,189259.53
9431,3740,182,2,35037.64
9432,3741,188,2,35013.84
9433,3741,322,1,130758.24
9434,3741,94,3,211083.87
9435,3741,324,1,88809.05
9436,3742,122,2,193564.32
9437,3743,150,2,180012.96
9438,3743,279,1,31093.62
9439,3743,367,3,228694.37
9440,3744,193,3,83074.26
9441,3744,218,3,172588.85
9442,3744,387,3,60812.16
9443,3745,159,2,77121.65
9444,3745,98,2,185562.02
9445,3745,126,1,176896.18
9446,3745,85,3,114181.68
9447,3746,66,3,185456.68
9448,3746,373,1,38418.12
9449,3746,151,2,137308.73
9450,3747,125,0,191668.58
9451,3748,376,3,204960.25
9452,3749,213,0,16785.14
9453,3750,233,1,208635.04
9454,3750,261,1,79486.07
9455,3750,316,2,3769.9
9456,3750,180,2,215596.8
9457,3751,387,3,60812.16
9458,3751,76,2,105147.62
9459,3751,141,3,88692.92
9460,3752,6,3,136605.61
9461,3753,198,2,169603.47
9462,3753,181,2,166139.86
9463,3753,212,2,167662.05
9464,3754,334,2,146758.91
9465,3754,177,1,68966.65
9466,3755,155,2,48337.64
9467,3755,242,3,51496.32
9468,3756,38,1,108041.96
9469,3756,170,2,36052.22
9470,3757,293,3,115807.73
9471,3758,303,1,80733.63
9472,3759,20,3,182631.87
9473,3759,23,3,113409.53
9474,3759,212,3,167662.05
9475,3759,210,1,97334.98
9476,3760,330,1,53581.46
9477,3760,174,3,117478.08
9478,3761,281,2,89826.4
9479,3761,212,2,167662.05
9480,3762,268,3,163510.92
9481,3762,303,0,80733.63
9482,3763,26,3,38469.74
9483,3764,147,1,46179.06
9484,3764,126,1,176896.18
9485,3764,367,1,228694.37
9486,3765,179,2,72910.11
9487,3766,112,1,3039.37
9488,3766,180,2,215596.8
9489,3766,87,1,45719.31
9490,3767,202,1,161677.95
9491,3767,157,2,91158.49
9492,3767,239,2,91749.05
9493,3768,200,3,133017.26
9494,3768,69,3,4305.21
9495,3769,38,2,108041.96
9496,3769,312,2,213856.86
9497,3769,28,3,98230.78
9498,3769,17,2,187307.96
9499,3770,192,1,43441.24
9500,3771,162,3,52286.3
9501,3771,50,3,196418.36
9502,3771,9,2,216809.67
9503,3771,172,3,156618.46
9504,3772,213,3,16785.14
9505,3772,222,1,15887.34
9506,3772,157,1,91158.49
9507,3772,9,1,216809.67
9508,3773,289,1,93894.4
9509,3773,341,3,152978.48
9510,3774,3,1,7526.8
9511,3774,87,3,45719.31
9512,3774,55,2,63638.65
9513,3774,151,3,137308.73
9514,3775,210,1,97334.98
9515,3776,123,2,130947.34
9516,3776,285,2,36376.55
9517,3776,151,3,137308.73
9518,3776,121,3,72624.12
9519,3777,70,1,92203.48
9520,3777,381,2,176980.96
9521,3777,36,3,33385.5
9522,3778,107,1,33391.06
9523,3779,33,2,28473.0
9524,3779,336,2,223256.52
9525,3780,254,1,100631.14
9526,3781,195,2,92189.19
9527,3781,335,2,62446.33
9528,3781,291,2,103671.46
9529,3782,356,1,193708.01
9530,3782,342,3,176733.9
9531,3782,51,1,93241.8
9532,3782,230,3,99627.55
9533,3783,388,3,256305.09
9534,3784,87,2,45719.31
9535,3785,94,2,211083.87
9536,3785,391,2,49496.26
9537,3785,264,3,92901.53
9538,3786,302,1,127736.26
9539,3786,261,1,79486.07
9540,3787,47,3,152134.58
9541,3787,242,3,51496.32
9542,3787,266,3,154737.92
9543,3787,356,2,193708.01
9544,3788,216,2,65676.87
9545,3788,113,1,195996.61
9546,3788,212,3,167662.05
9547,3788,347,1,137186.09
9548,3789,187,1,48772.65
9549,3789,226,2,102863.17
9550,3790,107,1,33391.06
9551,3790,301,2,112144.59
9552,3790,399,1,117465.54
9553,3790,261,1,79486.07
9554,3791,50,2,196418.36
9555,3792,337,2,139826.06
9556,3792,395,1,124226.7
9557,3793,265,3,39650.36
9558,3793,128,1,173129.42
9559,3793,275,1,196237.01
9560,3793,233,2,208635.04
9561,3794,223,3,133823.09
9562,3794,129,2,21632.52
9563,3795,82,1,102874.79
9564,3795,299,3,203148.18
9565,3795,95,1,49700.64
9566,3795,293,2,115807.73
9567,3796,190,1,-1000.0
9568,3797,275,1,196237.01
9569,3797,195,3,92189.19
9570,3797,26,1,38469.74
9571,3797,375,1,31576.35
9572,3798,387,1,60812.16
9573,3798,20,1,182631.87
9574,3799,97,1,124701.15
9575,3800,262,1,111472.85
9576,3800,203,3,160317.19
9577,3801,204,1,188978.74
9578,3801,313,1,-1000.0
9579,3801,299,3,203148.18
9580,3802,76,1,105147.62
9581,3802,389,1,223901.84
9582,3803,35,3,120078.64
9583,3803,137,2,134221.1
9584,3803,162,1,52286.3
9585,3804,115,2,58008.8
9586,3804,375,1,31576.35
9587,3804,156,2,100447.5
9588,3804,132,1,111446.24
9589,3805,35,3,120078.64
9590,3805,353,2,89374.69
9591,3805,51,3,93241.8
9592,3806,330,2,53581.46
9593,3806,70,3,92203.48
9594,3806,118,1,88084.04
9595,3806,398,1,79202.64
9596,3807,65,3,189259.53
9597,3807,378,1,257676.08
9598,3808,383,3,183812.28
9599,3808,299,3,203148.18
9600,3808,306,1,17520.5
9601,3808,233,1,208635.04
9602,3809,167,3,17448.92
9603,3810,271,2,39127.12
9604,3810,339,3,10393.21
9605,3810,393,1,22998.42
9606,3811,32,1,129254.32
9607,3811,243,3,37577.05
9608,3811,17,3,187307.96
9609,3812,278,3,146503.31
9610,3813,25,3,56365.36
9611,3814,276,3,23971.0
9612,3814,42,3,122256.45
9613,3814,370,2,29783.24
9614,3815,251,3,107136.01
9615,3815,45,2,139853.99
9616,3815,162,1,52286.3
9617,3815,340,1,165052.47
9618,3816,243,3,37577.05
9619,3817,78,2,197988.01
9620,3817,47,3,152134.58
9621,3818,280,1,154590.14
9622,3818,265,2,39650.36
9623,3818,358,2,178348.09
9624,3819,378,1,257676.08
9625,3819,329,1,174721.07
9626,3820,357,2,175127.82
9627,3820,10,1,228921.75
9628,3821,98,1,185562.02
9629,3821,210,2,97334.98
9630,3821,305,1,198015.99
9631,3821,142,1,85943.57
9632,3822,383,1,183812.28
9633,3822,85,3,114181.68
9634,3822,370,3,29783.24
9635,3823,327,1,93962.55
9636,3824,244,3,8123.81
9637,3824,72,1,123267.08
9638,3825,82,3,102874.79
9639,3825,332,2,247371.04
9640,3826,234,1,134417.8
9641,3826,242,3,51496.32
9642,3826,222,1,15887.34
9643,3827,318,2,57516.99
9644,3828,190,1,-1000.0
9645,3828,364,1,65746.32
9646,3829,15,1,143957.3
9647,3830,130,2,169159.49
9648,3830,370,2,29783.24
9649,3830,185,1,222877.27
9650,3831,398,2,79202.64
9651,3831,87,3,45719.31
9652,3831,115,3,58008.8
9653,3832,396,1,103196.96
9654,3833,329,1,174721.07
9655,3833,340,3,165052.47
9656,3833,375,2,31576.35
9657,3834,56,3,153085.38
9658,3834,318,3,57516.99
9659,3835,314,2,53745.02
9660,3835,309,1,108356.35
9661,3836,366,2,135643.25
9662,3837,173,3,47377.77
9663,3837,218,3,172588.85
9664,3837,169,2,94973.51
9665,3837,69,2,4305.21
9666,3838,265,3,39650.36
9667,3838,94,3,211083.87
9668,3839,379,2,193559.0
9669,3840,220,1,107337.51
9670,3841,47,2,152134.58
9671,3841,222,2,15887.34
9672,3841,381,3,176980.96
9673,3842,342,1,176733.9
9674,3843,259,3,267553.37
9675,3843,168,3,81218.81
9676,3843,280,1,154590.14
9677,3844,61,1,189942.13
9678,3844,113,3,195996.61
9679,3845,23,3,113409.53
9680,3845,378,2,257676.08
9681,3845,202,3,161677.95
9682,3846,372,3,129635.61
9683,3846,57,3,131451.16
9684,3846,323,3,27190.12
9685,3847,305,2,198015.99
9686,3847,266,1,154737.92
9687,3847,65,1,189259.53
9688,3848,246,2,155067.32
9689,3848,23,3,113409.53
9690,3848,52,2,193193.24
9691,3849,357,2,175127.82
9692,3850,396,3,103196.96
9693,3850,234,1,134417.8
9694,3851,115,2,58008.8
9695,3851,303,2,80733.63
9696,3852,338,1,90146.38
9697,3853,389,2,223901.84
9698,3853,212,3,167662.05
9699,3853,398,3,79202.64
9700,3854,110,3,49497.28
9701,3854,321,1,157890.36
9702,3854,393,2,22998.42
9703,3855,336,2,223256.52
9704,3856,89,3,200852.0
9705,3856,102,1,96364.66
9706,3856,73,3,226665.36
9707,3856,188,2,35013.84
9708,3857,385,3,237554.64
9709,3857,42,1,122256.45
9710,3858,164,1,73095.05
9711,3858,104,2,59275.63
9712,3858,125,1,191668.58
9713,3858,320,3,172820.69
9714,3859,275,3,196237.01
9715,3859,295,3,154948.76
9716,3860,139,3,95013.28
9717,3861,78,3,197988.01
9718,3861,188,2,35013.84
9719,3862,253,3,146101.92
9720,3862,208,2,58440.67
9721,3862,30,2,37942.17
9722,3863,66,2,185456.68
9723,3864,329,2,174721.07
9724,3865,76,3,105147.62
9725,3865,279,3,31093.62
9726,3865,160,1,116411.44
9727,3865,88,3,101192.35
9728,3866,388,3,256305.09
9729,3866,208,3,58440.67
9730,3867,380,3,129190.02
9731,3867,104,2,59275.63
9732,3868,9,2,216809.67
9733,3868,304,2,161992.8
9734,3868,267,2,123814.11
9735,3869,23,2,113409.53
9736,3869,183,1,182249.1
9737,3869,151,2,137308.73
9738,3869,102,1,96364.66
9739,3870,159,2,77121.65
9740,3870,301,2,112144.59
9741,3870,243,1,37577.05
9742,3871,280,1,154590.14
9743,3871,162,3,52286.3
9744,3872,82,3,102874.79
9745,3872,362,1,14481.09
9746,3872,170,1,36052.22
9747,3873,177,1,68966.65
9748,3873,135,3,63733.13
9749,3874,3,1,7526.8
9750,3874,385,3,237554.64
9751,3875,17,1,187307.96
9752,3875,331,1,137555.3
9753,3876,223,1,133823.09
9754,3876,259,2,267553.37
9755,3876,358,3,178348.09
9756,3877,16,3,130664.31
9757,3877,104,3,59275.63
9758,3877,38,1,108041.96
9759,3877,2,2,149267.73
9760,3878,20,3,182631.87
9761,3879,351,3,221689.4
9762,3880,86,2,31662.6
9763,3880,203,3,160317.19
9764,3880,154,3,211291.85
9765,3880,197,1,155218.93
9766,3881,231,3,169920.09
9767,3881,139,1,95013.28
9768,3881,195,1,92189.19
9769,3882,281,1,89826.4
9770,3882,238,2,16422.19
9771,3883,113,2,195996.61
9772,3883,70,2,92203.48
9773,3884,329,2,174721.07
9774,3884,272,2,62763.18
9775,3885,46,2,118724.75
9776,3885,3,1,7526.8
9777,3885,57,2,131451.16
9778,3885,398,1,79202.64
9779,3886,45,2,139853.99
9780,3886,35,3,120078.64
9781,3886,248,1,181994.22
9782,3887,69,2,4305.21
9783,3887,242,1,51496.32
9784,3887,12,2,25200.8
9785,3888,341,2,152978.48
9786,3888,16,1,130664.31
9787,3888,46,3,118724.75
9788,3889,257,1,7609.62
9789,3889,197,3,155218.93
9790,3889,299,3,203148.18
9791,3890,67,1,97379.9
9792,3890,260,3,213378.12
9793,3890,23,3,113409.53
9794,3890,175,3,48836.92
9795,3891,160,2,116411.44
9796,3891,279,3,31093.62
9797,3891,391,1,49496.26
9798,3891,200,3,133017.26
9799,3892,270,3,94124.72
9800,3892,12,2,25200.8
9801,3893,268,2,163510.92
9802,3894,70,3,92203.48
9803,3894,345,1,3634.44
9804,3895,195,2,92189.19
9805,3896,38,3,108041.96
9806,3896,395,2,124226.7
9807,3897,174,2,117478.08
9808,3897,4,1,114946.67
9809,3897,338,3,90146.38
9810,3897,328,3,28340.81
9811,3898,210,1,97334.98
9812,3899,28,1,98230.78
9813,3899,100,2,196105.0
9814,3899,255,1,120947.33
9815,3900,228,2,51706.06
9816,3900,335,3,62446.33
9817,3900,95,1,49700.64
9818,3900,295,3,154948.76
9819,3901,341,2,152978.48
9820,3902,222,3,15887.34
9821,3903,250,1,198609.8
9822,3903,198,2,169603.47
9823,3903,85,2,114181.68
9824,3904,353,2,89374.69
9825,3905,180,2,215596.8
9826,3905,366,2,135643.25
9827,3905,30,3,37942.17
9828,3906,246,2,155067.32
9829,3906,83,2,227727.93
9830,3906,202,1,161677.95
9831,3906,198,2,169603.47
9832,3907,296,1,68855.2
9833,3907,329,3,174721.07
9834,3908,204,3,188978.74
9835,3909,195,3,92189.19
9836,3909,63,3,159567.98
9837,3909,78,2,197988.01
9838,3910,296,1,68855.2
9839,3910,357,3,175127.82
9840,3911,313,2,-1000.0
9841,3911,362,3,14481.09
9842,3911,129,1,21632.52
9843,3912,96,3,65773.58
9844,3912,368,2,209350.37
9845,3913,267,2,123814.11
9846,3913,42,2,122256.45
9847,3913,82,2,102874.79
9848,3913,276,2,23971.0
9849,3914,272,3,62763.18
9850,3914,33,2,28473.0
9851,3914,341,2,152978.48
9852,3914,157,2,91158.49
9853,3915,72,1,123267.08
9854,3915,61,3,189942.13
9855,3915,271,1,39127.12
9856,3916,22,3,150862.55
9857,3916,266,2,154737.92
9858,3916,93,1,85322.12
9859,3916,112,2,3039.37
9860,3917,266,2,154737.92
9861,3917,161,1,98450.34
9862,3917,280,3,154590.14
9863,3917,20,3,182631.87
9864,3918,264,2,92901.53
9865,3918,393,1,22998.42
9866,3919,340,1,165052.47
9867,3920,330,3,53581.46
9868,3920,173,2,47377.77
9869,3921,234,2,134417.8
9870,3922,328,1,28340.81
9871,3923,70,1,92203.48
9872,3924,78,2,197988.01
9873,3924,98,3,185562.02
9874,3924,36,2,33385.5
9875,3925,323,1,27190.12
9876,3925,85,2,114181.68
9877,3925,349,1,20709.51
9878,3925,308,1,70851.91
9879,3926,155,1,48337.64
9880,3927,23,2,113409.53
9881,3927,242,2,51496.32
9882,3928,309,3,108356.35
9883,3929,307,2,50519.78
9884,3929,320,2,172820.69
9885,3930,341,2,152978.48
9886,3930,67,1,97379.9
9887,3931,113,3,195996.61
9888,3931,287,2,22255.08
9889,3932,306,2,17520.5
9890,3932,172,1,156618.46
9891,3933,198,2,169603.47
9892,3933,57,3,131451.16
9893,3933,211,1,4061.75
9894,3934,366,3,135643.25
9895,3934,306,1,17520.5
9896,3935,47,3,152134.58
9897,3935,14,3,89932.3
9898,3936,142,3,85943.57
9899,3937,70,1,92203.48
9900,3937,325,2,76663.93
9901,3938,19,2,146352.25
9902,3938,281,2,89826.4
9903,3938,94,1,211083.87
9904,3939,397,3,37758.94
9905,3940,121,2,72624.12
9906,3940,161,3,98450.34
9907,3940,281,1,89826.4
9908,3941,126,1,176896.18
9909,3941,328,1,28340.81
9910,3941,157,1,91158.49
9911,3942,213,3,16785.14
9912,3942,253,3,146101.92
9913,3943,130,1,169159.49
9914,3943,385,3,237554.64
9915,3943,102,2,96364.66
9916,3944,328,2,28340.81
9917,3944,97,1,124701.15
9918,3944,315,2,92353.85
9919,3945,383,2,183812.28
9920,3945,56,1,153085.38
9921,3946,126,1,176896.18
9922,3946,37,1,46157.25
9923,3946,341,3,152978.48
9924,3946,151,3,137308.73
9925,3947,281,3,89826.4
9926,3947,324,1,88809.05
9927,3948,323,3,27190.12
9928,3948,165,1,75464.21
9929,3948,334,2,146758.91
9930,3948,17,2,187307.96
9931,3949,61,1,189942.13
9932,3949,248,1,181994.22
9933,3950,302,2,127736.26
9934,3951,393,2,22998.42
9935,3951,283,1,89092.71
9936,3952,220,3,107337.51
9937,3952,374,1,12526.67
9938,3953,145,1,163994.77
9939,3953,324,1,88809.05
9940,3954,113,1,195996.61
9941,3954,354,3,33934.36
9942,3954,81,3,10899.5
9943,3954,169,2,94973.51
9944,3955,293,3,115807.73
9945,3955,197,1,155218.93
9946,3955,82,1,102874.79
9947,3956,373,1,38418.12
9948,3956,82,3,102874.79
9949,3957,206,1,126816.6
9950,3957,248,3,181994.22
9951,3957,29,1,63287.15
9952,3957,33,1,28473.0
9953,3958,155,1,48337.64
9954,3958,356,1,193708.01
9955,3958,329,1,174721.07
9956,3958,178,3,202498.25
9957,3959,399,1,117465.54
9958,3959,4,2,114946.67
9959,3960,312,2,213856.86
9960,3960,185,1,222877.27
9961,3960,310,3,170497.76
9962,3961,57,3,131451.16
9963,3961,349,3,20709.51
9964,3961,234,2,134417.8
9965,3962,151,1,137308.73
9966,3962,13,3,184860.08
9967,3962,165,3,75464.21
9968,3963,19,1,146352.25
9969,3963,399,2,117465.54
9970,3964,95,3,49700.64
9971,3964,259,1,267553.37
9972,3964,251,2,107136.01
9973,3965,47,1,152134.58
9974,3965,55,1,63638.65
9975,3966,240,3,37718.61
9976,3967,340,1,165052.47
9977,3967,274,2,54686.32
9978,3968,133,3,75132.07
9979,3968,244,2,8123.81
9980,3968,48,3,132286.45
9981,3968,195,3,92189.19
9982,3969,341,1,152978.48
9983,3969,41,3,77155.11
9984,3969,298,1,22913.44
9985,3969,294,2,193211.61
9986,3970,113,2,195996.61
9987,3970,206,3,126816.6
9988,3971,96,1,65773.58
9989,3971,206,3,126816.6
9990,3972,33,3,28473.0
9991,3972,295,2,154948.76
9992,3972,393,2,22998.42
9993,3973,175,2,48836.92
9994,3973,244,3,8123.81
9995,3973,81,3,10899.5
9996,3973,330,1,53581.46
9997,3974,298,2,22913.44
9998,3975,142,1,85943.57
9999,3975,301,1,112144.59
10000,3975,90,3,223688.38
10001,3975,223,1,133823.09
10002,3976,198,2,169603.47
10003,3976,112,1,3039.37
10004,3977,279,2,31093.62
10005,3977,226,1,102863.17
10006,3978,229,1,20447.16
10007,3979,287,3,22255.08
10008,3979,84,3,42005.69
10009,3979,78,2,197988.01
10010,3980,271,1,39127.12
10011,3980,375,1,31576.35
10012,3980,243,2,37577.05
10013,3980,126,2,176896.18
10014,3981,115,3,58008.8
10015,3982,338,3,90146.38
10016,3983,375,3,31576.35
10017,3983,129,3,21632.52
10018,3983,164,1,73095.05
10019,3983,243,1,37577.05
10020,3984,364,1,65746.32
10021,3984,25,0,56365.36
10022,3985,239,3,91749.05
10023,3986,398,1,79202.64
10024,3986,281,2,89826.4
10025,3986,177,1,68966.65
10026,3987,386,3,80116.96
10027,3987,76,1,105147.62
10028,3987,230,1,99627.55
10029,3988,156,3,100447.5
10030,3988,345,1,3634.44
10031,3989,242,2,51496.32
10032,3989,365,1,116653.08
10033,3989,315,1,92353.85
10034,3990,262,3,111472.85
10035,3990,37,2,46157.25
10036,3990,108,3,227064.66
10037,3991,385,3,237554.64
10038,3992,14,3,89932.3
10039,3992,378,3,257676.08
10040,3992,180,1,215596.8
10041,3993,13,2,184860.08
10042,3993,335,3,62446.33
10043,3994,316,3,3769.9
10044,3994,276,3,23971.0
10045,3995,275,3,196237.01
10046,3996,243,1,37577.05
10047,3996,208,2,58440.67
10048,3997,239,1,91749.05
10049,3997,367,1,228694.37
10050,3997,57,2,131451.16
10051,3997,373,3,38418.12
10052,3998,115,2,58008.8
10053,3998,246,3,155067.32
10054,3998,338,3,90146.38
10055,3998,267,3,123814.11
10056,3999,327,2,93962.55
10057,3999,335,3,62446.33
10058,3999,178,3,202498.25
10059,4000,338,1,90146.38
10060,4001,322,2,130758.24
10061,4001,238,1,16422.19
10062,4002,242,1,51496.32
10063,4002,91,1,102944.04
10064,4002,14,3,89932.3
10065,4002,112,2,3039.37
10066,4003,76,1,105147.62
10067,4003,79,1,117712.55
10068,4003,329,3,174721.07
10069,4004,214,2,146526.82
10070,4004,93,2,85322.12
10071,4005,197,1,155218.93
10072,4005,238,3,16422.19
10073,4005,86,3,31662.6
10074,4006,224,1,180566.69
10075,4007,295,2,154948.76
10076,4007,316,2,3769.9
10077,4008,320,3,172820.69
10078,4008,15,2,143957.3
10079,4009,9,3,216809.67
10080,4009,393,2,22998.42
10081,4009,250,1,198609.8
10082,4010,97,2,124701.15
10083,4010,331,1,137555.3
10084,4010,325,2,76663.93
10085,4011,389,3,223901.84
10086,4011,148,2,206362.87
10087,4011,228,1,51706.06
10088,4012,216,2,65676.87
10089,4012,87,3,45719.31
10090,4013,233,1,208635.04
10091,4013,213,2,16785.14
10092,4013,341,2,152978.48
10093,4013,393,3,22998.42
10094,4014,95,2,49700.64
10095,4015,260,2,213378.12
10096,4015,55,2,63638.65
10097,4016,322,3,130758.24
10098,4017,179,1,72910.11
10099,4018,307,3,50519.78
10100,4018,385,1,237554.64
10101,4018,362,1,14481.09
10102,4018,264,3,92901.53
10103,4019,26,3,38469.74
10104,4019,296,2,68855.2
10105,4020,162,3,52286.3
10106,4021,283,1,89092.71
10107,4022,155,2,48337.64
10108,4022,175,3,48836.92
10109,4023,301,1,112144.59
10110,4023,259,1,267553.37
10111,4024,160,3,116411.44
10112,4024,187,2,48772.65
10113,4024,61,3,189942.13
10114,4025,195,2,92189.19
10115,4025,95,1,49700.64
10116,4025,156,2,100447.5
10117,4026,291,2,103671.46
10118,4026,35,2,120078.64
10119,4027,110,1,49497.28
10120,4027,305,1,198015.99
10121,4027,374,2,12526.67
10122,4027,167,2,17448.92
10123,4028,216,1,65676.87
10124,4028,366,3,135643.25
10125,4028,264,1,92901.53
10126,4029,126,3,176896.18
10127,4029,393,1,22998.42
10128,4029,303,2,80733.63
10129,4029,373,3,38418.12
10130,4030,276,1,23971.0
10131,4030,212,3,167662.05
10132,4031,345,3,3634.44
10133,4031,137,1,134221.1
10134,4031,160,1,116411.44
10135,4031,246,1,155067.32
10136,4032,265,1,39650.36
10137,4032,208,3,58440.67
10138,4032,13,1,184860.08
10139,4032,213,2,16785.14
10140,4033,251,2,107136.01
10141,4033,305,3,198015.99
10142,4034,82,3,102874.79
10143,4035,251,2,107136.01
10144,4035,320,3,172820.69
10145,4035,33,2,28473.0
10146,4036,170,3,36052.22
10147,4036,360,3,24260.58
10148,4037,182,1,35037.64
10149,4038,212,1,167662.05
10150,4038,72,1,123267.08
10151,4039,200,3,133017.26
10152,4040,2,1,149267.73
10153,4041,93,3,85322.12
10154,4041,174,3,117478.08
10155,4041,178,1,202498.25
10156,4041,339,1,10393.21
10157,4042,30,1,37942.17
10158,4042,100,1,196105.0
10159,4042,45,2,139853.99
10160,4043,323,2,27190.12
10161,4043,399,3,117465.54
10162,4044,17,3,187307.96
10163,4044,308,3,70851.91
10164,4044,169,3,94973.51
10165,4045,296,2,68855.2
10166,4045,98,1,185562.02
10167,4045,197,2,155218.93
10168,4045,63,0,159567.98
10169,4046,78,3,197988.01
10170,4046,291,2,103671.46
10171,4046,162,3,52286.3
10172,4047,253,1,146101.92
10173,4047,128,2,173129.42
10174,4047,234,3,134417.8
10175,4048,328,3,28340.81
10176,4048,97,1,124701.15
10177,4049,129,2,21632.52
10178,4049,391,3,49496.26
10179,4049,121,3,72624.12
10180,4049,132,1,111446.24
10181,4050,362,2,14481.09
10182,4050,91,3,102944.04
10183,4050,141,1,88692.92
10184,4051,167,2,17448.92
10185,4051,35,3,120078.64
10186,4052,293,1,115807.73
10187,4052,307,1,50519.78
10188,4053,40,3,244240.57
10189,4053,132,2,111446.24
10190,4053,202,3,161677.95
10191,4054,179,2,72910.11
10192,4055,67,2,97379.9
10193,4055,351,2,221689.4
10194,4056,47,1,152134.58
10195,4056,398,2,79202.64
10196,4056,306,2,17520.5
10197,4056,230,3,99627.55
10198,4057,6,2,136605.61
10199,4057,20,2,182631.87
10200,4057,170,1,36052.22
10201,4057,279,1,31093.62
10202,4058,391,3,49496.26
10203,4058,73,1,226665.36
10204,4058,129,3,21632.52
10205,4058,236,1,182898.47
10206,4059,81,3,10899.5
10207,4059,329,3,174721.07
10208,4059,47,1,152134.58
10209,4059,330,2,53581.46
10210,4060,262,2,111472.85
10211,4060,170,3,36052.22
10212,4061,331,2,137555.3
10213,4061,61,3,189942.13
10214,4061,31,3,213222.88
10215,4062,168,2,81218.81
10216,4062,320,3,172820.69
10217,4062,126,3,176896.18
10218,4063,16,1,130664.31
10219,4063,203,2,160317.19
10220,4063,29,1,63287.15
10221,4064,323,3,27190.12
10222,4064,172,3,156618.46
10223,4064,137,3,134221.1
10224,4065,35,1,120078.64
10225,4065,182,2,35037.64
10226,4065,68,3,2885.59
10227,4066,88,2,101192.35
10228,4066,291,3,103671.46
10229,4067,308,3,70851.91
10230,4067,167,1,17448.92
10231,4067,81,3,10899.5
10232,4068,233,1,208635.04
10233,4068,53,3,178807.02
10234,4068,322,2,130758.24
10235,4069,168,2,81218.81
10236,4070,336,1,223256.52
10237,4071,85,2,114181.68
10238,4071,378,3,257676.08
10239,4071,397,2,37758.94
10240,4072,16,1,130664.31
10241,4072,59,2,161932.27
10242,4072,69,3,4305.21
10243,4072,31,3,213222.88
10244,4073,156,2,100447.5
10245,4073,121,2,72624.12
10246,4073,226,2,102863.17
10247,4074,345,3,3634.44
10248,4074,121,1,72624.12
10249,4074,364,2,65746.32
10250,4074,145,1,163994.77
10251,4075,81,1,10899.5
10252,4075,246,3,155067.32
10253,4075,321,3,157890.36
10254,4076,393,3,22998.42
10255,4076,372,2,129635.61
10256,4076,93,1,85322.12
10257,4077,120,3,146292.08
10258,4077,320,2,172820.69
10259,4077,331,2,137555.3
10260,4077,393,3,22998.42
10261,4078,181,1,166139.86
10262,4078,345,3,3634.44
10263,4078,93,3,85322.12
10264,4078,287,3,22255.08
10265,4079,62,2,47437.51
10266,4079,95,2,49700.64
10267,4080,65,3,189259.53
10268,4080,378,1,257676.08
10269,4080,379,3,193559.0
10270,4081,172,1,156618.46
10271,4082,380,2,129190.02
10272,4082,85,2,114181.68
10273,4082,231,1,169920.09
10274,4083,197,2,155218.93
10275,4083,95,2,49700.64
10276,4083,46,3,118724.75
10277,4084,297,3,67730.03
10278,4085,3,1,7526.8
10279,4085,167,3,17448.92
10280,4085,84,1,42005.69
10281,4086,14,2,89932.3
10282,4086,41,1,77155.11
10283,4086,141,2,88692.92
10284,4087,69,1,4305.21
10285,4087,15,3,143957.3
10286,4087,283,2,89092.71
10287,4087,38,1,108041.96
10288,4088,395,2,124226.7
10289,4088,248,3,181994.22
10290,4089,275,3,196237.01
10291,4089,357,3,175127.82
10292,4090,96,3,65773.58
10293,4090,218,3,172588.85
10294,4091,372,2,129635.61
10295,4091,19,3,146352.25
10296,4092,252,3,186098.96
10297,4092,36,3,33385.5
10298,4093,385,2,237554.64
10299,4094,373,1,38418.12
10300,4094,81,3,10899.5
10301,4094,294,3,193211.61
10302,4095,373,3,38418.12
10303,4096,297,3,67730.03
10304,4096,63,1,159567.98
10305,4097,393,1,22998.42
10306,4097,274,2,54686.32
10307,4098,335,2,62446.33
10308,4099,172,2,156618.46
10309,4099,28,3,98230.78
10310,4099,155,3,48337.64
10311,4099,262,2,111472.85
10312,4100,164,2,73095.05
10313,4100,375,2,31576.35
10314,4101,335,3,62446.33
10315,4101,358,2,178348.09
10316,4102,46,2,118724.75
10317,4102,97,1,124701.15
10318,4103,97,2,124701.15
10319,4104,320,1,172820.69
10320,4104,116,3,93394.61
10321,4104,132,1,111446.24
10322,4105,110,3,49497.28
10323,4106,179,3,72910.11
10324,4106,211,1,4061.75
10325,4106,279,2,31093.62
10326,4106,110,1,49497.28
10327,4107,192,1,43441.24
10328,4108,298,2,22913.44
10329,4109,255,1,120947.33
10330,4110,393,2,22998.42
10331,4110,204,3,188978.74
10332,4110,341,3,152978.48
10333,4111,99,3,67013.23
10334,4111,391,3,49496.26
10335,4111,318,2,57516.99
10336,4112,202,1,161677.95
10337,4112,294,1,193211.61
10338,4113,155,3,48337.64
10339,4113,228,3,51706.06
10340,4113,61,1,189942.13
10341,4114,193,2,83074.26
10342,4114,351,1,221689.4
10343,4114,389,3,223901.84
10344,4114,125,2,191668.58
10345,4115,270,2,94124.72
10346,4116,175,3,48836.92
10347,4116,395,3,124226.7
10348,4116,87,1,45719.31
10349,4116,398,1,79202.64
10350,4117,330,3,53581.46
10351,4117,275,1,196237.01
10352,4117,242,1,51496.32
10353,4117,35,2,120078.64
10354,4118,3,3,7526.8
10355,4118,387,2,60812.16
10356,4118,120,2,146292.08
10357,4119,66,3,185456.68
10358,4119,152,1,184290.03
10359,4119,368,1,209350.37
10360,4120,297,2,67730.03
10361,4121,122,1,193564.32
10362,4121,173,2,47377.77
10363,4121,143,1,187703.44
10364,4122,147,3,46179.06
10365,4123,51,3,93241.8
10366,4123,338,1,90146.38
10367,4123,252,3,186098.96
10368,4124,32,2,129254.32
10369,4124,252,3,186098.96
10370,4124,295,2,154948.76
10371,4125,331,1,137555.3
10372,4126,42,3,122256.45
10373,4126,208,0,58440.67
10374,4127,82,1,102874.79
10375,4127,240,3,37718.61
10376,4127,174,1,117478.08
10377,4127,281,1,89826.4
10378,4128,254,1,100631.14
10379,4129,230,3,99627.55
10380,4129,143,2,187703.44
10381,4129,56,1,153085.38
10382,4129,79,1,117712.55
10383,4130,262,2,111472.85
10384,4130,366,2,135643.25
10385,4130,329,2,174721.07
10386,4130,345,3,3634.44
10387,4131,2,1,149267.73
10388,4131,306,1,17520.5
10389,4132,135,2,63733.13
10390,4132,121,1,72624.12
10391,4132,324,1,88809.05
10392,4133,343,2,55072.92
10393,4133,308,3,70851.91
10394,4133,251,1,107136.01
10395,4133,271,3,39127.12
10396,4134,155,2,48337.64
10397,4135,6,2,136605.61
10398,4135,220,3,107337.51
10399,4135,183,3,182249.1
10400,4135,156,3,100447.5
10401,4136,257,3,7609.62
10402,4136,264,3,92901.53
10403,4137,224,1,180566.69
10404,4137,338,2,90146.38
10405,4137,294,1,193211.61
10406,4138,386,1,80116.96
10407,4138,202,3,161677.95
10408,4138,52,1,193193.24
10409,4138,377,2,127215.62
10410,4139,181,1,166139.86
10411,4139,78,2,197988.01
10412,4139,154,3,211291.85
10413,4139,33,3,28473.0
10414,4140,16,1,130664.31
10415,4140,323,2,27190.12
10416,4141,309,1,108356.35
10417,4141,126,2,176896.18
10418,4142,126,2,176896.18
10419,4142,152,2,184290.03
10420,4143,90,1,223688.38
10421,4143,366,1,135643.25
10422,4144,70,2,92203.48
10423,4144,243,2,37577.05
10424,4144,15,1,143957.3
10425,4144,282,1,44757.51
10426,4145,264,3,92901.53
10427,4145,156,1,100447.5
10428,4145,79,3,117712.55
10429,4146,151,3,137308.73
10430,4146,272,1,62763.18
10431,4147,35,3,120078.64
10432,4148,216,2,65676.87
10433,4148,99,1,67013.23
10434,4148,30,1,37942.17
10435,4149,48,3,132286.45
10436,4150,211,2,4061.75
10437,4150,135,3,63733.13
10438,4151,238,1,16422.19
10439,4152,104,2,59275.63
10440,4152,91,3,102944.04
10441,4152,234,2,134417.8
10442,4152,46,3,118724.75
10443,4153,257,2,7609.62
10444,4153,78,2,197988.01
10445,4154,391,2,49496.26
10446,4154,340,3,165052.47
10447,4154,322,2,130758.24
10448,4155,84,3,42005.69
10449,4155,297,2,67730.03
10450,4156,313,3,-1000.0
10451,4157,339,1,10393.21
10452,4157,222,2,15887.34
10453,4157,358,2,178348.09
10454,4158,234,1,134417.8
10455,4158,38,2,108041.96
10456,4159,358,1,178348.09
10457,4159,70,1,92203.48
10458,4159,370,3,29783.24
10459,4160,200,3,133017.26
10460,4161,335,3,62446.33
10461,4162,183,3,182249.1
10462,4162,132,2,111446.24
10463,4163,254,1,100631.14
10464,4163,228,1,51706.06
10465,4164,160,3,116411.44
10466,4164,79,1,117712.55
10467,4165,234,1,134417.8
10468,4165,82,2,102874.79
10469,4166,159,1,77121.65
10470,4166,370,1,29783.24
10471,4167,299,2,203148.18
10472,4167,367,1,228694.37
10473,4167,10,3,228921.75
10474,4167,147,2,46179.06
10475,4168,160,3,116411.44
10476,4168,190,2,-1000.0
10477,4168,72,2,123267.08
10478,4169,223,3,133823.09
10479,4169,28,1,98230.78
10480,4169,123,3,130947.34
10481,4169,285,3,36376.55
10482,4170,367,3,228694.37
10483,4171,257,3,7609.62
10484,4171,242,3,51496.32
10485,4171,261,2,79486.07
10486,4171,362,3,14481.09
10487,4172,125,3,191668.58
10488,4172,67,3,97379.9
10489,4172,295,3,154948.76
10490,4173,93,2,85322.12
10491,4173,336,1,223256.52
10492,4173,120,1,146292.08
10493,4173,266,1,154737.92
10494,4174,202,2,161677.95
10495,4174,125,1,191668.58
10496,4174,46,2,118724.75
10497,4175,318,3,57516.99
10498,4176,65,1,189259.53
10499,4176,296,3,68855.2
10500,4176,324,1,88809.05
10501,4176,185,1,222877.27
10502,4177,43,1,114531.37
10503,4177,112,1,3039.37
10504,4177,310,3,170497.76
10505,4177,289,2,93894.4
10506,4178,164,2,73095.05
10507,4179,267,3,123814.11
10508,4179,98,1,185562.02
10509,4180,200,2,133017.26
10510,4181,255,1,120947.33
10511,4182,293,2,115807.73
10512,4182,366,2,135643.25
10513,4182,104,2,59275.63
10514,4182,128,2,173129.42
10515,4183,242,3,51496.32
10516,4183,37,1,46157.25
10517,4184,244,3,8123.81
10518,4184,168,3,81218.81
10519,4184,210,3,97334.98
10520,4185,126,1,176896.18
10521,4185,266,1,154737.92
10522,4186,357,1,175127.82
10523,4186,120,2,146292.08
10524,4186,295,1,154948.76
10525,4186,230,1,99627.55
10526,4187,193,1,83074.26
10527,4188,322,2,130758.24
10528,4189,125,1,191668.58
10529,4189,375,1,31576.35
10530,4189,62,1,47437.51
10531,4190,386,2,80116.96
10532,4190,283,1,89092.71
10533,4190,309,3,108356.35
10534,4191,276,1,23971.0
10535,4191,110,3,49497.28
10536,4191,248,3,181994.22
10537,4191,310,1,170497.76
10538,4192,324,2,88809.05
10539,4192,250,2,198609.8
10540,4192,385,1,237554.64
10541,4193,210,1,97334.98
10542,4193,375,2,31576.35
10543,4194,29,3,63287.15
10544,4195,62,2,47437.51
10545,4195,396,1,103196.96
10546,4196,130,2,169159.49
10547,4197,198,2,169603.47
10548,4198,379,2,193559.0
10549,4198,399,2,117465.54
10550,4198,178,3,202498.25
10551,4198,304,2,161992.8
10552,4199,316,1,3769.9
10553,4199,40,3,244240.57
10554,4199,268,1,163510.92
10555,4200,393,1,22998.42
10556,4200,128,2,173129.42
10557,4200,17,1,187307.96
10558,4201,320,1,172820.69
10559,4201,130,2,169159.49
10560,4202,345,3,3634.44
10561,4202,287,3,22255.08
10562,4202,156,2,100447.5
10563,4203,327,1,93962.55
10564,4203,395,1,124226.7
10565,4203,254,2,100631.14
10566,4204,339,1,10393.21
10567,4205,255,2,120947.33
10568,4206,178,1,202498.25
10569,4206,174,2,117478.08
10570,4206,168,3,81218.81
10571,4206,230,2,99627.55
10572,4207,303,2,80733.63
10573,4207,173,1,47377.77
10574,4207,347,3,137186.09
10575,4208,89,2,200852.0
10576,4208,203,1,160317.19
10577,4208,391,1,49496.26
10578,4208,291,3,103671.46
10579,4209,63,1,159567.98
10580,4209,59,2,161932.27
10581,4209,387,3,60812.16
10582,4209,172,1,156618.46
10583,4210,264,1,92901.53
10584,4210,72,3,123267.08
10585,4210,10,2,228921.75
10586,4211,28,2,98230.78
10587,4211,296,2,68855.2
10588,4212,165,3,75464.21
10589,4212,216,1,65676.87
10590,4212,183,3,182249.1
10591,4213,26,1,38469.74
10592,4213,154,2,211291.85
10593,4214,259,2,267553.37
10594,4214,48,1,132286.45
10595,4215,35,2,120078.64
10596,4215,157,3,91158.49
10597,4215,108,1,227064.66
10598,4215,81,2,10899.5
10599,4216,147,1,46179.06
10600,4217,339,2,10393.21
10601,4218,68,3,2885.59
10602,4218,291,3,103671.46
10603,4218,206,1,126816.6
10604,4218,175,1,48836.92
10605,4219,282,3,44757.51
10606,4219,151,1,137308.73
10607,4220,285,3,36376.55
10608,4221,162,1,52286.3
10609,4221,301,1,112144.59
10610,4221,282,3,44757.51
10611,4222,301,3,112144.59
10612,4222,329,2,174721.07
10613,4222,121,1,72624.12
10614,4222,304,1,161992.8
10615,4223,175,1,48836.92
10616,4223,316,3,3769.9
10617,4224,120,2,146292.08
10618,4224,147,3,46179.06
10619,4225,76,2,105147.62
10620,4225,182,3,35037.64
10621,4226,32,3,129254.32
10622,4226,368,3,209350.37
10623,4226,358,3,178348.09
10624,4227,128,1,173129.42
10625,4228,83,2,227727.93
10626,4228,198,3,169603.47
10627,4228,240,3,37718.61
10628,4229,271,2,39127.12
10629,4229,6,2,136605.61
10630,4229,306,3,17520.5
10631,4229,16,1,130664.31
10632,4230,33,3,28473.0
10633,4231,219,1,194332.13
10634,4231,72,2,123267.08
10635,4231,352,1,195040.51
10636,4231,89,1,200852.0
10637,4232,169,3,94973.51
10638,4233,324,2,88809.05
10639,4233,244,2,8123.81
10640,4233,278,2,146503.31
10641,4234,218,2,172588.85
10642,4234,397,2,37758.94
10643,4234,122,2,193564.32
10644,4234,236,1,182898.47
10645,4235,148,1,206362.87
10646,4235,349,2,20709.51
10647,4235,192,2,43441.24
10648,4236,83,2,227727.93
10649,4236,228,1,51706.06
10650,4236,226,2,102863.17
10651,4236,324,3,88809.05
10652,4237,133,3,75132.07
10653,4237,160,2,116411.44
10654,4237,255,1,120947.33
10655,4238,118,3,88084.04
10656,4238,42,2,122256.45
10657,4239,320,1,172820.69
10658,4239,223,3,133823.09
10659,4240,278,1,146503.31
10660,4240,187,3,48772.65
10661,4240,96,3,65773.58
10662,4241,179,1,72910.11
10663,4241,353,2,89374.69
10664,4242,128,2,173129.42
10665,4243,314,2,53745.02
10666,4243,75,2,109608.7
10667,4243,197,2,155218.93
10668,4243,315,2,92353.85
10669,4244,8,1,187839.72
10670,4244,378,2,257676.08
10671,4245,90,2,223688.38
10672,4245,132,3,111446.24
10673,4245,192,3,43441.24
10674,4246,98,3,185562.02
10675,4246,280,2,154590.14
10676,4247,236,2,182898.47
10677,4248,190,2,-1000.0
10678,4248,81,2,10899.5
10679,4249,55,3,63638.65
10680,4249,301,1,112144.59
10681,4250,387,3,60812.16
10682,4251,379,2,193559.0
10683,4251,52,2,193193.24
10684,4251,90,2,223688.38
10685,4251,242,2,51496.32
10686,4252,155,1,48337.64
10687,4252,150,2,180012.96
10688,4252,157,1,91158.49
10689,4252,253,2,146101.92
10690,4253,9,1,216809.67
10691,4253,354,1,33934.36
10692,4253,79,3,117712.55
10693,4254,329,3,174721.07
10694,4255,352,3,195040.51
10695,4255,164,1,73095.05
10696,4255,59,3,161932.27
10697,4255,168,3,81218.81
10698,4256,181,2,166139.86
10699,4257,379,3,193559.0
10700,4258,67,3,97379.9
10701,4258,231,3,169920.09
10702,4258,57,2,131451.16
10703,4259,261,1,79486.07
10704,4260,279,1,31093.62
10705,4260,204,2,188978.74
10706,4260,47,2,152134.58
10707,4261,12,2,25200.8
10708,4261,123,1,130947.34
10709,4261,271,3,39127.12
10710,4262,94,3,211083.87
10711,4262,122,3,193564.32
10712,4263,118,2,88084.04
10713,4263,388,2,256305.09
10714,4264,222,3,15887.34
10715,4265,48,1,132286.45
10716,4266,135,2,63733.13
10717,4266,381,1,176980.96
10718,4267,17,3,187307.96
10719,4267,244,2,8123.81
10720,4268,329,1,174721.07
10721,4268,198,1,169603.47
10722,4268,319,2,38726.82
10723,4268,328,1,28340.81
10724,4269,302,2,127736.26
10725,4269,135,1,63733.13
10726,4269,220,3,107337.51
10727,4269,147,3,46179.06
10728,4270,93,3,85322.12
10729,4270,86,1,31662.6
10730,4270,391,3,49496.26
10731,4270,377,2,127215.62
10732,4271,179,1,72910.11
10733,4271,110,3,49497.28
10734,4272,352,3,195040.51
10735,4272,295,2,154948.76
10736,4272,257,3,7609.62
10737,4273,66,2,185456.68
10738,4273,38,3,108041.96
10739,4273,69,2,4305.21
10740,4273,252,1,186098.96
10741,4274,61,2,189942.13
10742,4274,270,1,94124.72
10743,4275,260,2,213378.12
10744,4275,310,2,170497.76
10745,4276,10,1,228921.75
10746,4276,313,2,-1000.0
10747,4277,304,2,161992.8
10748,4277,3,1,7526.8
10749,4278,255,1,120947.33
10750,4278,155,2,48337.64
10751,4278,351,2,221689.4
10752,4278,116,3,93394.61
10753,4279,231,3,169920.09
10754,4279,90,2,223688.38
10755,4279,322,1,130758.24
10756,4279,257,1,7609.62
10757,4280,211,2,4061.75
10758,4280,63,2,159567.98
10759,4280,46,2,118724.75
10760,4281,177,2,68966.65
10761,4281,57,1,131451.16
10762,4281,200,2,133017.26
10763,4282,43,2,114531.37
10764,4282,353,2,89374.69
10765,4282,56,2,153085.38
10766,4282,29,1,63287.15
10767,4283,66,2,185456.68
10768,4283,65,3,189259.53
10769,4283,365,1,116653.08
10770,4283,253,1,146101.92
10771,4284,265,1,39650.36
10772,4284,168,1,81218.81
10773,4285,15,1,143957.3
10774,4285,281,3,89826.4
10775,4285,38,3,108041.96
10776,4285,252,2,186098.96
10777,4286,48,2,132286.45
10778,4286,66,2,185456.68
10779,4287,323,3,27190.12
10780,4288,229,2,20447.16
10781,4289,307,2,50519.78
10782,4289,55,3,63638.65
10783,4289,81,2,10899.5
10784,4289,275,1,196237.01
10785,4290,72,2,123267.08
10786,4291,14,2,89932.3
10787,4291,94,2,211083.87
10788,4291,41,1,77155.11
10789,4292,165,2,75464.21
10790,4292,352,3,195040.51
10791,4293,282,1,44757.51
10792,4294,22,3,150862.55
10793,4294,257,1,7609.62
10794,4295,107,2,33391.06
10795,4296,395,1,124226.7
10796,4296,230,2,99627.55
10797,4297,46,1,118724.75
10798,4297,169,3,94973.51
10799,4298,55,2,63638.65
10800,4298,130,1,169159.49
10801,4299,301,2,112144.59
10802,4299,16,3,130664.31
10803,4300,299,3,203148.18
10804,4300,130,2,169159.49
10805,4301,338,3,90146.38
10806,4301,231,1,169920.09
10807,4301,335,3,62446.33
10808,4302,373,3,38418.12
10809,4302,231,1,169920.09
10810,4303,112,2,3039.37
10811,4303,3,2,7526.8
10812,4304,200,2,133017.26
10813,4304,265,3,39650.36
10814,4304,17,2,187307.96
10815,4304,72,3,123267.08
10816,4305,87,3,45719.31
10817,4305,282,1,44757.51
10818,4305,332,3,247371.04
10819,4306,365,1,116653.08
10820,4306,110,2,49497.28
10821,4307,216,3,65676.87
10822,4307,230,1,99627.55
10823,4307,285,3,36376.55
10824,4308,38,3,108041.96
10825,4308,125,1,191668.58
10826,4309,364,1,65746.32
10827,4309,173,1,47377.77
10828,4310,278,3,146503.31
10829,4310,123,1,130947.34
10830,4310,84,2,42005.69
10831,4310,72,3,123267.08
10832,4311,223,2,133823.09
10833,4311,281,1,89826.4
10834,4311,99,2,67013.23
10835,4312,190,1,-1000.0
10836,4312,274,3,54686.32
10837,4312,312,1,213856.86
10838,4312,281,3,89826.4
10839,4313,174,3,117478.08
10840,4313,62,3,47437.51
10841,4313,352,1,195040.51
10842,4313,251,3,107136.01
10843,4314,212,1,167662.05
10844,4314,253,2,146101.92
10845,4315,156,3,100447.5
10846,4315,3,3,7526.8
10847,4315,31,3,213222.88
10848,4316,260,1,213378.12
10849,4317,148,1,206362.87
10850,4318,63,1,159567.98
10851,4318,262,1,111472.85
10852,4319,47,2,152134.58
10853,4319,328,2,28340.81
10854,4319,360,1,24260.58
10855,4319,395,2,124226.7
10856,4320,261,3,79486.07
10857,4321,250,2,198609.8
10858,4321,388,2,256305.09
10859,4322,327,1,93962.55
10860,4322,6,1,136605.61
10861,4322,178,2,202498.25
10862,4323,255,3,120947.33
10863,4323,47,2,152134.58
10864,4323,388,2,256305.09
10865,4323,100,1,196105.0
10866,4324,200,1,133017.26
10867,4324,356,1,193708.01
10868,4325,319,3,38726.82
10869,4326,327,2,93962.55
10870,4327,377,3,127215.62
10871,4327,295,1,154948.76
10872,4327,152,1,184290.03
10873,4327,214,1,146526.82
10874,4328,123,2,130947.34
10875,4328,175,1,48836.92
10876,4329,262,1,111472.85
10877,4329,307,2,50519.78
10878,4329,259,2,267553.37
10879,4329,297,2,67730.03
10880,4330,4,3,114946.67
10881,4331,236,2,182898.47
10882,4331,36,3,33385.5
10883,4331,342,1,176733.9
10884,4331,175,2,48836.92
10885,4332,175,3,48836.92
10886,4332,122,2,193564.32
10887,4332,42,1,122256.45
10888,4332,165,3,75464.21
10889,4333,115,1,58008.8
10890,4334,337,1,139826.06
10891,4334,142,1,85943.57
10892,4334,252,1,186098.96
10893,4335,271,1,39127.12
10894,4335,51,2,93241.8
10895,4336,110,2,49497.28
10896,4336,345,2,3634.44
10897,4336,102,2,96364.66
10898,4336,192,3,43441.24
10899,4337,380,2,129190.02
10900,4338,102,1,96364.66
10901,4338,338,2,90146.38
10902,4338,351,1,221689.4
10903,4338,73,1,226665.36
10904,4339,12,3,25200.8
10905,4339,41,2,77155.11
10906,4339,20,1,182631.87
10907,4340,318,1,57516.99
10908,4340,94,2,211083.87
10909,4341,389,3,223901.84
10910,4342,66,2,185456.68
10911,4342,95,2,49700.64
10912,4342,8,1,187839.72
10913,4342,376,3,204960.25
10914,4343,29,1,63287.15
10915,4343,226,3,102863.17
10916,4343,188,3,35013.84
10917,4344,308,3,70851.91
10918,4344,195,1,92189.19
10919,4345,65,1,189259.53
10920,4345,14,1,89932.3
10921,4345,343,2,55072.92
10922,4345,354,1,33934.36
10923,4346,385,2,237554.64
10924,4347,105,3,171327.72
10925,4347,274,2,54686.32
10926,4347,385,1,237554.64
10927,4348,85,1,114181.68
10928,4348,20,2,182631.87
10929,4349,86,1,31662.6
10930,4349,342,2,176733.9
10931,4349,312,2,213856.86
10932,4350,252,3,186098.96
10933,4350,89,3,200852.0
10934,4350,91,3,102944.04
10935,4351,302,2,127736.26
10936,4351,226,3,102863.17
10937,4352,108,3,227064.66
10938,4352,353,2,89374.69
10939,4352,37,1,46157.25
10940,4353,157,2,91158.49
10941,4354,275,1,196237.01
10942,4354,291,3,103671.46
10943,4355,302,3,127736.26
10944,4356,105,1,171327.72
10945,4356,345,2,3634.44
10946,4356,397,1,37758.94
10947,4357,274,3,54686.32
10948,4358,170,3,36052.22
10949,4358,399,3,117465.54
10950,4358,228,2,51706.06
10951,4359,278,1,146503.31
10952,4359,83,1,227727.93
10953,4359,195,3,92189.19
10954,4359,3,3,7526.8
10955,4360,354,2,33934.36
10956,4360,367,3,228694.37
10957,4360,328,3,28340.81
10958,4361,378,1,257676.08
10959,4361,51,3,93241.8
10960,4362,296,3,68855.2
10961,4362,376,2,204960.25
10962,4363,6,2,136605.61
10963,4363,204,1,188978.74
10964,4364,271,3,39127.12
10965,4364,85,2,114181.68
10966,4365,139,3,95013.28
10967,4365,66,3,185456.68
10968,4366,115,1,58008.8
10969,4366,262,1,111472.85
10970,4366,85,2,114181.68
10971,4366,347,2,137186.09
10972,4367,222,2,15887.34
10973,4367,387,2,60812.16
10974,4368,398,3,79202.64
10975,4369,275,1,196237.01
10976,4370,10,1,228921.75
10977,4370,121,2,72624.12
10978,4371,395,3,124226.7
10979,4371,99,2,67013.23
10980,4371,240,1,37718.61
10981,4372,271,3,39127.12
10982,4372,250,3,198609.8
10983,4373,132,1,111446.24
10984,4373,316,2,3769.9
10985,4373,128,3,173129.42
10986,4374,89,3,200852.0
10987,4374,100,1,196105.0
10988,4375,133,1,75132.07
10989,4376,246,2,155067.32
10990,4376,57,2,131451.16
10991,4377,381,3,176980.96
10992,4378,185,3,222877.27
10993,4379,356,3,193708.01
10994,4379,216,3,65676.87
10995,4380,331,2,137555.3
10996,4380,169,2,94973.51
10997,4380,210,3,97334.98
10998,4380,95,1,49700.64
10999,4381,98,1,185562.02
11000,4381,143,3,187703.44
11001,4381,187,1,48772.65
11002,4382,255,1,120947.33
11003,4382,69,2,4305.21
11004,4382,51,3,93241.8
11005,4383,335,1,62446.33
11006,4383,15,1,143957.3
11007,4383,32,3,129254.32
11008,4384,340,2,165052.47
11009,4384,151,3,137308.73
11010,4384,147,2,46179.06
11011,4385,251,3,107136.01
11012,4385,22,3,150862.55
11013,4385,360,3,24260.58
11014,4385,168,1,81218.81
11015,4386,337,1,139826.06
11016,4386,299,2,203148.18
11017,4386,75,2,109608.7
11018,4387,219,2,194332.13
11019,4387,239,1,91749.05
11020,4387,271,1,39127.12
11021,4388,398,2,79202.64
11022,4388,182,3,35037.64
11023,4389,374,3,12526.67
11024,4389,116,2,93394.61
11025,4390,377,1,127215.62
11026,4390,4,1,114946.67
11027,4391,16,3,130664.31
11028,4391,29,1,63287.15
11029,4391,214,1,146526.82
11030,4392,120,3,146292.08
11031,4393,219,1,194332.13
11032,4394,48,1,132286.45
11033,4395,40,2,244240.57
11034,4396,265,3,39650.36
11035,4396,42,1,122256.45
11036,4396,294,2,193211.61
11037,4396,223,2,133823.09
11038,4397,285,1,36376.55
11039,4397,179,2,72910.11
11040,4397,399,2,117465.54
11041,4398,264,2,92901.53
11042,4398,183,1,182249.1
11043,4398,335,1,62446.33
11044,4398,216,3,65676.87
11045,4399,181,2,166139.86
11046,4400,76,3,105147.62
11047,4400,398,2,79202.64
11048,4400,91,3,102944.04
11049,4400,197,1,155218.93
11050,4401,399,2,117465.54
11051,4401,76,2,105147.62
11052,4402,322,2,130758.24
11053,4402,192,2,43441.24
11054,4402,133,3,75132.07
11055,4403,242,3,51496.32
11056,4403,86,3,31662.6
11057,4404,380,1,129190.02
11058,4405,306,1,17520.5
11059,4405,293,1,115807.73
11060,4406,96,1,65773.58
11061,4406,63,2,159567.98
11062,4406,197,1,155218.93
11063,4406,334,3,146758.91
11064,4407,323,2,27190.12
11065,4407,155,3,48337.64
11066,4408,283,2,89092.71
11067,4408,388,1,256305.09
11068,4409,169,1,94973.51
11069,4409,67,1,97379.9
11070,4410,197,3,155218.93
11071,4410,332,1,247371.04
11072,4410,336,3,223256.52
11073,4411,93,2,85322.12
11074,4412,15,2,143957.3
11075,4412,327,3,93962.55
11076,4413,313,3,-1000.0
11077,4413,12,3,25200.8
11078,4413,178,2,202498.25
11079,4414,219,3,194332.13
11080,4415,270,3,94124.72
11081,4416,162,2,52286.3
11082,4416,76,2,105147.62
11083,4417,16,3,130664.31
11084,4418,372,1,129635.61
11085,4418,274,2,54686.32
11086,4418,312,1,213856.86
11087,4418,125,1,191668.58
11088,4419,302,2,127736.26
11089,4419,120,3,146292.08
11090,4420,67,3,97379.9
11091,4420,200,2,133017.26
11092,4420,177,3,68966.65
11093,4421,57,3,131451.16
11094,4421,262,3,111472.85
11095,4421,219,2,194332.13
11096,4421,254,3,100631.14
11097,4422,294,3,193211.61
11098,4422,230,2,99627.55
11099,4423,130,3,169159.49
11100,4423,128,2,173129.42
11101,4423,33,1,28473.0
11102,4424,37,2,46157.25
11103,4424,393,3,22998.42
11104,4425,110,2,49497.28
11105,4425,368,3,209350.37
11106,4425,79,3,117712.55
11107,4426,299,1,203148.18
11108,4426,98,1,185562.02
11109,4426,122,2,193564.32
11110,4427,341,2,152978.48
11111,4427,379,1,193559.0
11112,4428,224,2,180566.69
11113,4428,69,1,4305.21
11114,4429,97,1,124701.15
11115,4429,318,3,57516.99
11116,4430,387,3,60812.16
11117,4430,57,1,131451.16
11118,4430,274,3,54686.32
11119,4431,306,1,17520.5
11120,4431,40,1,244240.57
11121,4431,182,2,35037.64
11122,4431,266,2,154737.92
11123,4432,271,2,39127.12
11124,4432,310,3,170497.76
11125,4432,82,1,102874.79
11126,4432,393,2,22998.42
11127,4433,332,1,247371.04
11128,4433,366,3,135643.25
11129,4434,267,1,123814.11
11130,4435,211,2,4061.75
11131,4435,285,3,36376.55
11132,4435,267,3,123814.11
11133,4435,279,2,31093.62
11134,4436,208,2,58440.67
11135,4436,193,3,83074.26
11136,4436,343,2,55072.92
11137,4436,6,3,136605.61
11138,4437,297,2,67730.03
11139,4437,40,1,244240.57
11140,4437,395,2,124226.7
11141,4438,188,1,35013.84
11142,4438,248,2,181994.22
11143,4438,327,3,93962.55
11144,4438,63,3,159567.98
11145,4439,338,3,90146.38
11146,4439,226,1,102863.17
11147,4439,122,1,193564.32
11148,4439,364,2,65746.32
11149,4440,340,1,165052.47
11150,4440,337,1,139826.06
11151,4441,395,3,124226.7
11152,4441,268,2,163510.92
11153,4441,281,3,89826.4
11154,4441,388,1,256305.09
11155,4442,280,2,154590.14
11156,4442,338,1,90146.38
11157,4442,367,2,228694.37
11158,4442,289,1,93894.4
11159,4443,255,3,120947.33
11160,4443,6,3,136605.61
11161,4443,135,2,63733.13
11162,4443,253,3,146101.92
11163,4444,17,2,187307.96
11164,4444,102,2,96364.66
11165,4444,262,2,111472.85
11166,4444,93,1,85322.12
11167,4445,301,1,112144.59
11168,4445,377,2,127215.62
11169,4446,164,1,73095.05
11170,4446,347,3,137186.09
11171,4447,319,2,38726.82
11172,4448,86,3,31662.6
11173,4448,385,2,237554.64
11174,4449,185,1,222877.27
11175,4449,389,2,223901.84
11176,4450,328,3,28340.81
11177,4451,340,3,165052.47
11178,4451,93,3,85322.12
11179,4451,179,2,72910.11
11180,4451,244,3,8123.81
11181,4452,293,2,115807.73
11182,4453,262,1,111472.85
11183,4453,67,2,97379.9
11184,4453,229,1,20447.16
11185,4453,108,2,227064.66
11186,4454,236,2,182898.47
11187,4454,122,3,193564.32
11188,4454,165,1,75464.21
11189,4455,16,3,130664.31
11190,4455,169,2,94973.51
11191,4455,240,3,37718.61
11192,4455,356,3,193708.01
11193,4456,104,3,59275.63
11194,4456,22,1,150862.55
11195,4456,282,3,44757.51
11196,4456,381,2,176980.96
11197,4457,319,3,38726.82
11198,4457,14,2,89932.3
11199,4457,259,1,267553.37
11200,4457,332,2,247371.04
11201,4458,98,1,185562.02
11202,4458,246,2,155067.32
11203,4458,45,2,139853.99
11204,4459,175,2,48836.92
11205,4460,222,1,15887.34
11206,4460,22,3,150862.55
11207,4460,107,3,33391.06
11208,4461,231,1,169920.09
11209,4462,360,3,24260.58
11210,4462,157,1,91158.49
11211,4463,65,3,189259.53
11212,4463,185,2,222877.27
11213,4463,312,3,213856.86
11214,4463,182,3,35037.64
11215,4464,298,1,22913.44
11216,4464,17,1,187307.96
11217,4464,231,3,169920.09
11218,4464,113,2,195996.61
11219,4465,322,3,130758.24
11220,4465,4,1,114946.67
11221,4466,29,1,63287.15
11222,4467,200,3,133017.26
11223,4467,147,2,46179.06
11224,4468,179,2,72910.11
11225,4468,386,3,80116.96
11226,4468,230,3,99627.55
11227,4468,206,2,126816.6
11228,4469,110,2,49497.28
11229,4469,202,1,161677.95
11230,4469,198,1,169603.47
11231,4469,141,3,88692.92
11232,4470,365,1,116653.08
11233,4470,90,3,223688.38
11234,4471,133,1,75132.07
11235,4471,65,3,189259.53
11236,4471,287,2,22255.08
11237,4472,211,2,4061.75
11238,4473,192,3,43441.24
11239,4473,19,2,146352.25
11240,4473,352,2,195040.51
11241,4474,274,2,54686.32
11242,4474,30,2,37942.17
11243,4475,97,1,124701.15
11244,4475,397,2,37758.94
11245,4475,154,1,211291.85
11246,4475,396,3,103196.96
11247,4476,265,2,39650.36
11248,4476,67,1,97379.9
11249,4476,302,2,127736.26
11250,4477,250,2,198609.8
11251,4477,203,3,160317.19
11252,4477,362,1,14481.09
11253,4478,257,3,7609.62
11254,4478,160,1,116411.44
11255,4478,327,1,93962.55
11256,4478,51,1,93241.8
11257,4479,204,2,188978.74
11258,4480,299,2,203148.18
11259,4480,72,3,123267.08
11260,4480,244,1,8123.81
11261,4480,46,1,118724.75
11262,4481,337,3,139826.06
11263,4481,85,2,114181.68
11264,4482,230,3,99627.55
11265,4482,321,1,157890.36
11266,4483,107,1,33391.06
11267,4483,380,2,129190.02
11268,4484,385,2,237554.64
11269,4484,115,2,58008.8
11270,4484,15,3,143957.3
11271,4485,50,1,196418.36
11272,4486,285,3,36376.55
11273,4487,353,1,89374.69
11274,4488,19,2,146352.25
11275,4488,208,1,58440.67
11276,4488,90,2,223688.38
11277,4488,254,2,100631.14
11278,4489,229,2,20447.16
11279,4489,25,3,56365.36
11280,4490,195,3,92189.19
11281,4491,251,2,107136.01
11282,4491,274,3,54686.32
11283,4492,108,3,227064.66
11284,4492,123,1,130947.34
11285,4492,336,3,223256.52
11286,4493,379,3,193559.0
11287,4493,308,2,70851.91
11288,4494,78,2,197988.01
11289,4495,116,1,93394.61
11290,4495,374,2,12526.67
11291,4496,38,2,108041.96
11292,4496,335,3,62446.33
11293,4496,172,1,156618.46
11294,4497,48,3,132286.45
11295,4498,41,2,77155.11
11296,4498,35,2,120078.64
11297,4499,345,2,3634.44
11298,4500,13,1,184860.08
11299,4501,398,2,79202.64
11300,4501,389,3,223901.84
11301,4501,16,2,130664.31
11302,4502,257,3,7609.62
11303,4502,9,1,216809.67
11304,4502,206,1,126816.6
11305,4502,254,2,100631.14
11306,4503,26,3,38469.74
11307,4503,351,2,221689.4
11308,4503,164,3,73095.05
11309,4503,51,2,93241.8
11310,4504,385,1,237554.64
11311,4504,353,2,89374.69
11312,4504,174,3,117478.08
11313,4505,161,1,98450.34
11314,4506,33,3,28473.0
11315,4506,327,2,93962.55
11316,4506,62,0,47437.51
11317,4506,121,1,72624.12
11318,4507,78,2,197988.01
11319,4508,61,1,189942.13
11320,4508,206,3,126816.6
11321,4509,210,3,97334.98
11322,4509,334,1,146758.91
11323,4509,137,1,134221.1
11324,4510,85,1,114181.68
11325,4510,262,3,111472.85
11326,4511,262,2,111472.85
11327,4511,135,1,63733.13
11328,4511,14,3,89932.3
11329,4511,42,1,122256.45
11330,4512,162,3,52286.3
11331,4512,190,1,-1000.0
11332,4512,38,1,108041.96
11333,4512,340,1,165052.47
11334,4513,68,3,2885.59
11335,4513,88,2,101192.35
11336,4513,342,2,176733.9
11337,4513,270,3,94124.72
11338,4514,195,1,92189.19
11339,4514,276,2,23971.0
11340,4514,322,1,130758.24
11341,4515,66,2,185456.68
11342,4515,266,1,154737.92
11343,4516,230,3,99627.55
11344,4516,150,2,180012.96
11345,4516,322,3,130758.24
11346,4516,385,1,237554.64
11347,4517,388,1,256305.09
11348,4518,229,3,20447.16
11349,4518,185,2,222877.27
11350,4519,397,1,37758.94
11351,4519,107,1,33391.06
11352,4519,41,2,77155.11
11353,4520,57,2,131451.16
11354,4520,122,1,193564.32
11355,4520,33,1,28473.0
11356,4520,193,3,83074.26
11357,4521,42,2,122256.45
11358,4522,387,1,60812.16
11359,4522,108,1,227064.66
11360,4523,143,1,187703.44
11361,4523,170,1,36052.22
11362,4524,304,1,161992.8
11363,4524,265,2,39650.36
11364,4524,316,1,3769.9
11365,4524,370,3,29783.24
11366,4525,389,2,223901.84
11367,4526,161,1,98450.34
11368,4526,202,1,161677.95
11369,4526,100,1,196105.0
11370,4527,183,1,182249.1
11371,4527,358,2,178348.09
11372,4527,23,3,113409.53
11373,4528,224,3,180566.69
11374,4528,151,2,137308.73
11375,4529,192,3,43441.24
11376,4529,150,1,180012.96
11377,4529,246,1,155067.32
11378,4529,94,1,211083.87
11379,4530,95,1,49700.64
11380,4530,25,3,56365.36
11381,4530,335,2,62446.33
11382,4530,341,2,152978.48
11383,4531,316,1,3769.9
11384,4532,283,2,89092.71
11385,4533,122,2,193564.32
11386,4533,40,1,244240.57
11387,4533,271,1,39127.12
11388,4534,368,1,209350.37
11389,4534,233,1,208635.04
11390,4534,183,2,182249.1
11391,4535,299,3,203148.18
11392,4535,228,1,51706.06
11393,4535,95,1,49700.64
11394,4536,218,3,172588.85
11395,4536,81,3,10899.5
11396,4537,246,1,155067.32
11397,4538,243,3,37577.05
11398,4538,73,2,226665.36
11399,4539,8,2,187839.72
11400,4539,42,2,122256.45
11401,4539,274,2,54686.32
11402,4540,362,1,14481.09
11403,4540,262,2,111472.85
11404,4540,389,3,223901.84
11405,4541,56,3,153085.38
11406,4541,254,3,100631.14
11407,4541,182,1,35037.64
11408,4542,31,2,213222.88
11409,4543,162,3,52286.3
11410,4543,76,3,105147.62
11411,4543,115,2,58008.8
11412,4543,211,3,4061.75
11413,4544,211,2,4061.75
11414,4544,370,2,29783.24
11415,4544,168,2,81218.81
11416,4545,330,3,53581.46
11417,4546,310,1,170497.76
11418,4546,364,3,65746.32
11419,4546,139,3,95013.28
11420,4547,28,1,98230.78
11421,4548,59,2,161932.27
11422,4548,322,1,130758.24
11423,4548,378,3,257676.08
11424,4548,148,2,206362.87
11425,4549,296,3,68855.2
11426,4549,285,1,36376.55
11427,4550,283,2,89092.71
11428,4550,314,1,53745.02
11429,4550,253,3,146101.92
11430,4550,62,1,47437.51
11431,4551,351,3,221689.4
11432,4552,30,3,37942.17
11433,4552,48,1,132286.45
11434,4552,82,1,102874.79
11435,4552,41,1,77155.11
11436,4553,55,3,63638.65
11437,4553,56,3,153085.38
11438,4553,135,1,63733.13
11439,4554,239,2,91749.05
11440,4554,57,1,131451.16
11441,4554,152,1,184290.03
11442,4554,4,2,114946.67
11443,4555,358,2,178348.09
11444,4555,307,3,50519.78
11445,4555,212,1,167662.05
11446,4556,53,2,178807.02
11447,4556,309,1,108356.35
11448,4556,164,1,73095.05
11449,4557,63,1,159567.98
11450,4558,309,2,108356.35
11451,4558,85,3,114181.68
11452,4559,145,1,163994.77
11453,4559,69,3,4305.21
11454,4559,274,2,54686.32
11455,4559,86,3,31662.6
11456,4560,188,1,35013.84
11457,4560,224,2,180566.69
11458,4560,155,2,48337.64
11459,4560,367,3,228694.37
11460,4561,309,1,108356.35
11461,4561,152,1,184290.03
11462,4561,312,1,213856.86
11463,4562,204,2,188978.74
11464,4562,210,3,97334.98
11465,4562,3,1,7526.8
11466,4563,336,1,223256.52
11467,4563,383,2,183812.28
11468,4563,206,1,126816.6
11469,4564,353,2,89374.69
11470,4565,182,3,35037.64
11471,4565,305,3,198015.99
11472,4566,69,2,4305.21
11473,4566,271,2,39127.12
11474,4566,378,3,257676.08
11475,4566,335,3,62446.33
11476,4567,324,2,88809.05
11477,4567,82,1,102874.79
11478,4568,102,3,96364.66
11479,4568,370,2,29783.24
11480,4568,129,2,21632.52
11481,4569,287,3,22255.08
11482,4570,67,1,97379.9
11483,4571,397,1,37758.94
11484,4571,157,2,91158.49
11485,4571,228,1,51706.06
11486,4571,73,3,226665.36
11487,4572,242,3,51496.32
11488,4572,181,2,166139.86
11489,4573,47,1,152134.58
11490,4573,329,3,174721.07
11491,4574,218,1,172588.85
11492,4574,358,1,178348.09
11493,4574,79,3,117712.55
11494,4575,354,1,33934.36
11495,4575,275,3,196237.01
11496,4576,167,3,17448.92
11497,4576,99,3,67013.23
11498,4576,83,3,227727.93
11499,4576,325,3,76663.93
11500,4577,85,1,114181.68
11501,4577,310,1,170497.76
11502,4578,20,3,182631.87
11503,4578,33,1,28473.0
11504,4579,110,2,49497.28
11505,4579,266,2,154737.92
11506,4580,261,3,79486.07
11507,4580,94,2,211083.87
11508,4580,98,2,185562.02
11509,4580,322,1,130758.24
11510,4581,128,2,173129.42
11511,4581,40,2,244240.57
11512,4581,328,2,28340.81
11513,4582,10,2,228921.75
11514,4582,17,2,187307.96
11515,4583,204,1,188978.74
11516,4584,251,3,107136.01
11517,4584,298,3,22913.44
11518,4585,25,2,56365.36
11519,4585,4,1,114946.67
11520,4586,378,1,257676.08
11521,4586,236,2,182898.47
11522,4586,110,2,49497.28
11523,4586,219,3,194332.13
11524,4587,32,1,129254.32
11525,4587,255,2,120947.33
11526,4587,276,3,23971.0
11527,4588,259,1,267553.37
11528,4588,356,2,193708.01
11529,4588,347,2,137186.09
11530,4588,312,1,213856.86
11531,4589,357,2,175127.82
11532,4590,370,2,29783.24
11533,4590,226,3,102863.17
11534,4590,268,2,163510.92
11535,4590,293,1,115807.73
11536,4591,377,3,127215.62
11537,4591,88,3,101192.35
11538,4592,51,2,93241.8
11539,4592,25,3,56365.36
11540,4592,260,1,213378.12
11541,4593,251,1,107136.01
11542,4593,122,3,193564.32
11543,4593,35,2,120078.64
11544,4593,128,3,173129.42
11545,4594,222,1,15887.34
11546,4595,210,3,97334.98
11547,4595,78,1,197988.01
11548,4595,156,3,100447.5
11549,4595,175,2,48836.92
11550,4596,214,2,146526.82
11551,4596,142,3,85943.57
11552,4597,190,2,-1000.0
11553,4597,293,3,115807.73
11554,4597,380,3,129190.02
11555,4597,206,3,126816.6
11556,4598,216,3,65676.87
11557,4598,81,2,10899.5
11558,4598,276,1,23971.0
11559,4599,20,2,182631.87
11560,4599,148,1,206362.87
11561,4599,37,2,46157.25
11562,4599,281,3,89826.4
11563,4600,145,1,163994.77
11564,4600,91,3,102944.04
11565,4601,386,3,80116.96
11566,4601,279,2,31093.62
11567,4601,214,2,146526.82
11568,4602,375,2,31576.35
11569,4602,75,3,109608.7
11570,4602,246,3,155067.32
11571,4602,173,3,47377.77
11572,4603,51,1,93241.8
11573,4603,6,1,136605.61
11574,4603,265,1,39650.36
11575,4604,22,3,150862.55
11576,4604,380,2,129190.02
11577,4605,102,2,96364.66
11578,4605,116,1,93394.61
11579,4605,368,3,209350.37
11580,4606,76,1,105147.62
11581,4606,6,1,136605.61
11582,4607,126,2,176896.18
11583,4607,17,1,187307.96
11584,4608,17,3,187307.96
11585,4608,229,1,20447.16
11586,4609,169,2,94973.51
11587,4609,252,1,186098.96
11588,4609,17,1,187307.96
11589,4610,222,1,15887.34
11590,4611,113,2,195996.61
11591,4612,368,1,209350.37
11592,4612,224,2,180566.69
11593,4612,396,2,103196.96
11594,4612,28,1,98230.78
11595,4613,264,1,92901.53
11596,4614,89,1,200852.0
11597,4614,329,1,174721.07
11598,4614,192,3,43441.24
11599,4615,303,1,80733.63
11600,4615,239,3,91749.05
11601,4615,386,2,80116.96
11602,4615,324,3,88809.05
11603,4616,343,2,55072.92
11604,4617,86,1,31662.6
11605,4617,222,2,15887.34
11606,4618,308,1,70851.91
11607,4619,280,3,154590.14
11608,4619,155,2,48337.64
11609,4619,90,1,223688.38
11610,4619,84,3,42005.69
11611,4620,372,3,129635.61
11612,4620,303,1,80733.63
11613,4621,53,2,178807.02
11614,4621,65,3,189259.53
11615,4621,251,1,107136.01
11616,4621,282,2,44757.51
11617,4622,130,2,169159.49
11618,4622,238,3,16422.19
11619,4622,97,2,124701.15
11620,4623,59,2,161932.27
11621,4624,328,1,28340.81
11622,4624,108,2,227064.66
11623,4625,155,2,48337.64
11624,4625,377,2,127215.62
11625,4625,374,2,12526.67
11626,4626,239,2,91749.05
11627,4626,193,2,83074.26
11628,4627,319,3,38726.82
11629,4627,99,2,67013.23
11630,4627,393,2,22998.42
11631,4627,93,1,85322.12
11632,4628,220,2,107337.51
11633,4628,98,3,185562.02
11634,4628,141,2,88692.92
11635,4629,19,2,146352.25
11636,4629,79,2,117712.55
11637,4629,314,2,53745.02
11638,4629,26,2,38469.74
11639,4630,23,2,113409.53
11640,4631,370,3,29783.24
11641,4631,98,2,185562.02
11642,4632,238,3,16422.19
11643,4632,330,1,53581.46
11644,4632,162,2,52286.3
11645,4633,309,1,108356.35
11646,4634,381,3,176980.96
11647,4634,76,1,105147.62
11648,4634,152,2,184290.03
11649,4634,75,1,109608.7
11650,4635,135,3,63733.13
11651,4635,261,3,79486.07
11652,4635,82,2,102874.79
11653,4635,141,1,88692.92
11654,4636,321,2,157890.36
11655,4636,244,2,8123.81
11656,4636,267,3,123814.11
11657,4637,220,1,107337.51
11658,4637,154,2,211291.85
11659,4637,128,2,173129.42
11660,4638,257,3,7609.62
11661,4639,391,1,49496.26
11662,4639,17,2,187307.96
11663,4639,310,3,170497.76
11664,4640,337,3,139826.06
11665,4640,133,3,75132.07
11666,4640,267,2,123814.11
11667,4641,331,2,137555.3
11668,4642,52,3,193193.24
11669,4642,45,2,139853.99
11670,4642,372,3,129635.61
11671,4642,312,2,213856.86
11672,4643,395,1,124226.7
11673,4644,137,1,134221.1
11674,4644,41,2,77155.11
11675,4645,228,2,51706.06
11676,4646,10,3,228921.75
11677,4646,375,3,31576.35
11678,4646,68,3,2885.59
11679,4647,230,2,99627.55
11680,4647,8,2,187839.72
11681,4647,4,2,114946.67
11682,4647,268,1,163510.92
11683,4648,14,2,89932.3
11684,4648,175,2,48836.92
11685,4648,389,2,223901.84
11686,4648,51,3,93241.8
11687,4649,234,3,134417.8
11688,4649,381,1,176980.96
11689,4649,16,2,130664.31
11690,4649,100,1,196105.0
11691,4650,31,2,213222.88
11692,4650,174,1,117478.08
11693,4650,293,1,115807.73
11694,4651,253,1,146101.92
11695,4651,161,2,98450.34
11696,4651,120,2,146292.08
11697,4651,30,1,37942.17
11698,4652,33,3,28473.0
11699,4652,259,1,267553.37
11700,4652,234,1,134417.8
11701,4652,216,1,65676.87
11702,4653,364,1,65746.32
11703,4653,68,3,2885.59
11704,4654,271,2,39127.12
11705,4654,116,1,93394.61
11706,4655,185,1,222877.27
11707,4656,26,1,38469.74
11708,4656,378,1,257676.08
11709,4656,229,2,20447.16
11710,4656,174,3,117478.08
11711,4657,391,1,49496.26
11712,4657,248,3,181994.22
11713,4657,272,3,62763.18
11714,4657,26,3,38469.74
11715,4658,137,3,134221.1
11716,4658,387,1,60812.16
11717,4658,104,2,59275.63
11718,4659,2,2,149267.73
11719,4660,230,0,99627.55
11720,4660,388,3,256305.09
11721,4660,213,2,16785.14
11722,4661,295,3,154948.76
11723,4661,115,1,58008.8
11724,4662,389,2,223901.84
11725,4662,185,3,222877.27
11726,4662,257,2,7609.62
11727,4663,298,3,22913.44
11728,4663,128,1,173129.42
11729,4663,218,3,172588.85
11730,4664,112,2,3039.37
11731,4665,84,3,42005.69
11732,4665,297,2,67730.03
11733,4665,226,2,102863.17
11734,4666,177,2,68966.65
11735,4666,53,1,178807.02
11736,4666,159,3,77121.65
11737,4667,261,2,79486.07
11738,4667,31,1,213222.88
11739,4668,19,1,146352.25
11740,4668,328,2,28340.81
11741,4668,151,3,137308.73
11742,4668,267,3,123814.11
11743,4669,386,3,80116.96
11744,4670,222,2,15887.34
11745,4671,230,1,99627.55
11746,4671,110,2,49497.28
11747,4672,264,1,92901.53
11748,4672,84,2,42005.69
11749,4673,55,2,63638.65
11750,4673,113,3,195996.61
11751,4674,47,3,152134.58
11752,4675,381,2,176980.96
11753,4676,243,3,37577.05
11754,4676,93,1,85322.12
11755,4676,14,2,89932.3
11756,4677,56,1,153085.38
11757,4677,125,1,191668.58
11758,4678,113,3,195996.61
11759,4679,172,3,156618.46
11760,4680,159,1,77121.65
11761,4681,164,1,73095.05
11762,4681,328,2,28340.81
11763,4681,180,3,215596.8
11764,4682,94,3,211083.87
11765,4682,378,2,257676.08
11766,4682,391,1,49496.26
11767,4682,125,2,191668.58
11768,4683,121,2,72624.12
11769,4683,67,2,97379.9
11770,4684,342,3,176733.9
11771,4684,214,2,146526.82
11772,4684,181,2,166139.86
11773,4684,274,1,54686.32
11774,4685,313,2,-1000.0
11775,4685,87,2,45719.31
11776,4685,56,3,153085.38
11777,4685,341,1,152978.48
11778,4686,295,3,154948.76
11779,4686,291,3,103671.46
11780,4687,48,3,132286.45
11781,4688,253,2,146101.92
11782,4688,133,1,75132.07
11783,4688,254,1,100631.14
11784,4688,188,3,35013.84
11785,4689,137,1,134221.1
11786,4689,244,2,8123.81
11787,4689,151,3,137308.73
11788,4689,35,1,120078.64
11789,4690,308,3,70851.91
11790,4690,218,3,172588.85
11791,4691,50,2,196418.36
11792,4692,211,2,4061.75
11793,4693,297,1,67730.03
11794,4693,188,1,35013.84
11795,4693,37,1,46157.25
11796,4693,203,1,160317.19
11797,4694,331,1,137555.3
11798,4695,107,3,33391.06
11799,4695,307,2,50519.78
11800,4695,324,1,88809.05
11801,4696,167,2,17448.92
11802,4696,52,2,193193.24
11803,4696,99,1,67013.23
11804,4696,82,1,102874.79
11805,4697,46,2,118724.75
11806,4697,278,3,146503.31
11807,4697,110,3,49497.28
11808,4697,281,1,89826.4
11809,4698,203,3,160317.19
11810,4698,397,3,37758.94
11811,4698,51,1,93241.8
11812,4699,102,3,96364.66
11813,4699,121,2,72624.12
11814,4700,128,1,173129.42
11815,4700,81,2,10899.5
11816,4700,59,1,161932.27
11817,4701,10,3,228921.75
11818,4701,212,1,167662.05
11819,4702,173,2,47377.77
11820,4702,110,2,49497.28
11821,4702,375,2,31576.35
11822,4702,370,1,29783.24
11823,4703,268,2,163510.92
11824,4703,160,2,116411.44
11825,4704,67,2,97379.9
11826,4705,145,1,163994.77
11827,4706,341,2,152978.48
11828,4706,113,3,195996.61
11829,4707,213,1,16785.14
11830,4707,97,1,124701.15
11831,4707,67,1,97379.9
11832,4708,296,2,68855.2
11833,4709,342,3,176733.9
11834,4710,75,1,109608.7
11835,4711,287,2,22255.08
11836,4711,178,1,202498.25
11837,4711,108,1,227064.66
11838,4712,349,2,20709.51
11839,4712,43,1,114531.37
11840,4712,234,3,134417.8
11841,4713,222,2,15887.34
11842,4713,142,2,85943.57
11843,4714,65,3,189259.53
11844,4714,366,1,135643.25
11845,4714,162,3,52286.3
11846,4714,206,2,126816.6
11847,4715,338,1,90146.38
11848,4716,301,1,112144.59
11849,4716,229,1,20447.16
11850,4717,210,3,97334.98
11851,4717,37,1,46157.25
11852,4718,342,2,176733.9
11853,4719,381,1,176980.96
11854,4719,366,1,135643.25
11855,4719,25,3,56365.36
11856,4719,246,1,155067.32
11857,4720,61,1,189942.13
11858,4720,155,3,48337.64
11859,4720,393,3,22998.42
11860,4720,175,1,48836.92
11861,4721,291,2,103671.46
11862,4722,234,3,134417.8
11863,4723,211,1,4061.75
11864,4723,397,1,37758.94
11865,4723,396,3,103196.96
11866,4724,42,1,122256.45
11867,4724,115,1,58008.8
11868,4725,68,1,2885.59
11869,4725,20,3,182631.87
11870,4725,179,1,72910.11
11871,4725,135,2,63733.13
11872,4726,248,2,181994.22
11873,4727,48,3,132286.45
11874,4727,98,2,185562.02
11875,4728,36,3,33385.5
11876,4729,308,3,70851.91
11877,4730,379,3,193559.0
11878,4730,356,1,193708.01
11879,4730,214,2,146526.82
11880,4730,251,3,107136.01
11881,4731,75,1,109608.7
11882,4731,37,3,46157.25
11883,4731,72,1,123267.08
11884,4732,339,2,10393.21
11885,4732,17,1,187307.96
11886,4732,368,3,209350.37
11887,4733,239,2,91749.05
11888,4733,377,3,127215.62
11889,4733,190,3,-1000.0
11890,4734,252,2,186098.96
11891,4734,299,1,203148.18
11892,4734,352,1,195040.51
11893,4735,62,1,47437.51
11894,4736,360,2,24260.58
11895,4736,85,1,114181.68
11896,4736,168,3,81218.81
11897,4737,223,2,133823.09
11898,4738,203,3,160317.19
11899,4739,89,3,200852.0
11900,4739,234,1,134417.8
11901,4739,357,3,175127.82
11902,4740,3,2,7526.8
11903,4740,195,2,92189.19
11904,4740,268,3,163510.92
11905,4740,276,3,23971.0
11906,4741,303,2,80733.63
11907,4741,130,2,169159.49
11908,4741,216,2,65676.87
11909,4742,253,3,146101.92
11910,4743,132,3,111446.24
11911,4743,358,1,178348.09
11912,4743,69,2,4305.21
11913,4743,318,3,57516.99
11914,4744,29,2,63287.15
11915,4745,340,2,165052.47
11916,4745,2,2,149267.73
11917,4745,193,1,83074.26
11918,4745,301,3,112144.59
11919,4746,162,3,52286.3
11920,4746,160,2,116411.44
11921,4746,178,1,202498.25
11922,4747,148,2,206362.87
11923,4748,368,2,209350.37
11924,4748,342,3,176733.9
11925,4748,340,2,165052.47
11926,4749,216,1,65676.87
11927,4749,85,2,114181.68
11928,4750,197,1,155218.93
11929,4750,240,3,37718.61
11930,4750,142,2,85943.57
11931,4750,30,3,37942.17
11932,4751,370,1,29783.24
11933,4751,374,1,12526.67
11934,4751,399,2,117465.54
11935,4752,230,1,99627.55
11936,4752,57,1,131451.16
11937,4752,297,3,67730.03
11938,4752,78,2,197988.01
11939,4753,283,3,89092.71
11940,4754,25,2,56365.36
11941,4754,298,3,22913.44
11942,4755,389,3,223901.84
11943,4755,316,1,3769.9
11944,4756,57,1,131451.16
11945,4756,53,1,178807.02
11946,4756,89,3,200852.0
11947,4757,304,2,161992.8
11948,4757,370,1,29783.24
11949,4757,203,2,160317.19
11950,4758,17,2,187307.96
11951,4758,293,3,115807.73
11952,4758,81,3,10899.5
11953,4759,48,2,132286.45
11954,4759,41,1,77155.11
11955,4759,105,2,171327.72
11956,4759,285,3,36376.55
11957,4760,164,3,73095.05
11958,4761,328,1,28340.81
11959,4761,240,1,37718.61
11960,4761,30,3,37942.17
11961,4762,385,2,237554.64
11962,4762,233,2,208635.04
11963,4762,295,1,154948.76
11964,4763,22,3,150862.55
11965,4763,37,1,46157.25
11966,4764,266,2,154737.92
11967,4764,370,2,29783.24
11968,4764,40,2,244240.57
11969,4764,285,0,36376.55
11970,4765,379,3,193559.0
11971,4765,91,3,102944.04
11972,4765,362,1,14481.09
11973,4765,90,1,223688.38
11974,4766,19,3,146352.25
11975,4766,255,3,120947.33
11976,4766,230,1,99627.55
11977,4766,299,3,203148.18
11978,4767,115,1,58008.8
11979,4767,255,1,120947.33
11980,4767,345,3,3634.44
11981,4767,14,1,89932.3
11982,4768,61,3,189942.13
11983,4769,266,2,154737.92
11984,4769,150,2,180012.96
11985,4769,310,1,170497.76
11986,4770,337,3,139826.06
11987,4770,152,3,184290.03
11988,4770,135,3,63733.13
11989,4770,190,1,-1000.0
11990,4771,341,3,152978.48
11991,4771,377,2,127215.62
11992,4772,260,3,213378.12
11993,4773,152,3,184290.03
11994,4773,399,2,117465.54
11995,4773,373,1,38418.12
11996,4774,216,1,65676.87
11997,4774,397,2,37758.94
11998,4774,88,1,101192.35
11999,4775,20,1,182631.87
12000,4775,270,3,94124.72
12001,4776,383,2,183812.28
12002,4776,50,1,196418.36
12003,4776,154,3,211291.85
12004,4776,366,2,135643.25
12005,4777,351,1,221689.4
12006,4777,243,0,37577.05
12007,4778,358,1,178348.09
12008,4778,45,3,139853.99
12009,4779,330,3,53581.46
12010,4779,139,1,95013.28
12011,4779,9,1,216809.67
12012,4779,270,3,94124.72
12013,4780,322,1,130758.24
12014,4781,200,1,133017.26
12015,4781,147,2,46179.06
12016,4781,104,1,59275.63
12017,4782,305,2,198015.99
12018,4783,148,3,206362.87
12019,4783,83,2,227727.93
12020,4783,118,1,88084.04
12021,4783,162,1,52286.3
12022,4784,118,2,88084.04
12023,4784,233,3,208635.04
12024,4784,305,2,198015.99
12025,4785,167,3,17448.92
12026,4785,161,2,98450.34
12027,4785,364,2,65746.32
12028,4786,238,2,16422.19
12029,4786,364,3,65746.32
12030,4786,68,2,2885.59
12031,4787,332,1,247371.04
12032,4787,287,1,22255.08
12033,4787,139,3,95013.28
12034,4787,174,2,117478.08
12035,4788,22,1,150862.55
12036,4788,172,3,156618.46
12037,4788,314,1,53745.02
12038,4788,179,1,72910.11
12039,4789,387,3,60812.16
12040,4789,50,3,196418.36
12041,4790,177,1,68966.65
12042,4790,182,1,35037.64
12043,4790,226,3,102863.17
12044,4791,345,2,3634.44
12045,4792,97,3,124701.15
12046,4793,358,1,178348.09
12047,4793,63,2,159567.98
12048,4793,84,2,42005.69
12049,4794,168,1,81218.81
12050,4794,181,3,166139.86
12051,4794,376,3,204960.25
12052,4794,276,3,23971.0
12053,4795,319,3,38726.82
12054,4795,285,2,36376.55
12055,4795,26,1,38469.74
12056,4795,57,2,131451.16
12057,4796,12,3,25200.8
12058,4796,295,1,154948.76
12059,4796,276,3,23971.0
12060,4796,357,2,175127.82
12061,4797,61,3,189942.13
12062,4798,89,3,200852.0
12063,4799,73,3,226665.36
12064,4800,265,3,39650.36
12065,4801,362,2,14481.09
12066,4802,53,3,178807.02
12067,4803,3,3,7526.8
12068,4803,200,2,133017.26
12069,4803,76,2,105147.62
12070,4804,377,2,127215.62
12071,4804,324,3,88809.05
12072,4804,343,3,55072.92
12073,4804,345,3,3634.44
12074,4805,309,2,108356.35
12075,4805,396,3,103196.96
12076,4805,193,2,83074.26
12077,4806,93,1,85322.12
12078,4806,178,2,202498.25
12079,4806,243,1,37577.05
12080,4806,17,2,187307.96
12081,4807,98,2,185562.02
12082,4808,156,2,100447.5
12083,4809,303,1,80733.63
12084,4809,156,2,100447.5
12085,4809,214,1,146526.82
12086,4809,282,1,44757.51
12087,4810,25,1,56365.36
12088,4810,82,1,102874.79
12089,4811,337,1,139826.06
12090,4811,262,1,111472.85
12091,4812,262,3,111472.85
12092,4813,30,2,37942.17
12093,4813,100,3,196105.0
12094,4813,308,2,70851.91
12095,4814,254,2,100631.14
12096,4814,309,1,108356.35
12097,4815,88,1,101192.35
12098,4815,141,1,88692.92
12099,4815,389,2,223901.84
12100,4815,36,3,33385.5
12101,4816,69,3,4305.21
12102,4816,102,3,96364.66
12103,4816,28,3,98230.78
12104,4817,219,1,194332.13
12105,4817,307,2,50519.78
12106,4817,324,2,88809.05
12107,4818,156,1,100447.5
12108,4818,322,1,130758.24
12109,4818,321,1,157890.36
12110,4819,291,2,103671.46
12111,4820,160,1,116411.44
12112,4820,155,0,48337.64
12113,4820,399,3,117465.54
12114,4820,81,3,10899.5
12115,4821,110,2,49497.28
12116,4822,121,2,72624.12
12117,4823,6,2,136605.61
12118,4823,310,3,170497.76
12119,4824,301,3,112144.59
12120,4824,160,2,116411.44
12121,4824,174,2,117478.08
12122,4824,296,1,68855.2
12123,4825,395,1,124226.7
12124,4825,45,1,139853.99
12125,4825,289,1,93894.4
12126,4826,328,2,28340.81
12127,4826,148,1,206362.87
12128,4826,96,3,65773.58
12129,4827,45,3,139853.99
12130,4827,246,1,155067.32
12131,4828,150,2,180012.96
12132,4828,246,3,155067.32
12133,4828,259,3,267553.37
12134,4829,157,3,91158.49
12135,4829,265,2,39650.36
12136,4829,322,1,130758.24
12137,4829,162,1,52286.3
12138,4830,251,1,107136.01
12139,4831,125,2,191668.58
12140,4831,198,3,169603.47
12141,4831,313,2,-1000.0
12142,4832,57,1,131451.16
12143,4832,302,1,127736.26
12144,4832,349,1,20709.51
12145,4833,253,2,146101.92
12146,4833,340,1,165052.47
12147,4834,161,2,98450.34
12148,4834,137,3,134221.1
12149,4834,210,3,97334.98
12150,4835,91,2,102944.04
12151,4835,262,2,111472.85
12152,4835,51,2,93241.8
12153,4836,310,1,170497.76
12154,4836,61,2,189942.13
12155,4837,381,2,176980.96
12156,4837,240,2,37718.61
12157,4838,118,2,88084.04
12158,4839,211,2,4061.75
12159,4839,41,3,77155.11
12160,4839,233,2,208635.04
12161,4839,151,3,137308.73
12162,4840,14,1,89932.3
12163,4840,329,1,174721.07
12164,4840,301,3,112144.59
12165,4840,172,1,156618.46
12166,4841,105,3,171327.72
12167,4841,224,1,180566.69
12168,4842,200,3,133017.26
12169,4843,62,1,47437.51
12170,4844,183,1,182249.1
12171,4844,275,3,196237.01
12172,4844,157,1,91158.49
12173,4844,20,3,182631.87
12174,4845,97,3,124701.15
12175,4846,181,1,166139.86
12176,4846,187,2,48772.65
12177,4846,19,2,146352.25
12178,4846,204,3,188978.74
12179,4847,72,1,123267.08
12180,4847,378,2,257676.08
12181,4848,174,1,117478.08
12182,4848,135,1,63733.13
12183,4849,183,1,182249.1
12184,4849,310,3,170497.76
12185,4849,130,1,169159.49
12186,4849,84,2,42005.69
12187,4850,307,1,50519.78
12188,4850,332,1,247371.04
12189,4850,139,3,95013.28
12190,4851,318,2,57516.99
12191,4851,22,3,150862.55
12192,4851,267,1,123814.11
12193,4852,270,2,94124.72
12194,4852,211,2,4061.75
12195,4853,260,1,213378.12
12196,4854,100,1,196105.0
12197,4854,362,2,14481.09
12198,4854,265,3,39650.36
12199,4855,161,1,98450.34
12200,4856,152,1,184290.03
12201,4856,118,1,88084.04
12202,4857,283,2,89092.71
12203,4857,3,2,7526.8
12204,4858,380,2,129190.02
12205,4859,261,2,79486.07
12206,4859,385,2,237554.64
12207,4859,243,2,37577.05
12208,4860,168,3,81218.81
12209,4861,188,3,35013.84
12210,4861,87,1,45719.31
12211,4861,161,2,98450.34
12212,4861,306,1,17520.5
12213,4862,342,2,176733.9
12214,4862,145,0,163994.77
12215,4863,312,3,213856.86
12216,4863,100,1,196105.0
12217,4863,310,3,170497.76
12218,4864,341,3,152978.48
12219,4864,297,2,67730.03
12220,4865,204,2,188978.74
12221,4865,372,2,129635.61
12222,4866,141,2,88692.92
12223,4866,229,2,20447.16
12224,4866,248,2,181994.22
12225,4867,183,2,182249.1
12226,4868,213,1,16785.14
12227,4869,99,2,67013.23
12228,4869,229,2,20447.16
12229,4870,177,1,68966.65
12230,4870,95,2,49700.64
12231,4870,321,2,157890.36
12232,4870,356,2,193708.01
12233,4871,2,3,149267.73
12234,4872,107,1,33391.06
12235,4873,271,1,39127.12
12236,4873,272,1,62763.18
12237,4874,108,2,227064.66
12238,4874,126,1,176896.18
12239,4874,330,2,53581.46
12240,4874,159,1,77121.65
12241,4875,62,2,47437.51
12242,4875,23,2,113409.53
12243,4875,336,1,223256.52
12244,4876,202,3,161677.95
12245,4876,377,1,127215.62
12246,4876,393,3,22998.42
12247,4877,365,2,116653.08
12248,4877,26,3,38469.74
12249,4877,45,3,139853.99
12250,4877,308,1,70851.91
12251,4878,121,2,72624.12
12252,4878,157,3,91158.49
12253,4878,141,3,88692.92
12254,4879,99,2,67013.23
12255,4879,267,1,123814.11
12256,4879,82,3,102874.79
12257,4879,143,3,187703.44
12258,4880,328,3,28340.81
12259,4881,278,3,146503.31
12260,4881,306,1,17520.5
12261,4882,251,1,107136.01
12262,4882,242,3,51496.32
12263,4882,368,0,209350.37
12264,4883,69,1,4305.21
12265,4883,83,1,227727.93
12266,4883,224,1,180566.69
12267,4883,9,3,216809.67
12268,4884,360,3,24260.58
12269,4884,376,2,204960.25
12270,4885,148,3,206362.87
12271,4885,202,1,161677.95
12272,4885,110,2,49497.28
12273,4886,203,2,160317.19
12274,4886,299,2,203148.18
12275,4887,299,1,203148.18
12276,4887,236,2,182898.47
12277,4887,230,2,99627.55
12278,4887,128,2,173129.42
12279,4888,59,1,161932.27
12280,4889,268,1,163510.92
12281,4890,160,1,116411.44
12282,4890,178,3,202498.25
12283,4890,142,3,85943.57
12284,4891,198,3,169603.47
12285,4891,370,3,29783.24
12286,4891,270,1,94124.72
12287,4892,357,2,175127.82
12288,4892,309,3,108356.35
12289,4892,334,1,146758.91
12290,4892,83,1,227727.93
12291,4893,67,1,97379.9
12292,4894,385,3,237554.64
12293,4894,373,2,38418.12
12294,4894,177,3,68966.65
12295,4895,28,2,98230.78
12296,4895,239,1,91749.05
12297,4895,325,2,76663.93
12298,4896,67,1,97379.9
12299,4897,301,3,112144.59
12300,4898,268,2,163510.92
12301,4898,211,2,4061.75
12302,4899,113,2,195996.61
12303,4900,368,1,209350.37
12304,4900,356,2,193708.01
12305,4901,135,3,63733.13
12306,4901,370,2,29783.24
12307,4901,155,1,48337.64
12308,4902,195,1,92189.19
12309,4902,2,1,149267.73
12310,4902,351,2,221689.4
12311,4902,242,2,51496.32
12312,4903,167,2,17448.92
12313,4903,164,3,73095.05
12314,4903,168,2,81218.81
12315,4903,228,1,51706.06
12316,4904,226,2,102863.17
12317,4904,368,1,209350.37
12318,4904,302,1,127736.26
12319,4905,380,2,129190.02
12320,4905,368,1,209350.37
12321,4905,332,1,247371.04
12322,4905,228,1,51706.06
12323,4906,130,1,169159.49
12324,4906,234,1,134417.8
12325,4906,360,1,24260.58
12326,4906,255,3,120947.33
12327,4907,250,1,198609.8
12328,4907,296,3,68855.2
12329,4907,113,2,195996.61
12330,4908,226,2,102863.17
12331,4908,192,1,43441.24
12332,4908,257,1,7609.62
12333,4909,246,1,155067.32
12334,4909,289,2,93894.4
12335,4909,151,3,137308.73
12336,4910,302,3,127736.26
12337,4911,315,1,92353.85
12338,4911,159,2,77121.65
12339,4911,278,2,146503.31
12340,4912,26,3,38469.74
12341,4913,316,2,3769.9
12342,4913,322,3,130758.24
12343,4913,10,1,228921.75
12344,4913,387,2,60812.16
12345,4914,251,3,107136.01
12346,4914,178,2,202498.25
12347,4914,358,2,178348.09
12348,4914,248,3,181994.22
12349,4915,96,1,65773.58
12350,4915,37,2,46157.25
12351,4915,230,1,99627.55
12352,4915,389,3,223901.84
12353,4916,370,2,29783.24
12354,4916,294,3,193211.61
12355,4916,253,1,146101.92
12356,4916,82,3,102874.79
12357,4917,62,3,47437.51
12358,4917,90,2,223688.38
12359,4918,183,2,182249.1
12360,4918,142,1,85943.57
12361,4918,151,2,137308.73
12362,4919,272,3,62763.18
12363,4919,332,2,247371.04
12364,4919,47,2,152134.58
12365,4920,130,1,169159.49
12366,4920,319,3,38726.82
12367,4920,322,1,130758.24
12368,4921,380,3,129190.02
12369,4921,218,2,172588.85
12370,4921,12,1,25200.8
12371,4921,304,2,161992.8
12372,4922,320,3,172820.69
12373,4922,108,2,227064.66
12374,4922,66,2,185456.68
12375,4923,141,3,88692.92
12376,4923,118,1,88084.04
12377,4923,99,1,67013.23
12378,4923,236,1,182898.47
12379,4924,157,1,91158.49
12380,4924,6,3,136605.61
12381,4924,151,3,137308.73
12382,4925,148,3,206362.87
12383,4925,70,2,92203.48
12384,4925,396,1,103196.96
12385,4925,332,3,247371.04
12386,4926,338,2,90146.38
12387,4926,265,1,39650.36
12388,4926,231,2,169920.09
12389,4927,281,1,89826.4
12390,4927,261,3,79486.07
12391,4928,87,1,45719.31
12392,4928,306,2,17520.5
12393,4929,212,1,167662.05
12394,4929,345,1,3634.44
12395,4930,89,2,200852.0
12396,4930,328,1,28340.81
12397,4930,332,3,247371.04
12398,4930,329,3,174721.07
12399,4931,100,1,196105.0
12400,4931,375,1,31576.35
12401,4931,367,3,228694.37
12402,4931,14,3,89932.3
12403,4932,42,2,122256.45
12404,4932,298,1,22913.44
12405,4932,304,3,161992.8
12406,4932,152,1,184290.03
12407,4933,148,1,206362.87
12408,4933,229,1,20447.16
12409,4933,204,1,188978.74
12410,4933,167,2,17448.92
12411,4934,218,3,172588.85
12412,4934,100,2,196105.0
12413,4934,110,2,49497.28
12414,4935,362,1,14481.09
12415,4936,322,2,130758.24
12416,4936,242,2,51496.32
12417,4937,253,3,146101.92
12418,4938,259,1,267553.37
12419,4938,222,3,15887.34
12420,4939,312,3,213856.86
12421,4939,173,2,47377.77
12422,4939,28,1,98230.78
12423,4940,14,2,89932.3
12424,4940,357,2,175127.82
12425,4940,183,3,182249.1
12426,4940,145,1,163994.77
12427,4941,121,2,72624.12
12428,4942,69,2,4305.21
12429,4942,389,3,223901.84
12430,4943,86,1,31662.6
12431,4944,305,0,198015.99
12432,4944,332,3,247371.04
12433,4944,304,3,161992.8
12434,4944,62,1,47437.51
12435,4945,276,3,23971.0
12436,4945,297,0,67730.03
12437,4945,372,3,129635.61
12438,4945,242,2,51496.32
12439,4946,267,2,123814.11
12440,4947,110,3,49497.28
12441,4947,296,2,68855.2
12442,4947,372,1,129635.61
12443,4948,295,3,154948.76
12444,4948,177,1,68966.65
12445,4949,243,2,37577.05
12446,4949,118,2,88084.04
12447,4950,387,3,60812.16
12448,4951,282,3,44757.51
12449,4951,47,1,152134.58
12450,4951,62,3,47437.51
12451,4952,368,3,209350.37
12452,4953,341,3,152978.48
12453,4954,195,1,92189.19
12454,4954,179,2,72910.11
12455,4954,239,3,91749.05
12456,4955,160,1,116411.44
12457,4955,36,3,33385.5
12458,4956,96,1,65773.58
12459,4956,164,3,73095.05
12460,4956,282,2,44757.51
12461,4957,202,3,161677.95
12462,4957,169,3,94973.51
12463,4957,51,2,93241.8
12464,4957,52,3,193193.24
12465,4958,31,2,213222.88
12466,4958,125,2,191668.58
12467,4958,353,1,89374.69
12468,4959,61,3,189942.13
12469,4959,378,2,257676.08
12470,4960,202,1,161677.95
12471,4960,242,2,51496.32
12472,4960,330,1,53581.46
12473,4961,238,2,16422.19
12474,4961,32,2,129254.32
12475,4961,178,3,202498.25
12476,4961,360,2,24260.58
12477,4962,257,2,7609.62
12478,4962,303,1,80733.63
12479,4962,393,1,22998.42
12480,4962,236,2,182898.47
12481,4963,328,1,28340.81
12482,4964,195,3,92189.19
12483,4964,51,1,93241.8
12484,4964,274,1,54686.32
12485,4965,38,1,108041.96
12486,4965,279,1,31093.62
12487,4965,306,1,17520.5
12488,4965,267,2,123814.11
12489,4966,341,2,152978.48
12490,4966,278,1,146503.31
12491,4967,142,2,85943.57
12492,4967,98,1,185562.02
12493,4967,4,2,114946.67
12494,4968,50,1,196418.36
12495,4968,10,3,228921.75
12496,4968,45,2,139853.99
12497,4969,316,3,3769.9
12498,4969,386,0,80116.96
12499,4969,377,2,127215.62
12500,4970,226,2,102863.17
12501,4970,210,3,97334.98
12502,4970,56,3,153085.38
12503,4970,370,2,29783.24
12504,4971,327,2,93962.55
12505,4971,380,1,129190.02
12506,4971,97,3,124701.15
12507,4972,133,1,75132.07
12508,4972,262,1,111472.85
12509,4972,334,2,146758.91
12510,4972,377,1,127215.62
12511,4973,299,3,203148.18
12512,4973,190,1,-1000.0
12513,4973,125,1,191668.58
12514,4974,320,1,172820.69
12515,4974,157,1,91158.49
12516,4974,57,1,131451.16
12517,4974,387,1,60812.16
12518,4975,182,2,35037.64
12519,4976,310,1,170497.76
12520,4977,251,2,107136.01
12521,4977,244,3,8123.81
12522,4977,94,1,211083.87
12523,4977,279,1,31093.62
12524,4978,328,1,28340.81
12525,4978,120,3,146292.08
12526,4978,162,2,52286.3
12527,4979,94,1,211083.87
12528,4979,33,2,28473.0
12529,4979,210,3,97334.98
12530,4979,148,1,206362.87
12531,4980,167,1,17448.92
12532,4980,83,2,227727.93
12533,4980,125,1,191668.58
12534,4980,321,3,157890.36
12535,4981,59,1,161932.27
12536,4981,214,2,146526.82
12537,4981,78,2,197988.01
12538,4982,125,2,191668.58
12539,4982,218,2,172588.85
12540,4982,329,2,174721.07
12541,4983,379,1,193559.0
12542,4984,32,2,129254.32
12543,4985,268,2,163510.92
12544,4985,55,3,63638.65
12545,4985,388,2,256305.09
12546,4986,190,2,-1000.0
12547,4986,95,2,49700.64
12548,4986,157,2,91158.49
12549,4986,266,2,154737.92
12550,4987,233,2,208635.04
12551,4987,99,3,67013.23
12552,4987,47,1,152134.58
12553,4987,248,3,181994.22
12554,4988,342,1,176733.9
12555,4988,282,2,44757.51
12556,4988,107,1,33391.06
12557,4989,148,3,206362.87
12558,4989,323,3,27190.12
12559,4989,330,3,53581.46
12560,4990,210,3,97334.98
12561,4990,41,1,77155.11
12562,4990,315,1,92353.85
12563,4991,99,3,67013.23
12564,4991,135,2,63733.13
12565,4991,46,1,118724.75
12566,4992,264,3,92901.53
12567,4992,342,3,176733.9
12568,4992,26,1,38469.74
12569,4993,181,2,166139.86
12570,4994,145,2,163994.77
12571,4995,90,3,223688.38
12572,4996,278,2,146503.31
12573,4996,396,3,103196.96
12574,4996,347,1,137186.09
12575,4996,33,2,28473.0
12576,4997,285,2,36376.55
12577,4997,213,3,16785.14
12578,4998,110,1,49497.28
12579,4998,65,3,189259.53
12580,4998,173,3,47377.77
12581,4999,190,2,-1000.0
12582,4999,125,2,191668.58
12583,5000,309,2,108356.35
12584,5000,126,3,176896.18
12585,5000,295,2,154948.76
12586,5000,271,3,39127.12
